Model,ROC_AUC,PR_AUC,Precision@10%,Accuracy,F1_Score,Threshold
Autoencoder,0.9590231113929231,0.9476198505389339,0.9626082991336069,0.8557946566973649,0.857861861322069,0.047275726
