reconstruction_error,true_label,predicted_label
0.22583671,1,1
0.18013759,1,1
0.0015607661,0,0
0.044083893,1,1
0.121043086,1,1
0.00046075394,0,0
0.054805767,0,1
0.1612868,1,1
0.00066643144,0,0
0.9335526,1,1
0.034425925,1,0
0.01912259,0,0
0.16891323,1,1
0.3187925,1,1
0.080844365,0,1
0.00047474162,0,0
0.000336436,0,0
0.0003317497,0,0
0.032858457,0,0
0.19864708,1,1
0.105386674,1,1
0.28177336,1,1
0.00026320227,0,0
0.00032972658,0,0
0.22618757,1,1
0.3942026,1,1
0.0009115317,0,0
0.00025403855,0,0
0.3814961,1,1
0.038986184,0,0
0.2622078,1,1
0.0011000244,0,0
0.00079303264,0,0
0.028795067,0,0
0.87954825,1,1
0.1983628,1,1
0.00024223677,0,0
0.16117178,1,1
0.0017268771,0,0
0.0025552409,0,0
0.3817361,1,1
0.00051072176,0,0
0.0009585626,0,0
0.0008379351,0,0
0.22229853,1,1
0.00035971816,0,0
0.53828853,1,1
0.026325505,1,0
0.34659094,1,1
0.008478244,0,0
0.0011837742,0,0
0.0021125427,0,0
0.19849247,1,1
0.21680841,1,1
0.04578916,1,1
0.0003680573,0,0
0.23561834,1,1
0.008431428,1,0
0.05633128,1,1
0.0002494702,0,0
0.0014229158,1,0
0.0067045335,1,0
0.0006242919,0,0
0.00051964493,0,0
0.7349642,1,1
0.00041314954,0,0
0.15407336,1,1
0.14863971,1,1
0.39413783,1,1
0.0002798708,0,0
0.21241727,1,1
0.001847408,0,0
0.00038778005,0,0
0.00091405713,0,0
0.36350808,1,1
0.00047163107,0,0
0.00027877823,0,0
0.0331169,1,0
0.0003921549,0,0
0.00033998702,0,0
0.24841364,1,1
0.2318328,1,1
0.43791282,1,1
0.000614594,0,0
0.00035834813,0,0
0.0004024014,0,0
0.10430284,1,1
0.20890343,1,1
0.00028408016,0,0
0.0020806773,0,0
0.00034775195,0,0
0.00024927262,0,0
0.1613288,1,1
0.13834888,1,1
0.001433031,1,0
0.0028066172,0,0
0.00023043272,0,0
0.0010219091,0,0
0.44017136,1,1
0.1910125,1,1
0.990151,1,1
0.9842132,1,1
0.22171643,1,1
0.14467746,1,1
0.0031483981,0,0
0.23209883,1,1
5.0184693,1,1
0.00028344593,0,0
0.15589842,1,1
0.00045857375,0,0
0.0018577138,0,0
0.2200215,1,1
0.03294461,1,0
0.03515734,1,0
0.00036059355,0,0
0.46120372,1,1
0.00023382842,0,0
0.023205047,1,0
0.36236155,1,1
0.006420348,1,0
0.00051495666,0,0
0.2227072,1,1
0.43758684,1,1
0.16108106,1,1
0.007080725,0,0
0.0016237466,0,0
0.16241321,1,1
0.2351393,1,1
0.0006466888,0,0
0.0017407209,0,0
0.0006515494,0,0
0.003991358,0,0
0.17952919,1,1
0.00022162608,0,0
0.1391326,1,1
0.00066072954,0,0
0.2071597,1,1
0.0065783095,1,0
0.14773397,1,1
0.00025168873,0,0
0.0004526155,0,0
0.0010609283,0,0
0.17098774,1,1
0.26242077,1,1
0.26051912,1,1
0.01988463,1,0
0.31136602,1,1
0.16149828,1,1
0.00023023173,0,0
0.11905975,1,1
0.38019285,1,1
0.41938916,1,1
0.61325043,1,1
0.008290063,1,0
0.000690302,0,0
0.25682217,1,1
0.15161708,1,1
0.23240575,1,1
0.372396,1,1
0.41748038,1,1
0.2702365,1,1
0.49095818,1,1
0.8624775,1,1
0.1873675,1,1
0.018597491,1,0
0.3323259,1,1
0.43282923,1,1
0.027546464,1,0
0.0005456326,0,0
0.3893249,1,1
0.058759972,1,1
0.0008954055,0,0
0.24473214,1,1
0.25777993,1,1
0.25910577,1,1
0.00088202534,0,0
0.9367639,1,1
0.8346702,1,1
0.09763385,1,1
0.03622743,0,0
0.054265417,1,1
0.0033482611,0,0
0.003850491,0,0
0.00028969956,0,0
0.0017463302,0,0
0.0013444348,1,0
0.18557005,1,1
0.18504822,1,1
0.0016233687,0,0
0.15823363,1,1
0.00022199641,0,0
0.05691347,1,1
0.21911547,1,1
0.001137171,0,0
0.00029915068,0,0
0.0012585097,0,0
0.014328753,0,0
1.0856645,1,1
0.37105685,1,1
0.0056404048,1,0
0.100900665,1,1
0.00035228126,0,0
0.20160545,1,1
0.00024796807,0,0
0.00027076207,0,0
0.83489066,1,1
0.3174596,1,1
0.27213097,1,1
0.00027511295,0,0
0.00026934143,0,0
0.21097802,1,1
0.0070024026,1,0
0.00087395066,0,0
0.00088374625,0,0
0.0072671524,0,0
0.01026802,1,0
0.00035809513,0,0
0.0058680447,0,0
0.0004944264,0,0
0.006729094,1,0
0.00031347206,0,0
0.000264825,0,0
0.008459262,0,0
0.20989367,1,1
0.0002719446,0,0
0.025671741,1,0
0.0005207656,0,0
0.41697693,1,1
0.0018063239,0,0
0.0005530263,0,0
0.04061419,0,0
0.13546419,1,1
0.0065694465,1,0
0.058838066,0,1
0.29177332,1,1
0.44489354,1,1
0.17265858,1,1
0.036047798,0,0
0.23124617,1,1
0.06643321,1,1
0.0020259952,0,0
0.003177468,0,0
0.10999518,1,1
0.1571437,1,1
0.36461744,1,1
0.0043025077,0,0
0.10911778,1,1
0.44132274,1,1
0.42301857,1,1
0.00037039258,0,0
0.0013446358,0,0
0.0016564465,0,0
0.0043042856,1,0
0.0038783348,0,0
0.4053878,1,1
0.9213512,1,1
0.31836402,1,1
0.0002303356,0,0
0.08228515,1,1
0.00029472884,0,0
0.0002892748,0,0
0.0020508252,1,0
0.00067223434,0,0
0.2551222,1,1
0.25975594,1,1
0.4989299,1,1
1.0190468,1,1
0.008056056,0,0
0.0009911883,0,0
0.06865018,1,1
0.29478958,1,1
0.00027515276,0,0
0.4264085,1,1
0.1194683,1,1
0.1620696,1,1
0.038101636,0,0
0.09580168,1,1
0.00027320485,0,0
0.13189021,1,1
0.20319708,1,1
0.006465701,0,0
0.0035935,1,0
0.006398062,1,0
0.28785506,1,1
0.46888202,1,1
0.00065013056,0,0
0.09866944,1,1
0.23075551,1,1
0.0032045296,0,0
0.2849885,1,1
0.000259873,0,0
0.23523688,1,1
0.12759484,1,1
0.003350946,0,0
0.00034455728,0,0
0.035357278,0,0
0.16086775,1,1
0.00125996,0,0
0.36373132,1,1
0.0018407725,0,0
0.21528107,1,1
0.013822701,1,0
0.006185756,0,0
0.013017146,1,0
0.008214546,0,0
0.0002313634,0,0
0.9482005,1,1
0.032711923,1,0
0.23048292,1,1
0.3941205,1,1
0.90486073,1,1
0.00072115904,0,0
0.034980766,0,0
0.00030007956,0,0
0.0024957114,0,0
0.20452549,1,1
0.0029783817,1,0
0.00028934644,0,0
0.14924036,1,1
0.00055250904,0,0
0.0009405858,0,0
0.0015325381,0,0
0.0002646818,0,0
0.16082656,1,1
0.00025886748,0,0
0.0068333424,1,0
0.026360134,1,0
0.1119849,1,1
0.19610769,1,1
0.24498402,1,1
0.21947566,1,1
0.45028257,0,1
0.20754482,1,1
0.01184604,0,0
0.13485228,1,1
0.00027464336,0,0
0.00025655425,0,0
0.03898625,0,0
0.22856233,1,1
0.27768642,1,1
0.20358223,1,1
0.15685448,1,1
0.00030059976,0,0
0.0017510497,0,0
0.025413161,1,0
0.0733705,1,1
0.15361014,1,1
0.58148,1,1
0.14671105,1,1
0.0032661234,0,0
0.4222452,1,1
0.16660646,1,1
0.006096391,1,0
0.00023373957,0,0
0.00079041504,0,0
0.0013104948,1,0
0.00026653527,0,0
0.0026961113,0,0
0.040614184,0,0
0.17240465,1,1
0.0002661816,0,0
0.00022378353,0,0
0.14889586,1,1
0.00035749061,0,0
0.000243055,0,0
0.0051549715,0,0
0.035010774,0,0
0.5986081,1,1
0.0004052702,0,0
0.00677597,1,0
0.00075650384,0,0
0.2410047,1,1
0.027213953,1,0
0.0066634263,0,0
0.0002648001,0,0
0.15734026,1,1
0.16130865,1,1
0.0043721516,1,0
0.23957197,1,1
0.00033216827,0,0
0.00022854027,0,0
0.1649485,1,1
0.36480436,1,1
0.18639605,1,1
0.6241361,0,1
0.0018772712,0,0
0.2787758,1,1
0.0031539155,0,0
0.005421861,0,0
0.009376501,0,0
0.21414617,1,1
0.0003735498,0,0
0.26480007,1,1
0.81685096,1,1
0.00024444284,0,0
0.0007180524,0,0
0.0074531226,1,0
0.0009068943,0,0
0.00044003237,0,0
0.034640886,0,0
0.37885088,1,1
0.0004459616,0,0
0.00950883,1,0
0.21505153,1,1
0.0005585393,0,0
0.2407538,1,1
0.00030769125,0,0
0.0067428793,1,0
0.06762441,1,1
0.3780537,1,1
0.00023216264,0,0
0.3503498,1,1
0.038380615,0,0
0.9397303,1,1
0.00027511737,0,0
0.00058099866,0,0
0.024774773,1,0
0.39916086,1,1
0.0023722837,1,0
0.0017472422,0,0
0.34212646,1,1
0.0003624317,0,0
0.00028117554,0,0
0.1516868,1,1
0.0036126296,0,0
0.00589871,0,0
0.1879686,1,1
0.17746519,0,1
0.2310291,1,1
0.022845024,1,0
0.21876973,1,1
0.00026230467,0,0
0.011991416,1,0
3.6455662,0,1
0.3352754,1,1
0.00026689103,0,0
0.00029525842,0,0
0.9258463,1,1
0.015052708,0,0
0.0011982783,1,0
0.00027506897,0,0
0.0002353691,0,0
0.00047380346,0,0
0.00044090688,0,0
0.023245947,1,0
0.0005636286,0,0
0.0020094286,0,0
0.0003080639,0,0
0.0068101664,1,0
0.49947605,1,1
0.13826533,1,1
0.17839232,1,1
0.22211501,1,1
0.023311976,0,0
0.001964344,0,0
0.000588729,0,0
0.9603452,1,1
0.43472847,1,1
0.1977122,1,1
0.06896316,1,1
0.00042841877,0,0
0.37491125,1,1
0.00047863703,0,0
0.0003987993,0,0
0.13486248,1,1
0.96885794,1,1
0.00029496185,0,0
0.00027399903,0,0
0.00051897985,0,0
0.00826802,0,0
0.24414293,1,1
0.16616948,1,1
0.0012229416,1,0
0.024971189,1,0
0.0002560194,0,0
0.0004274517,0,0
0.2907893,0,1
0.035929848,0,0
0.09512324,1,1
0.0007143833,0,0
0.0005394693,0,0
0.0062491572,1,0
0.2615998,1,1
0.00024764476,0,0
0.5022975,1,1
0.030948604,1,0
0.08523318,1,1
0.02061417,0,0
0.066459104,1,1
0.0023865448,0,0
0.0003727792,0,0
0.00044805094,0,0
0.23335797,1,1
0.29882094,1,1
0.34974825,1,1
0.02940961,0,0
0.03634455,1,0
0.0017802598,0,0
0.42041895,1,1
0.0018213311,0,0
0.032445222,0,0
0.37743577,1,1
0.1409764,1,1
0.17246069,1,1
0.025442591,1,0
0.14263506,1,1
0.00031373536,0,0
0.12660085,1,1
0.13510107,1,1
0.006283478,1,0
0.00034998383,0,0
0.010717075,0,0
0.10525045,1,1
0.00677597,1,0
0.023228861,1,0
0.027128095,1,0
0.036425468,1,0
0.22631048,1,1
0.0005879729,0,0
0.2454674,1,1
0.17158882,1,1
0.0018568372,0,0
0.00032067363,0,0
0.014442102,0,0
0.0063256365,1,0
0.018398609,1,0
0.33225054,1,1
0.00035147165,0,0
0.0042411247,1,0
0.0013389671,0,0
0.15646757,1,1
0.13532282,1,1
0.15487388,1,1
0.0022828097,0,0
0.052826393,1,1
0.16833748,1,1
0.002113924,0,0
0.00053519633,0,0
0.003270139,0,0
0.00026144847,0,0
0.0002581047,0,0
0.16216461,1,1
0.00063258776,0,0
0.00024732953,0,0
0.00051579037,0,0
0.0060140425,1,0
0.001416513,0,0
0.23990494,1,1
0.012698011,1,0
0.00028465182,0,0
0.00022276957,0,0
0.24361382,1,1
0.22657402,1,1
0.0017750029,0,0
0.0003234562,0,0
0.037307058,0,0
0.0010971141,0,0
0.1900343,1,1
0.0005728278,0,0
0.0019819497,0,0
0.00026646105,0,0
0.0018408179,0,0
0.30688676,1,1
0.043009683,1,1
0.19516836,1,1
0.37563473,1,1
0.00027096298,0,0
0.001259551,0,0
0.32409397,1,1
0.044438533,0,1
0.0012170563,0,0
0.004553684,0,0
0.022520104,0,0
0.00039239842,0,0
0.007832654,1,0
0.00025681793,0,0
0.023654796,1,0
0.00084935274,0,0
0.0002500814,0,0
0.00045823125,0,0
0.0074860547,1,0
0.0002382963,0,0
0.2380085,1,1
0.36698672,1,1
0.0057835155,1,0
0.00024292375,0,0
0.09819694,1,1
1.1670295,1,1
0.20943865,1,1
0.006596379,1,0
0.23169912,1,1
0.23281337,1,1
0.00034573048,0,0
0.20713252,1,1
0.018242609,0,0
0.0010385513,0,0
0.009468687,0,0
0.45035437,1,1
0.96256137,0,1
0.18322127,1,1
0.008255523,1,0
0.46468404,1,1
0.0002237366,0,0
0.22034372,1,1
0.20970544,1,1
0.00048546965,0,0
0.2380932,1,1
0.0020240934,0,0
0.00556653,1,0
0.014425429,1,0
0.24215743,1,1
0.14829972,1,1
0.006488127,1,0
0.4351757,1,1
0.034916602,0,0
0.43453094,1,1
0.025259683,1,0
0.00058188685,0,0
0.054485913,1,1
0.0002540158,0,0
0.2642274,1,1
0.0010659602,0,0
0.006120416,1,0
0.22985786,1,1
0.2780791,1,1
0.14703178,1,1
0.003311685,0,0
0.17182915,1,1
0.13712919,1,1
0.055748258,1,1
0.2155982,1,1
0.0979063,1,1
0.0005060387,0,0
0.20235966,1,1
0.00069925457,0,0
0.38724533,1,1
0.16794634,1,1
0.18685047,1,1
0.00021771333,0,0
0.23019777,1,1
0.03592988,0,0
0.032415107,1,0
0.0016933972,1,0
0.2066636,1,1
0.9039506,1,1
0.08132917,0,1
0.43699372,1,1
0.10354772,1,1
0.00030675982,0,0
0.0006137644,0,0
0.1984376,1,1
0.08974221,1,1
0.0004937862,0,0
0.001589504,0,0
0.0005303939,0,0
0.0008395546,0,0
0.08284027,1,1
0.041801956,1,1
0.00037908106,0,0
0.00027072406,0,0
0.00047344607,0,0
0.0013071536,1,0
0.964308,1,1
0.0010482935,0,0
0.00024298142,0,0
0.008106274,0,0
0.21917908,1,1
0.49645215,1,1
0.00037046705,0,0
0.00082894677,0,0
0.015332828,1,0
0.037014518,1,0
0.052386437,0,1
0.014491159,0,0
0.0016397401,0,0
0.00033155276,0,0
0.038101662,0,0
0.050976615,1,1
0.00028102365,0,0
0.15809496,1,1
0.0050554895,0,0
0.00022017976,0,0
0.40639746,1,1
0.023664584,1,0
0.4555012,1,1
0.0065268716,1,0
0.1146048,1,1
0.23077057,1,1
0.0002623394,0,0
0.84755427,1,1
0.0011045266,0,0
0.21840633,1,1
0.00082502275,0,0
0.00039458778,0,0
0.00035463454,0,0
0.0019596156,1,0
0.3633968,1,1
0.07725252,0,1
0.10637745,1,1
0.0017378472,0,0
0.25635788,1,1
0.0066180355,1,0
0.16423333,1,1
0.021095444,0,0
0.00022671178,0,0
0.0012568809,0,0
0.43776697,1,1
0.00033995195,0,0
0.32756138,1,1
0.6852056,1,1
0.00022000294,0,0
0.00035585,0,0
0.8748849,1,1
0.21567014,1,1
0.39800152,1,1
0.21828066,1,1
0.005206992,0,0
0.43033233,1,1
0.19281714,1,1
0.0010779198,0,0
0.32062456,0,1
0.037696227,0,0
0.036793027,0,0
0.001350542,0,0
0.480394,1,1
0.027128115,1,0
0.042696998,1,1
0.27748027,1,1
0.0014267988,0,0
0.00022813889,0,0
0.0004636388,0,0
0.0073253256,1,0
0.006742844,1,0
0.0003261483,0,0
0.0024810454,0,0
0.9005401,1,1
0.0033940477,0,0
0.021398608,0,0
0.058755916,1,1
0.3487951,1,1
0.012012959,0,0
0.0057058884,1,0
0.02438595,1,0
0.0006368027,0,0
0.0002518395,0,0
0.0011497017,0,0
0.000233476,0,0
0.00040354894,0,0
0.16662142,1,1
0.0003070631,0,0
0.21195868,1,1
0.031345412,1,0
0.10197637,1,1
0.008078024,0,0
0.122920245,1,1
0.0002476766,0,0
0.0036485803,0,0
0.015177709,1,0
0.052751727,1,1
0.00025304174,0,0
0.00026302706,0,0
0.0065813027,1,0
0.0006019216,0,0
0.35225296,1,1
0.0016775122,0,0
0.047537796,1,1
0.22492293,1,1
0.0012564925,0,0
0.0020128714,0,0
0.09139537,1,1
0.47333968,1,1
0.0008886894,0,0
0.004067354,1,0
0.09733342,1,1
0.075916514,0,1
0.00045206366,0,0
0.00090984,0,0
0.17059924,1,1
0.23939389,1,1
0.0032728657,0,0
0.0058252863,0,0
0.15965027,1,1
0.47251102,1,1
0.00024999038,0,0
0.027079659,0,0
0.0003957384,0,0
0.0021470904,0,0
0.1949531,1,1
0.0016491328,0,0
0.16764702,1,1
0.6975496,1,1
0.0013953366,0,0
0.0069329543,1,0
0.0076274574,0,0
0.0005721133,0,0
0.00060851424,0,0
0.0016572275,1,0
0.0004040084,0,0
0.22039844,1,1
0.19220813,1,1
0.00043130328,0,0
0.1438698,1,1
0.00073723256,0,0
0.22797534,1,1
0.0002931803,0,0
0.07115266,1,1
0.0020315754,0,0
0.00024947073,0,0
0.041219145,1,1
0.29180595,1,1
0.2828296,1,1
0.022261184,0,0
0.030655881,1,0
0.00029546913,0,0
0.01245471,1,0
0.105457634,1,1
0.00034148103,0,0
0.0007576828,0,0
0.00093445036,0,0
0.00027506103,0,0
0.19423832,1,1
0.1719064,1,1
0.00026921768,0,0
0.0030227816,0,0
0.0005041074,0,0
0.26230872,1,1
0.00048431254,0,0
0.00025178006,0,0
0.4227541,1,1
0.15022953,1,1
0.00024349008,0,0
0.0012955067,0,0
0.0066490676,1,0
0.047383133,0,1
0.00028287375,0,0
0.27292988,1,1
0.0067739575,1,0
0.036116462,0,0
0.0028801018,0,0
0.032518312,1,0
0.25660592,1,1
0.0012024827,0,0
0.0020264294,0,0
0.22007051,1,1
0.16509096,1,1
0.2205439,1,1
0.00046047356,0,0
0.00043266272,0,0
0.032477252,1,0
0.00029353384,0,0
0.0014710088,0,0
0.20508222,1,1
0.0018080148,0,0
0.16346341,1,1
0.33758947,1,1
0.2076431,1,1
0.025867831,1,0
0.15322344,1,1
0.37661442,1,1
0.95191145,1,1
0.012883496,1,0
0.25120556,1,1
0.0351679,1,0
0.25639313,1,1
0.0064910688,0,0
0.23172379,1,1
0.0019626936,0,0
0.00031881232,0,0
0.3057508,1,1
0.0082783755,0,0
0.033435654,1,0
0.00026039832,0,0
0.15996863,1,1
0.0005304043,0,0
0.22813615,1,1
0.0032866197,0,0
0.0013606376,1,0
0.18788478,1,1
0.3699037,1,1
0.39698958,1,1
0.001184318,0,0
0.20337126,1,1
0.37302816,1,1
0.0027367603,0,0
0.00041386348,0,0
0.00028466553,0,0
0.50323653,1,1
0.331026,1,1
0.22334206,1,1
0.029222187,1,0
0.008198196,0,0
0.21709521,1,1
0.00049635203,0,0
0.8006362,1,1
0.0595952,1,1
0.2653363,1,1
0.20824043,1,1
0.25758776,1,1
0.0015616909,0,0
0.00072099763,0,0
0.041926667,1,1
0.15865871,1,1
0.00025806882,0,0
0.062894136,1,1
0.046175577,1,1
0.0021710477,0,0
0.0013712689,0,0
0.21525782,1,1
0.051960025,1,1
0.17697833,1,1
0.000300878,0,0
0.16449797,1,1
0.0006573516,0,0
0.0003971482,0,0
0.14131036,1,1
0.00062031415,0,0
0.0065717376,1,0
0.96032435,1,1
0.0015930701,0,0
0.2585508,1,1
0.009367666,1,0
0.011149573,0,0
0.28235516,1,1
0.006453475,1,0
0.0002747777,0,0
0.37046754,1,1
0.021349352,1,0
0.0013854266,1,0
0.95113593,1,1
0.00021169274,0,0
0.010606868,1,0
0.00073031697,0,0
0.012881624,0,0
0.024121594,0,0
0.016272608,0,0
0.00065751653,0,0
0.17400074,1,1
0.03254279,1,0
0.0005498904,0,0
0.006721692,1,0
0.052434176,1,1
0.23756653,1,1
0.038986225,0,0
0.25268015,1,1
0.37139112,1,1
0.0065782825,1,0
0.00060199975,0,0
0.0003073111,0,0
0.21279426,1,1
0.04419665,1,1
0.37312663,1,1
0.20712554,1,1
0.0017396099,0,0
0.006573843,0,0
0.003379775,0,0
0.40172127,1,1
0.00048718366,0,0
0.006578334,0,0
0.20047514,1,1
0.0074228486,1,0
0.3935459,1,1
0.00022884524,0,0
0.0008087701,0,0
0.11324066,1,1
0.003145103,0,0
0.26543054,1,1
0.007844284,1,0
0.7452584,1,1
0.43748093,1,1
0.00022099471,0,0
0.001231261,0,0
0.23206906,1,1
0.029902272,1,0
0.01552572,1,0
0.3479374,1,1
0.24671754,1,1
0.00027556796,0,0
0.00063000363,0,0
0.0005885314,0,0
0.018490694,1,0
0.22415236,1,1
0.14873485,1,1
0.27926415,1,1
0.19570163,1,1
0.0005325332,0,0
0.015723191,1,0
0.0014408943,0,0
0.2262951,1,1
0.00037579393,0,0
0.16440104,1,1
0.15788667,1,1
0.00030666136,0,0
0.21053512,1,1
0.062108774,0,1
0.025236141,1,0
0.087741874,1,1
0.23876025,1,1
0.7415631,1,1
0.1353759,1,1
0.81811976,1,1
0.00045692004,0,0
0.00056381087,0,0
0.0032680572,0,0
0.5312975,1,1
0.02450743,1,0
0.18493015,1,1
0.0010411928,0,0
0.36196852,1,1
0.33621535,1,1
0.44501686,1,1
0.0018623002,0,0
0.07415679,1,1
0.24601558,1,1
0.122034565,1,1
0.13525139,1,1
0.2706063,1,1
0.15411007,1,1
0.036116496,0,0
0.0033048901,0,0
0.00038130803,0,0
0.16388586,1,1
0.22421676,1,1
0.0066122804,1,0
0.00026866086,0,0
0.00069608196,0,0
0.0164673,0,0
0.011975741,1,0
0.25269324,1,1
0.2177661,1,1
0.008338667,0,0
0.000549872,0,0
0.0032190876,0,0
0.00060733326,0,0
0.00021168229,0,0
0.21758291,1,1
0.4345844,1,1
0.0033700718,0,0
0.00033782452,0,0
0.00023003654,0,0
0.1730972,1,1
0.056532692,1,1
0.001089504,0,0
0.24583146,1,1
0.0003708351,0,0
0.23424591,1,1
0.3849661,1,1
0.36433288,1,1
0.024270503,1,0
0.25239506,1,1
0.17382295,1,1
0.024877522,1,0
0.00037396405,0,0
0.00084078615,0,0
0.00039572563,0,0
0.0014950362,0,0
0.003753109,0,0
0.00068204774,0,0
0.39116612,1,1
0.1623932,1,1
0.1459761,1,1
0.087043166,1,1
0.19323647,1,1
0.003885868,1,0
0.00030619698,0,0
0.067514285,1,1
0.3833605,1,1
0.43803582,1,1
0.038868792,1,0
0.16397999,1,1
0.02930064,0,0
0.00033637672,0,0
0.2884309,1,1
0.22791149,1,1
0.00023962943,0,0
0.041308437,1,1
0.11916465,1,1
0.02624562,0,0
0.002074444,0,0
0.29943022,1,1
0.25596416,1,1
0.00022034338,0,0
0.0006034662,0,0
0.0006350605,0,0
0.049422015,1,1
0.0014731949,0,0
0.0018815596,0,0
0.16174865,1,1
0.00029527,0,0
0.00023673604,0,0
0.016390393,1,0
0.0025191947,0,0
0.039311867,0,0
0.00021902937,0,0
0.00031865525,0,0
0.00029705165,0,0
0.0017656217,1,0
0.00024369315,0,0
0.23387122,1,1
0.1802157,1,1
0.012531205,1,0
0.16667165,1,1
0.40303248,1,1
0.0016886358,0,0
0.00027114517,0,0
0.000221393,0,0
0.0002899555,0,0
0.09282228,1,1
0.13063084,1,1
0.24646088,1,1
0.039292023,1,0
0.0066490714,1,0
0.037400875,0,0
0.4370649,1,1
0.16605532,1,1
0.0031395284,0,0
0.008565862,0,0
0.4457628,1,1
0.41299123,1,1
0.025514023,0,0
0.028517028,0,0
0.02919164,1,0
0.2195562,1,1
0.10947287,1,1
0.00080195616,0,0
0.00021933707,0,0
0.00029481683,0,0
0.011329994,1,0
0.39982727,1,1
0.03898625,0,0
0.001811084,0,0
0.11709276,1,1
0.43759894,1,1
0.21198098,1,1
0.00307789,0,0
0.001096515,0,0
0.0021279608,0,0
0.0026960878,1,0
0.014309844,1,0
0.050876733,1,1
0.17411001,1,1
0.0054999935,1,0
0.14652626,1,1
0.001736193,0,0
0.02455209,1,0
0.25927785,1,1
0.2440849,1,1
0.05877635,1,1
0.0005615282,0,0
0.070587955,1,1
0.36397788,1,1
0.12472439,1,1
0.018720152,1,0
0.17327555,1,1
0.11434169,1,1
0.0004913844,0,0
0.17166403,1,1
0.024459325,1,0
0.00038645076,0,0
0.023976123,0,0
0.102668904,1,1
0.59825706,1,1
0.22510582,1,1
0.00022998093,0,0
0.00033305757,0,0
0.006241056,0,0
0.0010191113,0,0
0.3649568,1,1
0.05096394,1,1
0.008371268,1,0
0.030143907,1,0
0.0003349066,0,0
0.43521664,1,1
0.007238663,0,0
0.0002630468,0,0
0.001504702,0,0
0.01643883,1,0
0.16361812,1,1
0.26162204,1,1
0.31575415,1,1
0.00022989215,0,0
0.00030955955,0,0
0.2578514,1,1
0.028115222,1,0
0.06620302,0,1
0.2137955,1,1
0.2663928,1,1
0.00025728732,0,0
0.00041010513,0,0
0.0067386045,0,0
0.0003447665,0,0
0.1515723,1,1
0.024060199,1,0
0.102975205,1,1
0.0010864063,0,0
0.0013906447,0,0
0.008493216,1,0
0.0013715201,1,0
0.00049623504,0,0
0.22665903,1,1
3.675579,0,1
0.00044581317,0,0
0.2233976,1,1
0.24789554,1,1
0.3832682,1,1
0.24106781,1,1
0.035801,0,0
0.07781783,1,1
0.012851904,1,0
0.0022450525,0,0
0.24625027,1,1
0.37649018,1,1
0.0019243625,0,0
0.025194418,1,0
0.0024716791,1,0
0.4388611,1,1
0.27650943,1,1
0.061644387,0,1
0.0002587542,0,0
0.05735387,1,1
0.0011592055,1,0
0.0015835551,0,0
0.00884821,0,0
0.047284067,1,1
0.23560275,1,1
0.21152705,1,1
0.01702513,1,0
0.0374009,0,0
0.007894321,1,0
0.1511262,1,1
0.0004889503,0,0
0.0013945033,1,0
0.0040396424,0,0
0.19036086,1,1
0.44732717,1,1
0.00032639765,0,0
0.000673962,0,0
0.0028601428,0,0
0.14294907,1,1
0.00044359933,0,0
0.12640017,1,1
0.13589753,1,1
0.09077773,1,1
0.000929865,0,0
0.0036284646,0,0
0.6822084,1,1
0.00822709,1,0
0.36339104,1,1
0.1679629,1,1
0.008509558,0,0
0.21389687,1,1
0.00048673843,0,0
0.24925165,1,1
0.00047418507,0,0
0.0018056252,0,0
0.0006553259,0,0
0.00049673684,0,0
0.120927,1,1
0.0005343529,0,0
0.05562007,1,1
0.0013588177,1,0
0.00032093536,0,0
0.038986236,0,0
0.043642815,1,1
0.0006300071,0,0
0.1014165,1,1
0.25997636,1,1
0.24446331,1,1
0.00038157697,0,0
0.0010672987,0,0
0.23602885,1,1
0.30211234,1,1
0.006444751,1,0
0.35911134,1,1
0.23815867,1,1
0.0042429976,1,0
0.45045337,1,1
0.000858624,0,0
0.00039909425,0,0
0.12337351,1,1
0.000353027,0,0
0.04900642,1,1
0.0005221706,0,0
0.37803042,1,1
0.33557555,1,1
0.00022136036,0,0
0.013227087,1,0
0.012564911,1,0
0.7246075,1,1
0.22470814,1,1
0.37020487,1,1
0.23251906,1,1
0.13405898,1,1
0.00034173045,0,0
0.29741076,1,1
0.005620973,1,0
0.22305128,1,1
0.16186759,1,1
0.04136079,1,1
0.0056766295,1,0
0.14539535,1,1
0.31560826,1,1
0.22724244,1,1
0.20434873,1,1
0.006571702,1,0
0.0017353033,0,0
0.00029517154,0,0
0.00038137613,0,0
0.0018401927,0,0
0.003530843,0,0
0.0012318906,0,0
0.13534595,1,1
0.0018398562,0,0
0.15831001,1,1
0.26688623,1,1
0.03465069,1,0
0.4120101,1,1
0.21956974,1,1
0.00716738,0,0
0.53793937,0,1
0.0025513542,0,0
0.26339784,1,1
0.045225892,1,1
0.02064013,0,0
0.9668237,1,1
0.00093291263,0,0
0.25716707,1,1
0.19661054,1,1
0.09638652,1,1
0.03489577,0,0
0.00024758314,0,0
0.20043439,1,1
0.4941428,1,1
0.25902617,1,1
0.1563126,1,1
0.39083737,1,1
0.00048995257,0,0
0.0022146243,0,0
0.26400867,1,1
0.0006137709,0,0
0.00022366845,0,0
0.9597881,1,1
0.0090381615,0,0
0.310764,1,1
0.0002491575,0,0
0.028453216,0,0
0.00025977666,0,0
0.10526522,1,1
0.4704595,1,1
0.0016838646,0,0
0.0002771041,0,0
0.010404105,1,0
0.40580797,1,1
0.001333255,1,0
0.0003072004,0,0
0.1989938,1,1
0.006573882,0,0
0.0002798863,0,0
0.37679535,1,1
0.000621762,0,0
0.0028865035,1,0
0.006779676,1,0
0.00048883853,0,0
0.011973509,1,0
0.35780835,1,1
0.01278283,1,0
0.037746318,1,0
0.00028116038,0,0
0.25200853,1,1
0.06444458,1,1
0.23257335,1,1
0.0125171365,0,0
0.20947538,1,1
0.27295133,1,1
0.048192304,1,1
0.0005594325,0,0
0.0014314239,1,0
0.21979576,1,1
0.16219391,1,1
0.007943739,1,0
0.011590748,1,0
0.18869647,1,1
0.00026860155,0,0
0.0013303015,1,0
0.00637849,1,0
0.00041109804,0,0
0.0034352974,0,0
0.007631277,1,0
0.008551593,0,0
0.000268077,0,0
0.0002512836,0,0
0.0065318206,1,0
0.00032129255,0,0
0.056395344,1,1
0.00024491263,0,0
0.2796924,1,1
0.14837654,1,1
0.0014760834,0,0
0.032858446,0,0
0.0016623063,0,0
0.0017502231,1,0
0.03274913,1,0
0.013268254,0,0
0.0033208714,0,0
0.47521964,1,1
0.16426794,1,1
0.0019976448,0,0
0.023774933,1,0
0.006794816,1,0
0.18624225,1,1
0.00031997604,0,0
0.00036284723,0,0
0.0018412382,0,0
0.026646012,1,0
0.10896415,1,1
0.2935501,1,1
0.00064123067,0,0
0.15484884,1,1
0.26396856,1,1
0.006721717,1,0
0.1657436,1,1
0.001562092,0,0
0.0002104091,0,0
0.00037057497,0,0
0.017719747,1,0
0.0026947192,0,0
0.19620407,1,1
0.1617468,1,1
0.024806116,1,0
0.00022647098,0,0
0.42136392,1,1
0.012482586,1,0
0.0033270556,0,0
0.40282124,1,1
0.0007834776,0,0
0.02709215,0,0
0.041347563,1,1
0.001166664,1,0
0.5912019,1,1
0.24195522,1,1
0.00051857356,0,0
0.15320125,1,1
0.16400556,1,1
0.41458246,1,1
0.005803239,1,0
0.00024940234,0,0
0.0035248196,0,0
0.0021909853,0,0
0.028991135,1,0
0.16966298,1,1
0.0031799271,0,0
0.00027494627,0,0
0.00029533842,0,0
0.0003411489,0,0
0.01669853,1,0
0.27447927,1,1
0.056148157,1,1
0.00042326402,0,0
0.26594412,1,1
0.19239211,1,1
0.342771,1,1
0.00023813926,0,0
0.32709995,1,1
0.009179007,0,0
0.00063261704,0,0
0.22373962,1,1
0.0066530546,0,0
0.16322131,1,1
0.08588783,0,1
0.03815223,1,0
0.0025688803,0,0
0.26265615,1,1
0.00024484828,0,0
0.008799517,0,0
0.2874739,1,1
0.035529193,1,0
0.014851775,1,0
0.038679544,0,0
0.0004700704,0,0
0.39328682,1,1
0.0018418591,1,0
0.00050969125,0,0
0.2794523,1,1
0.78888535,1,1
0.00031276073,0,0
0.03501076,0,0
0.0010033321,0,0
0.007485917,1,0
0.0003672344,0,0
0.0006551518,0,0
0.00026258008,0,0
0.010205752,0,0
0.36422563,1,1
0.00026286996,0,0
0.0018585849,0,0
0.13672474,1,1
0.0011144693,0,0
0.0007832914,0,0
0.016438812,1,0
0.0006478955,0,0
0.0016439385,0,0
0.3762873,1,1
0.018201169,0,0
0.0003388301,0,0
0.37605247,1,1
0.03943964,1,0
0.12293675,1,1
0.24725233,1,1
0.00045182396,0,0
0.0002701186,0,0
0.024421206,1,0
0.01019638,0,0
0.0012640749,0,0
0.05997244,1,1
0.22522391,1,1
0.20178749,1,1
0.00075818424,0,0
0.03324883,0,0
0.00031228302,0,0
0.0003563868,0,0
0.001251925,1,0
0.00045528854,0,0
0.28261307,1,1
0.94487095,1,1
0.0012422968,0,0
0.00029260886,0,0
0.00044321065,0,0
0.035010815,0,0
0.071057044,1,1
0.0015446476,0,0
0.0788734,1,1
0.019446809,0,0
0.19404258,1,1
0.0015888927,0,0
0.00039542007,0,0
0.32203543,1,1
0.00030675894,0,0
0.016042406,0,0
0.00029047896,0,0
0.056569535,1,1
0.00039273727,0,0
0.00042599748,0,0
0.0012235596,1,0
0.0013414549,0,0
0.00054563285,0,0
0.15498815,1,1
0.00058593473,0,0
0.018298456,0,0
0.23870407,1,1
0.0004888241,0,0
0.27230918,1,1
0.0005415658,0,0
0.00021842758,0,0
0.8345352,1,1
0.0013921752,1,0
0.00028958535,0,0
0.0018657706,0,0
0.42088434,1,1
0.21337697,1,1
0.0005009593,0,0
0.0022312312,1,0
0.25082216,1,1
0.18669169,1,1
0.00035700796,0,0
0.30074018,1,1
0.36408877,1,1
0.10547226,1,1
0.039537407,1,0
0.02047428,1,0
0.0018598501,0,0
0.000362981,0,0
0.0007091623,0,0
0.16737247,1,1
0.00041752018,0,0
0.22448213,1,1
0.00024363924,0,0
0.21938933,1,1
0.00025576117,0,0
0.12560312,1,1
0.05372372,1,1
0.0003364397,0,0
0.03726726,0,0
0.023937678,1,0
0.2063832,1,1
0.026760183,1,0
0.28357673,1,1
0.20764317,1,1
0.27164093,1,1
0.0005953724,0,0
0.017640341,1,0
0.0023013297,0,0
0.2339465,1,1
0.16067882,1,1
0.45726013,1,1
0.16470636,1,1
0.026546711,1,0
0.00033527994,0,0
0.46153817,1,1
0.00041733106,0,0
0.39518115,1,1
0.0005141514,0,0
0.0012273055,1,0
0.00027224096,0,0
0.0003578552,0,0
0.0041555725,0,0
0.19577171,1,1
0.00030271022,0,0
0.0009936657,0,0
0.16394727,1,1
0.18981317,1,1
0.2070864,1,1
0.11780483,1,1
0.041294605,1,1
0.00044109885,0,0
0.437476,1,1
0.03481674,1,0
0.000342077,0,0
0.1651171,1,1
0.007390931,1,0
0.0037929676,1,0
0.09769438,1,1
0.00022229456,0,0
0.3469598,1,1
0.0369224,0,0
0.0040305313,0,0
0.012450836,1,0
0.0008303236,0,0
0.012765793,0,0
0.3574831,1,1
0.0012406134,0,0
0.00031669717,0,0
0.0067385957,1,0
0.3896524,1,1
0.00027054167,0,0
0.16239303,1,1
0.060729764,1,1
0.0016716842,0,0
0.14465398,1,1
0.00029530816,0,0
0.00032780957,0,0
0.8639551,1,1
0.0017062617,0,0
0.000496535,0,0
0.09837973,1,1
0.0002490467,0,0
0.24113457,1,1
0.0047515985,0,0
0.00054205937,0,0
0.1520571,1,1
0.00026689144,0,0
0.0067764367,1,0
0.0002549333,0,0
0.4972933,1,1
0.002457373,0,0
0.018762024,1,0
0.0002381444,0,0
0.1104144,1,1
0.00027234,0,0
0.1695587,1,1
0.044892717,1,1
0.00022305212,0,0
0.0087586325,1,0
0.00024301349,0,0
0.037776425,1,0
0.23856458,1,1
0.33426175,1,1
0.042080846,1,1
0.00033733345,0,0
0.0022437188,0,0
0.00032168446,0,0
0.21398012,1,1
0.019794447,0,0
0.0013097991,0,0
0.00041154787,0,0
0.00023817227,0,0
0.0058165933,1,0
0.060663957,1,1
0.00038004643,0,0
0.00026600726,0,0
0.89807075,1,1
0.00032791065,0,0
0.00024606436,0,0
0.00039657013,0,0
0.21982084,1,1
0.00026418958,0,0
0.00025737178,0,0
0.2185095,1,1
0.1476405,1,1
0.36786103,1,1
0.16140732,1,1
0.004860444,0,0
0.0018490751,0,0
0.00024397096,0,0
0.00031452262,0,0
0.17072496,1,1
0.0018533131,0,0
0.00024386405,0,0
0.36953825,1,1
0.0002376232,0,0
0.1371545,1,1
0.38540694,1,1
0.071119234,1,1
0.01570759,1,0
0.00029539166,0,0
0.04317469,1,1
0.007968651,0,0
0.4091985,1,1
0.22269543,1,1
0.003145179,0,0
0.0026188556,0,0
0.18348458,1,1
0.00028828246,0,0
0.0074161873,0,0
0.006491028,0,0
0.00022086343,0,0
0.0003773405,0,0
0.0017391323,0,0
0.0015740226,0,0
0.3171767,1,1
0.00030124187,0,0
0.13615374,1,1
0.021181634,1,0
0.0006061188,0,0
0.005708864,1,0
0.012021933,0,0
0.7994655,1,1
0.23814176,1,1
0.0064534647,1,0
0.026971562,1,0
0.0016091295,0,0
0.2011883,1,1
0.038380615,0,0
0.0005925266,0,0
0.28429934,1,1
0.1100398,1,1
0.1759781,1,1
0.1622786,1,1
0.0004620692,0,0
0.17491062,1,1
0.0017295929,0,0
0.006539955,0,0
0.08694701,1,1
0.00041623792,0,0
0.0013860711,1,0
0.37510017,1,1
0.23395966,1,1
0.0074707856,0,0
0.0008434872,0,0
0.2714347,1,1
0.0025303722,0,0
0.04083274,1,0
0.06615516,1,1
0.15405536,1,1
0.001839403,0,0
0.00029618744,0,0
0.01977372,1,0
0.29679194,1,1
0.030291388,1,0
0.0003811075,0,0
0.018929137,1,0
0.36503515,1,1
0.9677258,1,1
0.031628575,0,0
0.006626042,1,0
0.97030926,1,1
0.00081453635,0,0
0.49045646,1,1
0.00143719,0,0
0.033417933,0,0
0.0013982448,1,0
0.00042416906,0,0
0.00024930903,0,0
0.00030728398,0,0
0.0008654844,0,0
0.049544428,1,1
0.16739732,1,1
0.18610142,1,1
0.052941013,1,1
0.19751567,0,1
0.000445285,0,0
1.0019431,1,1
0.22816777,1,1
0.07397886,1,1
0.0007176351,0,0
0.2270272,1,1
0.14912295,1,1
0.2151478,1,1
0.001557655,0,0
0.0065272725,0,0
0.0016995645,0,0
0.00030549863,0,0
0.2668805,1,1
0.13670802,1,1
0.03253461,1,0
0.00033011887,0,0
0.09322088,1,1
0.008151599,0,0
0.052865215,1,1
0.8043409,1,1
0.0014515374,0,0
0.0018404982,0,0
0.0021574479,0,0
0.06522131,0,1
0.10082112,1,1
0.25579727,1,1
0.000807665,0,0
0.0004007971,0,0
0.30204713,1,1
0.36279088,1,1
0.15503864,1,1
0.37850076,1,1
0.2563242,1,1
0.00031350928,0,0
0.04083276,1,0
0.0015412095,0,0
0.35928,1,1
0.00052762177,0,0
0.0002437986,0,0
0.4490504,1,1
0.00030714486,0,0
0.0002494759,0,0
0.07084086,1,1
0.00034829677,0,0
0.00046342803,0,0
0.1700567,1,1
0.0066155847,1,0
0.42900392,1,1
0.2871485,1,1
0.0012465579,0,0
0.2723121,1,1
0.00035988927,0,0
0.00026472073,0,0
0.16994639,1,1
0.11744076,1,1
0.000648123,0,0
0.14536577,1,1
0.0003915562,0,0
0.16291873,1,1
0.0004585545,0,0
0.00037205525,0,0
0.0012619789,1,0
0.08881857,1,1
0.00028909591,0,0
0.06331504,1,1
0.029475939,1,0
0.1683061,1,1
0.00023002943,0,0
0.32390633,1,1
0.21066579,1,1
0.120413035,1,1
0.00059939444,0,0
0.0065738712,1,0
0.72994095,1,1
0.37753612,1,1
0.44767725,1,1
0.019362679,1,0
0.28089654,1,1
0.34492293,1,1
0.0014153103,1,0
0.0004773178,0,0
0.00037508697,0,0
0.0002567807,0,0
0.0038837136,1,0
0.00060124096,0,0
0.32927155,1,1
0.25788242,1,1
0.0066208774,1,0
0.0003839042,0,0
0.0012185979,1,0
0.00042172676,0,0
0.0003987587,0,0
0.00024757686,0,0
0.25481272,1,1
0.0058126175,0,0
0.17476287,1,1
0.006526878,1,0
0.96087533,1,1
0.006626037,1,0
0.002613615,1,0
0.4589589,1,1
0.00030557817,0,0
0.4196914,1,1
0.44104624,1,1
0.00073164864,0,0
0.045827214,1,1
0.039005723,1,0
0.0016515928,1,0
0.20901984,1,1
0.017576793,1,0
0.077544115,1,1
0.09880075,0,1
0.0017802595,0,0
0.000242967,0,0
0.0003771027,0,0
0.28113788,1,1
0.46337366,1,1
0.0065399515,0,0
0.0024723387,0,0
0.0003866866,0,0
0.10521397,1,1
0.040614173,0,0
0.8529131,1,1
0.33890525,1,1
0.05769373,1,1
0.006587187,1,0
0.16105065,1,1
0.33060366,1,1
0.02417815,1,0
0.09911782,1,1
0.14610447,1,1
0.25757512,1,1
0.058752455,1,1
0.15812196,1,1
0.16119553,1,1
0.28000578,1,1
0.23068833,1,1
0.00030211717,0,0
0.79612553,1,1
0.0008407565,0,0
0.0005114221,0,0
0.00048496423,0,0
0.00034830716,0,0
0.0065433355,1,0
0.0013347109,1,0
0.009910942,0,0
0.00032503836,0,0
0.91664535,1,1
0.37414873,1,1
0.18143307,1,1
0.13264135,1,1
0.024110524,0,0
0.00036479786,0,0
0.0003364516,0,0
0.11672043,1,1
0.011215344,1,0
0.010571179,1,0
0.21258971,1,1
0.9127672,0,1
0.00024074345,0,0
0.1621704,1,1
0.0004310906,0,0
0.940298,1,1
0.16625756,1,1
0.24411727,1,1
0.025174953,1,0
0.003554832,0,0
0.23706523,1,1
0.44169864,0,1
0.12859814,1,1
0.2341715,1,1
0.00060221023,0,0
0.8985387,1,1
0.01128454,1,0
0.0008131421,0,0
0.033571456,1,0
0.20111105,1,1
0.22573209,1,1
0.17639185,1,1
0.00081554044,0,0
0.0064571304,1,0
0.39142942,1,1
0.0024249502,1,0
0.022533592,1,0
0.46828327,1,1
0.00029519596,0,0
0.008318843,0,0
0.023672862,1,0
0.0002658797,0,0
0.00024386127,0,0
0.00022767327,0,0
0.024908539,1,0
0.025605626,1,0
0.0018501787,0,0
0.46265405,1,1
0.005457363,0,0
0.22153178,1,1
0.15335846,1,1
0.1616607,1,1
0.003078789,0,0
0.0008072049,0,0
0.22671036,1,1
0.009486497,0,0
0.20880613,1,1
0.17528148,1,1
0.0031767578,0,0
0.39897048,1,1
0.9500525,1,1
0.3916908,1,1
0.0015275546,0,0
0.1842481,1,1
0.00028897804,0,0
0.0084362,0,0
0.01200648,1,0
0.0016771839,0,0
0.014396178,0,0
0.00060964463,0,0
0.0781448,1,1
0.30447897,1,1
0.04279729,1,1
0.00085640565,0,0
0.013645835,1,0
0.0011091423,1,0
0.1504004,1,1
0.06313578,1,1
0.26273137,1,1
0.002918165,0,0
0.22035035,1,1
0.00030574168,0,0
0.15593415,1,1
0.22489159,1,1
0.18643634,1,1
0.00029870795,0,0
0.005432749,1,0
0.061509,1,1
0.00035336695,0,0
0.12016765,1,1
0.00022252693,0,0
0.19465733,1,1
0.13247935,1,1
0.0004460725,0,0
0.25669333,1,1
0.01039102,1,0
0.025328511,1,0
0.84075016,1,1
0.005417664,1,0
0.03501076,0,0
0.031569358,0,0
0.058003828,1,1
0.38145953,1,1
0.004600784,1,0
0.4705013,1,1
0.00034887053,0,0
0.0066595464,1,0
0.053731732,1,1
0.117215596,1,1
0.00023814899,0,0
0.17603937,1,1
2.2959995,1,1
0.007516678,0,0
0.00022485213,0,0
0.5955327,1,1
0.00046365926,0,0
0.0064447653,1,0
0.15423666,1,1
0.00647892,1,0
0.03961708,1,0
0.0002237719,0,0
0.4315892,1,1
1.1632321,1,1
0.00024948863,0,0
0.00027529045,0,0
0.00023948833,0,0
0.0015874227,0,0
0.010203666,0,0
0.06496288,1,1
0.00037679105,0,0
0.002005216,0,0
0.0065447697,1,0
0.2267236,1,1
0.035010826,0,0
0.0013473778,0,0
0.005159985,0,0
0.8673137,1,1
0.00024611663,0,0
0.9544925,1,1
0.0023427317,1,0
0.00029520958,0,0
0.21409649,1,1
0.2039764,1,1
0.03808956,0,0
0.19247544,1,1
0.00094643753,0,0
0.28338668,1,1
0.00022331726,0,0
0.0033437687,0,0
0.004066096,0,0
0.03726729,0,0
0.0005023089,0,0
0.0019730474,0,0
0.0026674517,0,0
0.0073443926,1,0
0.0008190193,0,0
0.000259796,0,0
0.003580954,0,0
0.0002364106,0,0
0.000306568,0,0
0.3418977,1,1
0.15872931,1,1
0.6915952,1,1
0.3209494,1,1
0.0012767403,0,0
0.00057094335,0,0
0.17349216,1,1
0.00029895615,0,0
0.039311852,0,0
0.006571828,0,0
0.27776754,1,1
0.009774352,0,0
0.10295066,1,1
0.2396875,1,1
0.00034159428,0,0
0.16504368,1,1
0.14821802,1,1
0.00028966414,0,0
0.44159332,1,1
0.4615633,1,1
0.0016061784,0,0
0.23353776,1,1
0.18233699,1,1
0.004855874,1,0
0.2563991,1,1
0.26904035,1,1
0.48148015,1,1
0.00026422692,0,0
0.00037293203,0,0
0.20397435,1,1
0.011263477,1,0
0.00053424895,0,0
0.00049871637,0,0
0.015351195,1,0
0.0067216977,0,0
0.18979612,1,1
0.00034470586,0,0
0.1752427,1,1
0.00048051533,0,0
0.00025483314,0,0
0.46171322,1,1
0.88148546,1,1
0.1959722,1,1
0.014768253,0,0
0.22281814,1,1
0.09691892,1,1
0.14230686,1,1
0.0014887116,1,0
0.12134034,1,1
0.19952509,1,1
0.0056035593,0,0
0.03730703,0,0
0.3023518,1,1
0.24094751,1,1
0.3426549,1,1
0.0002362,0,0
0.4885444,1,1
0.00054936553,0,0
0.0058072284,1,0
0.00025976062,0,0
0.0013820538,1,0
0.0067385808,1,0
0.0873766,1,1
0.24845077,1,1
0.3650208,1,1
0.00041435924,0,0
0.45886013,1,1
0.25777635,1,1
0.03137761,1,0
0.00060868356,0,0
0.0002707759,0,0
0.19689871,1,1
0.015066149,1,0
0.00028459332,0,0
0.24751687,1,1
0.3829369,1,1
0.93989694,1,1
0.0024457234,1,0
0.003280913,0,0
0.02150369,0,0
0.0006512172,0,0
0.0012972833,0,0
0.033021282,1,0
0.1920791,1,1
0.0030755727,1,0
0.09908719,1,1
0.19642827,1,1
0.0003798933,0,0
0.24195734,1,1
0.07385504,1,1
0.0067759324,0,0
0.19856927,1,1
0.09416494,1,1
0.0008090504,0,0
0.16184774,1,1
0.18120651,1,1
0.00024947454,0,0
0.93154216,1,1
0.012565721,1,0
0.07442194,1,1
0.22697054,1,1
0.0040772557,0,0
0.0008437128,0,0
0.00063637097,0,0
0.6792649,1,1
0.00025014012,0,0
0.00052407023,0,0
0.0031135879,0,0
0.023528898,1,0
0.001942438,0,0
0.0014366247,0,0
0.00027515672,0,0
0.0006275573,0,0
0.26532918,1,1
0.00024322433,0,0
0.1711853,1,1
0.25408503,1,1
0.02522665,1,0
0.0002552913,0,0
0.00022018158,0,0
0.00041884065,0,0
0.08025164,1,1
0.50402045,1,1
0.043871555,1,1
0.32236487,1,1
0.19387385,1,1
0.13476443,1,1
0.0066326912,1,0
0.000269748,0,0
0.14049178,1,1
0.1205333,1,1
0.24539511,1,1
0.13488983,1,1
0.49010292,1,1
0.0002472241,0,0
0.13665904,1,1
0.00027954526,0,0
0.99114096,1,1
0.15009199,1,1
0.17101882,1,1
0.001411757,0,0
0.16375613,1,1
0.09297656,0,1
0.00030749824,0,0
0.28802612,1,1
0.13671443,1,1
0.09378259,1,1
1.0539961,1,1
0.18146041,1,1
0.00089530874,0,0
0.37265417,1,1
0.006578486,1,0
0.00024089002,0,0
0.13226716,1,1
0.04315965,1,1
0.17143887,1,1
0.18389821,1,1
0.00025157875,0,0
0.21325319,1,1
0.0026072075,0,0
0.13382705,1,1
0.18038449,1,1
0.2841435,1,1
0.034161426,1,0
0.27227423,1,1
0.16128683,1,1
0.26258153,1,1
0.20739563,1,1
0.13396695,1,1
0.036478885,1,0
0.27773258,1,1
0.0003497924,0,0
0.09513631,1,1
0.17133567,1,1
0.026891973,1,0
0.0065236543,0,0
0.00041670678,0,0
0.16484016,1,1
0.0012968943,0,0
0.0003218322,0,0
0.024532376,1,0
0.28356558,1,1
0.022368051,0,0
0.005586173,0,0
0.00040002985,0,0
0.10384091,1,1
0.0002665839,0,0
0.000593749,0,0
0.026486117,0,0
0.4720153,1,1
0.060691614,1,1
0.0010640561,0,0
0.23101588,1,1
0.06417448,0,1
0.00037784537,0,0
0.3881953,1,1
0.00035079053,0,0
0.00034377008,0,0
0.30332476,1,1
0.0067463065,0,0
0.00022593934,0,0
0.018929126,1,0
0.00090245303,0,0
0.34872124,1,1
0.00025960512,0,0
0.0011666635,1,0
0.25417578,1,1
0.20387928,1,1
0.011789996,0,0
0.00067581725,0,0
0.0035331133,0,0
0.15627211,1,1
0.0003348604,0,0
0.22040173,1,1
0.3185705,1,1
0.027927928,1,0
0.0004047191,0,0
0.03429366,1,0
0.0034985812,1,0
0.00042214303,0,0
0.11255287,1,1
0.00028421983,0,0
0.121826336,1,1
0.0014263779,0,0
0.1291103,1,1
0.21438608,1,1
0.003325284,0,0
0.0002894616,0,0
0.03726728,0,0
0.2979142,1,1
0.117725864,0,1
0.014224602,0,0
0.0020269987,0,0
0.00031585252,0,0
0.3774613,1,1
0.00046031905,0,0
0.2507422,1,1
0.00023206693,0,0
0.0009093022,0,0
0.0456498,1,1
0.001007875,0,0
0.2804575,1,1
0.0032418333,1,0
0.14255437,1,1
0.003442235,0,0
0.43743166,1,1
0.052361205,1,1
0.10604634,1,1
0.2910834,1,1
0.006463594,1,0
0.0066774082,0,0
0.025804065,1,0
0.00036046354,0,0
0.00023594117,0,0
0.104698785,1,1
0.22016518,1,1
0.36090007,1,1
0.00029534067,0,0
0.12897515,1,1
0.0005564149,0,0
0.195591,1,1
0.1501499,1,1
0.0040011927,0,0
0.2824316,1,1
0.3872634,1,1
0.15607725,1,1
0.023579296,1,0
0.14252019,1,1
0.25438103,1,1
0.18849416,1,1
0.12303543,1,1
0.010191533,0,0
0.156922,1,1
0.19612913,1,1
0.029065583,1,0
0.026714034,1,0
0.00028465042,0,0
0.20749274,1,1
0.042185523,1,1
0.00033648257,0,0
0.023774952,0,0
0.0003624984,0,0
0.115861274,1,1
0.0005065179,0,0
0.0002444482,0,0
0.010126248,0,0
0.00034120734,0,0
0.00556928,1,0
0.21577168,1,1
0.069977015,1,1
3.6610606,0,1
0.14643252,1,1
0.006531823,1,0
0.002300019,0,0
0.0003477082,0,0
0.0005097858,0,0
0.00041272456,0,0
0.28016186,1,1
0.16737951,1,1
0.93748856,1,1
0.20842464,1,1
0.00041917447,0,0
0.22530705,0,1
0.3190311,1,1
0.22251402,1,1
0.2646507,1,1
0.0013746994,1,0
0.00022031055,0,0
0.0050846688,1,0
0.07792883,1,1
0.00052504946,0,0
0.37453285,1,1
0.0032737963,0,0
0.57664204,1,1
0.27189556,1,1
0.12337709,1,1
0.1964694,1,1
0.00030465948,0,0
0.0015489026,0,0
0.0004457838,0,0
0.2043015,1,1
0.00034812928,0,0
0.16198334,1,1
0.0052864533,0,0
0.004635444,0,0
0.0016649996,0,0
0.8604953,1,1
0.20744671,1,1
0.13782017,1,1
0.0029964673,1,0
0.00038253248,0,0
0.09387668,1,1
0.26440445,1,1
0.00023114066,0,0
0.14034055,1,1
0.0005772299,0,0
8.191631,1,1
0.00037157792,0,0
0.000408473,0,0
0.031333547,1,0
0.43129563,1,1
0.0009117941,0,0
0.00080920564,0,0
0.024392853,1,0
1.026324,1,1
0.16693152,1,1
0.28165978,1,1
0.2852337,1,1
0.040188517,1,0
1.101784,1,1
0.11738135,1,1
0.16144155,1,1
0.22630075,1,1
0.14389844,1,1
0.0028446312,0,0
0.9414172,1,1
0.0036037783,0,0
0.00079360587,0,0
0.8324363,1,1
0.28990555,1,1
0.19053133,1,1
0.00032041434,0,0
0.00034481872,0,0
0.8623982,1,1
0.00025300906,0,0
0.2071328,1,1
0.0041629393,0,0
0.3852227,1,1
0.00026761752,0,0
0.00040468815,0,0
0.17885432,1,1
0.28067547,1,1
0.00024489628,0,0
0.20561899,1,1
0.23168592,1,1
0.00035533617,0,0
0.2699945,1,1
0.17629156,1,1
0.0002845256,0,0
0.24475865,1,1
0.3675151,1,1
0.21556924,0,1
0.00091166596,0,0
0.006578496,1,0
0.0003568242,0,0
0.00036972694,0,0
0.18512994,1,1
0.23946182,1,1
0.1584532,1,1
0.0005412813,0,0
0.0005170045,0,0
0.0053067654,1,0
0.00046848232,0,0
0.0005696837,0,0
0.3038393,1,1
0.019137807,0,0
0.21041873,1,1
0.1276102,1,1
0.00022773897,0,0
0.00039170228,0,0
0.03782809,1,0
0.20995691,1,1
0.021974606,0,0
0.037806112,0,0
0.038281955,0,0
0.0003078453,0,0
0.0005642765,0,0
0.0003200559,0,0
0.02263976,1,0
0.40573668,1,1
0.29185206,1,1
0.00716738,1,0
0.00040056728,0,0
0.0420863,1,1
0.00025817312,0,0
0.00045565076,0,0
0.00029526217,0,0
0.20713943,1,1
0.38550597,1,1
0.0002549983,0,0
0.00022360282,0,0
0.005828964,1,0
0.38101795,1,1
0.0019464366,0,0
0.061272338,1,1
0.0008243836,0,0
0.06879122,1,1
0.21244493,1,1
0.0005307562,0,0
0.15652685,1,1
0.024642026,1,0
0.14561996,1,1
0.016767472,0,0
0.014932464,0,0
0.0033483033,0,0
0.7945498,1,1
0.18925002,1,1
0.16229469,1,1
0.0003453971,0,0
0.80854553,1,1
0.010415194,1,0
0.25404862,1,1
0.30148464,1,1
0.2479899,1,1
0.023534222,1,0
0.9294621,1,1
0.9613273,1,1
0.076215826,1,1
0.890653,1,1
0.026687633,1,0
0.4375501,1,1
0.35915485,1,1
0.004463697,0,0
0.00029781586,0,0
0.0020017165,0,0
0.0065318216,1,0
0.07798985,1,1
0.03785261,1,0
0.0030134092,0,0
0.0004530371,0,0
0.001882262,0,0
0.0004814003,0,0
0.22698982,1,1
0.0003516085,0,0
0.10687978,1,1
0.27829322,1,1
0.007845491,1,0
0.04830207,1,1
0.00034391327,0,0
0.0037820553,0,0
0.00042522667,0,0
0.0025695749,0,0
0.0010561843,0,0
0.04911083,0,1
0.025181005,1,0
0.2106394,1,1
0.00041032876,0,0
0.00028744014,0,0
0.00035927637,0,0
0.0052032103,0,0
0.099735506,1,1
0.26465982,1,1
0.038380668,0,0
0.0005302103,0,0
0.08915623,1,1
0.73278177,1,1
0.00025627515,0,0
0.00046149324,0,0
0.23420297,1,1
0.056285746,1,1
0.0031825025,0,0
0.016358962,0,0
0.000686372,0,0
0.27242243,1,1
0.00024297525,0,0
0.16494478,1,1
0.00058251014,0,0
0.10340678,1,1
0.16239311,1,1
0.00035832456,0,0
0.00032017007,0,0
0.8456235,1,1
0.037368868,0,0
0.00024306738,0,0
0.00027346978,0,0
0.00058144715,0,0
0.0024793134,1,0
0.24247584,1,1
0.00075679366,0,0
0.12936178,1,1
0.11327027,1,1
0.28297117,1,1
0.44416353,1,1
0.0006659897,0,0
0.00026894594,0,0
0.12149777,1,1
0.2788148,0,1
0.12423003,1,1
0.00033506958,0,0
0.00023820181,0,0
0.27486986,1,1
0.00026606224,0,0
0.271033,1,1
0.001126067,0,0
0.00027353715,0,0
0.36523977,1,1
0.00039479794,0,0
0.38240567,1,1
0.14282277,1,1
0.23673002,1,1
0.00031480216,0,0
0.0003881702,0,0
0.15519826,1,1
0.0013070584,1,0
0.09384335,1,1
0.2590007,1,1
0.00023571943,0,0
0.005786826,1,0
0.06610232,1,1
0.0005199822,0,0
0.10622597,1,1
0.12634794,1,1
0.0005355208,0,0
0.45256904,1,1
0.30566898,1,1
0.0002846493,0,0
0.002362233,0,0
0.00026678285,0,0
0.0022324426,0,0
0.0012790838,0,0
0.0003385567,0,0
0.0007683781,0,0
0.7234368,1,1
0.000220069,0,0
0.90564793,1,1
0.17033568,1,1
0.00032337845,0,0
0.00033650012,0,0
0.28085467,1,1
0.00067027257,0,0
0.00053444057,0,0
0.00046575652,0,0
0.34869647,1,1
0.15944426,1,1
0.00041975002,0,0
0.42017275,1,1
0.0067244484,1,0
0.04026521,0,0
0.0002503552,0,0
0.00030125785,0,0
0.24249475,1,1
0.00034727523,0,0
0.96958673,1,1
0.05012335,1,1
0.0007145346,0,0
0.00032681497,0,0
0.0062293685,1,0
0.00049671717,0,0
0.00024265918,0,0
0.00038170302,0,0
0.00027690432,0,0
0.038986158,0,0
0.38770685,1,1
0.04203356,1,1
0.16875213,1,1
0.0061159423,1,0
0.0003746131,0,0
0.25647867,1,1
0.005537259,0,0
0.0011136343,1,0
0.008970802,1,0
0.21072793,1,1
0.00085548946,0,0
0.0073214807,1,0
0.14281638,1,1
0.0037920391,1,0
0.20371938,1,1
0.0015200735,0,0
0.146109,1,1
0.012890536,1,0
0.0010472587,0,0
0.0002775818,0,0
0.37728396,1,1
0.036116473,0,0
0.00050336885,0,0
0.4529306,1,1
0.00040993388,0,0
0.13757153,1,1
0.003974124,0,0
0.0009177049,0,0
0.11066941,1,1
0.20172323,1,1
0.0010658564,0,0
0.0035455488,1,0
0.00033203434,0,0
0.2388953,1,1
0.0003164644,0,0
0.009913445,0,0
0.23830087,1,1
0.00027358838,0,0
0.0002461216,0,0
0.17142731,1,1
0.00057325856,0,0
0.16703922,1,1
0.02912273,1,0
0.17730927,1,1
0.00036403627,0,0
0.31932643,1,1
0.018235099,1,0
0.4124794,1,1
0.00022223465,0,0
0.0003060544,0,0
0.0014193406,0,0
0.00023796143,0,0
0.0003310518,0,0
0.0035870923,0,0
0.13539028,1,1
0.21036778,1,1
0.011044966,1,0
0.06412487,1,1
0.016626367,1,0
0.03740053,1,0
0.038547922,1,0
0.03436654,1,0
0.38018292,1,1
0.00030681796,0,0
0.23331174,1,1
0.025167154,1,0
0.2074803,1,1
0.28154632,1,1
0.012462677,1,0
0.0012092317,1,0
0.10289318,1,1
0.05954555,1,1
0.91197485,1,1
0.33223704,1,1
0.026982578,1,0
0.0067699044,0,0
0.45149246,1,1
0.35186434,1,1
67.93272,1,1
0.12259129,1,1
0.020479374,1,0
0.002602325,0,0
0.0007182348,0,0
0.3020025,1,1
0.28296876,1,1
0.0002510779,0,0
0.2181576,1,1
0.2599001,1,1
0.0005771199,0,0
0.09873084,1,1
0.00028713918,0,0
0.008141818,0,0
0.03734971,1,0
0.5599484,1,1
0.03740087,0,0
0.0003656174,0,0
0.00022357464,0,0
0.016166853,1,0
0.37114376,1,1
0.4774073,1,1
0.37692994,1,1
0.00036361613,0,0
0.0014853853,0,0
0.00026985988,0,0
0.37502208,1,1
0.0002999874,0,0
0.006686253,1,0
0.00053039583,0,0
0.046877645,0,1
0.00034531357,0,0
0.21217197,1,1
0.05198236,1,1
0.0006052117,0,0
0.17517605,1,1
0.0026010287,0,0
0.014530366,0,0
0.005271078,1,0
0.16097699,1,1
0.1595758,1,1
0.35133314,1,1
0.0003176727,0,0
0.00065620634,0,0
0.28282356,1,1
0.0002260407,0,0
0.1934296,0,1
0.00057973096,0,0
0.0004695518,0,0
0.0051565007,1,0
0.038769156,1,0
0.37042692,1,1
0.15100545,1,1
0.37532076,1,1
0.0039479793,0,0
0.4397694,1,1
0.0024768068,1,0
0.00024975883,0,0
0.0039220685,1,0
0.0721144,1,1
0.1801516,1,1
0.15182362,1,1
0.00051188923,0,0
0.0009664145,0,0
0.47920498,1,1
0.0016440653,0,0
0.30012274,1,1
0.40192977,1,1
0.001046367,0,0
0.00051016663,0,0
0.36246285,1,1
0.00041630032,0,0
0.037696183,0,0
0.0064533986,0,0
0.3985944,1,1
0.024462909,0,0
0.24701881,1,1
0.1254872,1,1
0.4821869,1,1
0.00029538642,0,0
0.33772263,1,1
0.12390779,1,1
0.10573781,1,1
0.17320593,1,1
0.35814667,1,1
0.00045054388,0,0
0.024507677,1,0
0.157681,1,1
0.00029524538,0,0
0.29319218,1,1
0.15537228,1,1
0.0065717376,1,0
0.37698576,1,1
0.025297103,1,0
0.018887118,0,0
0.23413616,1,1
0.00822723,1,0
0.019857462,1,0
0.24745758,1,1
0.90005773,1,1
0.27265632,1,1
0.019800855,1,0
0.36010766,1,1
0.3959853,1,1
0.12480047,1,1
0.00073348987,0,0
0.00036049433,0,0
0.00026657595,0,0
0.16227841,1,1
0.72162026,1,1
0.0036483142,0,0
0.00089557975,0,0
0.00034229516,0,0
0.0004641707,0,0
0.00033792685,0,0
0.003293885,0,0
0.26069102,1,1
0.9540982,1,1
0.038986254,0,0
0.00030707708,0,0
0.03898623,0,0
0.40367267,1,1
0.00036015906,0,0
0.038679577,0,0
0.00028365222,0,0
0.05467014,1,1
0.14011294,1,1
0.3288033,1,1
0.0003097328,0,0
0.005307673,1,0
0.0017748618,0,0
0.102757946,1,1
0.0002986332,0,0
0.001655162,0,0
0.015120641,1,0
0.015603731,1,0
0.21183905,1,1
0.045274768,1,1
0.0018803176,0,0
0.0007798113,0,0
0.00055621593,0,0
0.035248067,1,0
0.5873682,1,1
0.0005128714,0,0
0.3676448,1,1
0.0017753872,0,0
0.00024728218,0,0
0.00096442015,0,0
0.19579059,1,1
0.26213318,1,1
0.011362101,1,0
0.02465487,1,0
0.0060234573,1,0
0.005747755,1,0
0.00033414204,0,0
0.016226422,0,0
0.0002423309,0,0
0.23709981,1,1
0.00038744204,0,0
0.21985975,1,1
0.0016238923,1,0
0.00078252197,0,0
0.16234809,1,1
0.00636942,0,0
0.13475408,1,1
0.2376991,1,1
0.00084075204,0,0
0.0024168785,0,0
0.32645518,1,1
0.0013854448,0,0
0.00028907257,0,0
0.15473707,1,1
0.15886457,1,1
0.0005654364,0,0
0.00024445873,0,0
0.0067841373,0,0
0.000262924,0,0
0.15520394,1,1
0.013909645,0,0
0.00027517052,0,0
0.24765044,1,1
0.0026330864,1,0
0.015340072,1,0
0.1792299,1,1
0.40667358,1,1
0.33154473,1,1
0.0023900499,0,0
0.0021850357,1,0
0.00653266,1,0
0.13251568,1,1
0.04306407,1,1
0.20686534,1,1
3.7360728,0,1
0.007998717,0,0
0.0005739713,0,0
0.0038464596,0,0
0.0040595946,0,0
0.29406625,1,1
0.012183905,0,0
0.0013062999,0,0
0.12654775,1,1
0.0005724819,0,0
0.059759334,1,1
0.006775991,1,0
0.16458926,1,1
0.0043654307,1,0
0.38412198,1,1
0.043805476,1,1
0.08507928,1,1
0.025150819,1,0
0.0005034152,0,0
0.3387294,1,1
0.15707952,1,1
0.0002568401,0,0
0.00035578257,0,0
0.009902453,0,0
0.0007303222,0,0
0.00071283785,0,0
0.00046774306,0,0
0.00029945545,0,0
0.33838204,1,1
0.19764978,1,1
0.44716576,0,1
0.0002894128,0,0
0.44944978,1,1
0.0030224875,1,0
0.0017622968,1,0
0.1558784,1,1
0.90559757,1,1
0.007892675,0,0
0.025302166,0,0
0.0014436919,1,0
0.00039814334,0,0
0.40707508,1,1
0.00028347794,0,0
0.016473595,0,0
0.15951174,1,1
0.0005402893,0,0
0.024295313,1,0
0.22584794,1,1
0.43071964,1,1
0.24517386,1,1
0.0003526917,0,0
0.0008652539,0,0
0.0018633057,0,0
0.00023081533,0,0
0.00031859308,0,0
0.27113697,1,1
0.00024943482,0,0
0.0003929182,0,0
0.00033211353,0,0
0.00061238976,0,0
0.17767337,1,1
0.14203936,1,1
0.00036932772,0,0
0.00037126697,0,0
0.055244848,1,1
0.31426287,1,1
0.20981315,1,1
0.00035900998,0,0
0.005908995,1,0
0.00038380758,0,0
0.3858255,1,1
0.00038027688,0,0
0.25158206,1,1
0.19799581,1,1
0.0014532661,1,0
0.35750955,1,1
0.20064498,1,1
0.34752804,1,1
0.042028256,1,1
0.24210267,1,1
0.012459278,0,0
0.0010426254,0,0
0.0014342283,0,0
0.119200684,0,1
0.10637926,1,1
0.2011863,1,1
0.1243085,1,1
0.0006611564,0,0
0.0003115629,0,0
0.16127329,1,1
0.47306302,1,1
0.0013491133,1,0
0.0003240568,0,0
0.00026193567,0,0
0.004105341,0,0
0.18917955,1,1
0.28161663,1,1
0.0011071976,0,0
0.0025942945,1,0
0.21112372,1,1
0.18298925,1,1
0.44363263,1,1
0.10698248,1,1
0.012513036,1,0
0.38452932,1,1
0.0015294959,0,0
0.03695037,1,0
0.1665982,0,1
0.00038779154,0,0
0.0041828454,0,0
0.10640935,1,1
0.0038195325,1,0
0.05176501,1,1
0.20363761,1,1
0.00031279665,0,0
0.0074533457,0,0
0.00092257775,0,0
0.89558506,1,1
0.2009306,1,1
0.43675736,1,1
0.0012972909,0,0
0.0012214743,1,0
0.00023313887,0,0
0.23238805,1,1
0.40623158,1,1
0.0012229516,0,0
0.00026690893,0,0
0.00059127,0,0
0.0002846321,0,0
0.009691899,1,0
0.013169009,1,0
0.49687856,1,1
0.07791524,1,1
0.004485299,0,0
0.22832853,1,1
0.12703606,1,1
0.06531879,1,1
0.15750672,0,1
0.00035783014,0,0
0.20752263,1,1
0.002428697,1,0
0.3759387,1,1
0.0009143116,0,0
0.0217943,1,0
0.0028682416,0,0
0.17422816,1,1
0.00053844345,0,0
0.33982098,1,1
0.21539892,1,1
0.00053539476,0,0
0.07770872,1,1
0.0013937145,0,0
0.0016718728,1,0
0.00059571373,0,0
0.06916768,1,1
0.14608835,1,1
0.057922136,1,1
0.37192294,1,1
0.19060175,1,1
0.011276152,1,0
0.0029752003,0,0
0.00024550973,0,0
0.38998863,1,1
0.00039359782,0,0
0.021787759,0,0
0.3889267,1,1
0.37318972,1,1
0.00036174085,0,0
0.024751917,1,0
0.00025979202,0,0
0.0002438976,0,0
0.0065783327,0,0
0.0024457409,1,0
0.00029528694,0,0
0.008851521,1,0
0.00027500244,0,0
0.0014202049,1,0
0.014303946,1,0
0.00023008855,0,0
0.00030665446,0,0
0.31292543,1,1
0.18298164,1,1
0.24696442,1,1
0.1128781,1,1
0.0076440587,1,0
0.22970372,1,1
0.0038193527,1,0
0.00023335939,0,0
0.037806068,0,0
0.00034050577,0,0
0.00025327335,0,0
0.46515664,1,1
0.01654565,1,0
0.0002974264,0,0
0.21540558,1,1
0.2086663,1,1
0.00217549,0,0
0.0002087862,0,0
0.04225025,1,1
0.00673134,1,0
0.14847419,1,1
0.22941014,1,1
0.034550052,1,0
0.9620801,1,1
0.48018605,1,1
0.4607427,1,1
3.7692852,1,1
0.0005754958,0,0
0.00024845326,0,0
0.0002896503,0,0
0.0013860714,1,0
0.84584224,1,1
0.2853778,1,1
0.01536281,1,0
0.00036441616,0,0
0.0012665956,0,0
0.940071,1,1
0.642672,1,1
0.14967798,1,1
0.9318221,1,1
0.0065054935,1,0
0.00035307577,0,0
0.0064168666,1,0
0.40414977,1,1
0.0005416226,0,0
0.00030009478,0,0
0.0024180727,0,0
0.31146127,1,1
0.22766031,1,1
0.2644882,1,1
0.0004985749,0,0
0.00026994798,0,0
0.0003892329,0,0
0.0005415584,0,0
0.24614802,1,1
0.16325074,1,1
0.0005536055,0,0
0.0010203919,0,0
0.23044989,1,1
3.6527345,0,1
0.0002809158,0,0
0.0021568555,0,0
0.39284524,1,1
0.025072549,1,0
0.11202055,1,1
0.20738116,1,1
0.15679687,1,1
0.00031044972,0,0
0.0002244828,0,0
0.006896843,0,0
0.06022728,0,1
0.0013153987,0,0
0.00681017,1,0
0.00077189703,0,0
0.1887635,1,1
0.2299254,1,1
0.02485964,1,0
0.0066155763,1,0
0.25609776,1,1
0.21897648,1,1
0.0003872442,0,0
0.0016864892,0,0
0.025429577,1,0
0.23063105,1,1
0.037696227,0,0
0.14012405,1,1
0.00042562973,0,0
0.006483761,1,0
0.06345439,1,1
0.006567701,0,0
0.8827257,1,1
0.00025975602,0,0
0.094385,1,1
0.0010308274,0,0
0.0003700355,0,0
0.00027885003,0,0
0.00028451922,0,0
0.3976264,1,1
0.44979012,1,1
0.36684108,1,1
0.0070171924,1,0
0.22046532,1,1
0.00020483103,0,0
0.17480996,1,1
0.0004294343,0,0
0.45505407,1,1
0.1425504,1,1
0.08295971,1,1
0.16241321,1,1
0.0002522394,0,0
0.0019486018,1,0
0.0013151262,1,0
0.18741086,1,1
0.18367389,1,1
0.17101398,1,1
0.03566576,1,0
0.00038201956,0,0
0.30482993,1,1
0.00024396488,0,0
0.0034965342,0,0
0.00073836534,0,0
0.00040691387,0,0
0.18731707,1,1
0.0002953837,0,0
0.0013640688,1,0
0.00034124855,0,0
0.031014105,1,0
0.00036730565,0,0
0.0016446386,0,0
0.12080835,1,1
0.036135137,0,0
0.00838547,1,0
0.0035887589,0,0
0.026282186,1,0
0.00080231123,0,0
0.006571724,1,0
0.00029509747,0,0
0.16850354,1,1
0.00025346712,0,0
0.23692061,1,1
0.27929783,1,1
0.23467818,1,1
0.00026229478,0,0
0.00023819388,0,0
0.3363466,1,1
0.00040093818,0,0
0.00028642203,0,0
0.0006330857,0,0
0.0061787926,1,0
0.36458457,1,1
0.21826276,1,1
0.0012882141,1,0
0.255873,1,1
0.2238104,1,1
0.2788515,1,1
0.06936508,0,1
0.0019448692,0,0
0.22791348,1,1
0.15697667,1,1
0.006483779,1,0
0.026934577,1,0
0.27051178,1,1
0.17337786,1,1
0.00021092362,0,0
0.00051141606,0,0
0.22539413,1,1
0.048758768,1,1
0.006677443,1,0
0.18904074,1,1
0.0015179294,0,0
0.00043233266,0,0
0.46795097,1,1
0.21374084,1,1
0.00035839778,0,0
0.67679733,1,1
0.00701705,1,0
0.00040648304,0,0
0.025455736,1,0
0.01738213,1,0
0.00024491563,0,0
0.0064203762,1,0
0.0892469,1,1
0.00026734258,0,0
0.06844324,1,1
0.24216855,1,1
0.0013201791,1,0
0.0002494512,0,0
0.1963888,1,1
0.07993751,1,1
0.024980867,0,0
0.0004777037,0,0
0.19957148,1,1
0.48927996,1,1
0.00032257722,0,0
0.000301237,0,0
0.19432272,1,1
0.16503628,1,1
0.37666178,1,1
0.45634115,1,1
0.0066861915,0,0
0.03427574,0,0
0.10350467,1,1
0.0018161152,1,0
0.03573202,0,0
0.00038291415,0,0
0.1464212,0,1
0.005893527,0,0
0.09034235,1,1
0.010147643,1,0
0.00039003658,0,0
0.46846074,1,1
0.0010458489,0,0
0.23349541,1,1
0.47058916,1,1
0.38209906,1,1
0.0021165346,0,0
0.019633101,1,0
0.029586772,1,0
0.0002842765,0,0
0.22648779,1,1
0.00059757737,0,0
0.20630571,1,1
0.00050825207,0,0
0.0011090044,0,0
0.006101401,1,0
0.14641635,1,1
0.175626,1,1
0.24537995,1,1
0.00025151056,0,0
0.00029773265,0,0
0.011097827,1,0
0.24294755,1,1
0.18691683,1,1
0.23083898,1,1
0.15452993,1,1
0.0010198386,0,0
0.0015696355,0,0
0.22573313,1,1
0.0004069555,0,0
0.21588686,1,1
0.00023807917,0,0
0.26262078,1,1
0.008116283,0,0
0.31777036,1,1
0.16504958,1,1
0.1598471,1,1
0.0321525,0,0
0.00043687265,0,0
0.0046284925,1,0
0.00026059675,0,0
0.10075675,1,1
0.0005529886,0,0
0.85886496,1,1
0.2072081,1,1
0.30461624,1,1
0.25900748,1,1
0.0007661518,0,0
0.0014369565,0,0
0.00030701692,0,0
0.0023746272,1,0
0.002405228,0,0
0.23367625,1,1
0.06731214,1,1
0.00026225456,0,0
0.33057526,1,1
0.005700785,0,0
0.8635944,1,1
0.1969424,1,1
0.0002566856,0,0
0.0015827599,0,0
0.21522774,1,1
0.084629945,1,1
0.00057504175,0,0
0.14406134,1,1
0.114644654,1,1
0.0007871722,0,0
0.3946481,1,1
0.92465174,1,1
0.0067290408,1,0
0.1898503,1,1
0.28165165,1,1
0.17479154,1,1
0.00085696223,0,0
0.0038233239,0,0
0.00033522022,0,0
0.23366103,1,1
0.22771086,1,1
0.006686198,1,0
0.15736836,1,1
0.23246963,1,1
0.0025932686,0,0
0.20595157,1,1
0.06758466,1,1
0.19596672,1,1
0.037414957,0,0
0.037117783,1,0
0.026796643,0,0
0.2458431,1,1
0.0036988738,0,0
0.024891024,1,0
0.029828938,1,0
0.006444768,1,0
0.25209582,1,1
0.011674094,1,0
0.0002908139,0,0
0.23497926,1,1
0.15950531,1,1
0.0014996353,0,0
0.90733814,1,1
0.00024604588,0,0
0.0050310413,0,0
0.2272226,1,1
0.4143139,1,1
0.06858335,1,1
0.27242148,1,1
0.020519942,0,0
0.06109789,1,1
0.00028466168,0,0
0.0012273054,1,0
0.098565884,1,1
0.0005624275,0,0
0.06373128,1,1
0.0017957753,1,0
0.00024558132,0,0
0.33582014,1,1
0.001042769,0,0
0.26907194,1,1
0.23719804,1,1
0.35167974,1,1
0.00024487634,0,0
0.2268926,1,1
0.30056575,1,1
0.1708682,1,1
0.01092998,0,0
0.2149895,1,1
0.0032250576,0,0
0.1613602,1,1
0.00039002704,0,0
0.0066260356,1,0
0.0067385775,0,0
0.0012523661,0,0
0.006647238,1,0
0.008223512,1,0
0.00075749645,0,0
0.0011844389,1,0
0.14035878,1,1
0.40417197,1,1
0.627789,1,1
0.22942917,1,1
0.00030232768,0,0
0.16130865,1,1
0.067116424,1,1
0.23556979,1,1
0.50807035,1,1
0.0066208513,1,0
0.037117627,0,0
0.0011372641,0,0
0.0024768237,1,0
0.19039233,1,1
0.0004984396,0,0
0.21626538,1,1
0.34576595,1,1
0.00492678,0,0
0.27724802,1,1
0.0022266808,0,0
0.04133623,1,1
0.25890043,1,1
0.0038647612,0,0
0.016446939,0,0
0.15946116,0,1
0.00043690042,0,0
0.0012095688,0,0
0.0620988,1,1
0.22899769,1,1
0.16861194,1,1
0.06772135,1,1
0.0016502262,1,0
3.774512,0,1
0.9134162,1,1
0.22570676,1,1
0.038380623,0,0
0.0002794762,0,0
0.30498245,1,1
0.002977307,1,0
0.0006355313,0,0
0.34442702,1,1
0.00052022486,0,0
0.012204929,1,0
0.2465562,1,1
0.0064534284,0,0
0.9060795,1,1
0.19752161,1,1
0.006134236,0,0
0.00053041027,0,0
0.0036279436,0,0
0.000307979,0,0
0.0059902794,1,0
0.025082657,1,0
0.37800327,1,1
0.055161256,1,1
0.03170715,1,0
0.020717395,1,0
0.00036053333,0,0
0.0068748477,1,0
0.10785142,1,1
0.009545696,0,0
0.042124886,1,1
0.3006071,0,1
0.2791495,1,1
0.00027597064,0,0
0.0008781896,0,0
0.17521156,1,1
0.2338299,1,1
0.26842925,1,1
0.0002666824,0,0
0.014569334,0,0
0.0010464428,0,0
0.00031506244,0,0
0.006066742,1,0
0.034323137,1,0
0.16386074,1,1
0.0036756177,0,0
0.0015907915,1,0
0.18251109,1,1
0.0002461183,0,0
0.005009511,0,0
0.22854337,1,1
0.0013444186,1,0
0.0040520285,0,0
0.25843138,1,1
0.008323078,0,0
0.00047453085,0,0
0.31951833,1,1
0.94732803,1,1
0.01960518,0,0
0.15587862,1,1
0.0012494866,0,0
0.050979946,1,1
0.21978901,1,1
0.0067978203,1,0
0.20910898,1,1
0.00023482881,0,0
0.010047078,1,0
0.13305639,1,1
0.17777236,1,1
0.96199137,1,1
0.00032242504,0,0
0.008656334,0,0
0.0056977794,1,0
0.0004758519,0,0
0.11881105,1,1
0.27769768,1,1
0.063958846,1,1
0.0014415788,0,0
0.00036751383,0,0
0.3644542,1,1
0.22822492,1,1
0.009094988,0,0
0.0006685852,0,0
0.0013404394,0,0
0.0065525146,1,0
0.0002344094,0,0
0.16075858,1,1
0.19830781,1,1
0.054651998,1,1
0.0023207618,1,0
0.0013453735,0,0
0.24051537,1,1
0.02537425,1,0
0.079142004,1,1
0.4377941,1,1
0.0054500056,1,0
0.21872465,1,1
0.060269892,1,1
0.00029971337,0,0
0.00028403665,0,0
0.4152465,1,1
0.00043326642,0,0
0.001378489,0,0
0.13119282,1,1
0.0098765,0,0
0.16899975,1,1
0.32762402,1,1
0.00027771053,0,0
0.22298887,1,1
0.42612377,1,1
0.00024396449,0,0
0.00027264087,0,0
0.0005274162,0,0
0.27888367,1,1
0.0992831,1,1
0.15717848,1,1
0.90759593,1,1
0.21550308,1,1
0.210723,1,1
0.0002613898,0,0
0.088202275,0,1
0.00025860776,0,0
0.00053044356,0,0
0.23815767,1,1
0.024467,1,0
0.0025635953,0,0
0.03761579,1,0
0.009067009,1,0
116.82054,1,1
0.3572791,1,1
0.16606927,1,1
0.14862639,1,1
0.00024322134,0,0
0.0055656224,1,0
0.0008367158,0,0
0.36204535,1,1
0.0014076728,0,0
0.16301313,1,1
0.18899767,1,1
0.025114475,1,0
0.0031831134,0,0
0.0003312359,0,0
0.36451557,1,1
0.9048578,1,1
0.025278512,1,0
0.0067141484,0,0
0.00026371612,0,0
0.011022761,1,0
0.27969632,1,1
0.054286253,1,1
0.00047354045,0,0
0.008915442,0,0
0.37742758,1,1
0.015797684,1,0
0.055831388,1,1
0.28176665,1,1
0.39145252,1,1
0.0027286154,0,0
0.22832672,1,1
0.0391512,1,0
0.050113987,1,1
0.089621365,1,1
0.15436064,1,1
0.00038097758,0,0
0.001234118,1,0
0.85935575,1,1
0.12561372,1,1
0.24420327,1,1
0.3834732,1,1
0.010916689,0,0
0.050965205,1,1
0.03650634,1,0
0.25759372,1,1
0.00041496853,0,0
0.00025142348,0,0
0.1756778,1,1
0.41689375,1,1
0.19302565,1,1
0.36457956,1,1
0.19883922,1,1
0.007622405,0,0
0.9251992,1,1
0.27403745,1,1
0.09072551,1,1
0.0031824058,0,0
0.0003567073,0,0
0.011331949,1,0
0.13158505,1,1
0.22798212,1,1
0.018647395,0,0
0.21638809,1,1
0.0605731,1,1
0.0016068773,0,0
0.0008346952,0,0
0.46323484,1,1
0.21308932,1,1
0.0019253892,1,0
0.16978458,1,1
0.034275755,0,0
0.24098396,1,1
0.31889907,1,1
0.22097236,1,1
0.12513687,1,1
0.00026767285,0,0
0.19213295,1,1
0.13239945,1,1
0.16915984,1,1
0.0017360452,0,0
0.003945082,0,0
0.00038749262,0,0
0.00027632524,0,0
0.1714812,1,1
0.00667742,1,0
0.20620836,1,1
0.006015424,1,0
0.17905135,1,1
0.00027490006,0,0
0.00048625673,0,0
0.00034691638,0,0
0.012492599,1,0
0.00023002278,0,0
0.12355628,1,1
0.00025069725,0,0
0.21890499,1,1
0.012047408,1,0
0.30999953,1,1
0.006491039,1,0
0.024560323,1,0
0.35604095,1,1
0.025070637,1,0
0.00024856871,0,0
0.07078091,1,1
0.0003411905,0,0
0.039650183,1,0
0.0017585162,1,0
0.0014082269,0,0
0.007496505,1,0
0.0017746048,0,0
0.053238068,1,1
0.006849193,1,0
0.00022994414,0,0
0.000324226,0,0
0.025882058,1,0
0.006677414,1,0
0.00073180813,0,0
0.17716677,1,1
0.00060184527,0,0
0.0005394792,0,0
0.001865799,0,0
0.005893039,0,0
0.024751669,1,0
0.0028122205,0,0
0.29006144,1,1
0.00030972445,0,0
0.024504915,0,0
0.0073272097,1,0
0.00025570483,0,0
0.001724836,0,0
0.2650362,1,1
0.00039724537,0,0
0.0010565234,0,0
0.16494223,1,1
0.16342849,1,1
0.004152982,0,0
0.00049821346,0,0
0.0012271272,0,0
0.00092959485,0,0
0.10085487,1,1
0.012630103,1,0
0.012102702,0,0
0.20280403,1,1
0.0069045946,1,0
0.0140855,1,0
0.24177854,1,1
0.073273115,1,1
0.0002361153,0,0
0.4370031,1,1
0.15540431,1,1
0.16350245,1,1
0.00029527783,0,0
0.45735484,1,1
0.084282726,1,1
0.016780142,0,0
0.44857523,1,1
0.13688092,1,1
0.16734044,1,1
0.24448188,1,1
0.15839416,1,1
0.28297895,1,1
0.014853734,1,0
0.1835067,1,1
0.28443763,1,1
0.0003583062,0,0
0.13478884,1,1
0.00033575518,0,0
0.005295215,1,0
0.0002958021,0,0
0.00026630145,0,0
0.00025743883,0,0
0.16896638,1,1
0.001759495,0,0
0.0024785304,0,0
0.0002516358,0,0
0.91103673,1,1
0.01996053,0,0
0.9146438,1,1
0.1622947,1,1
0.0103245145,0,0
0.00021998567,0,0
0.00022683997,0,0
0.21043429,1,1
0.38447842,1,1
0.00035873847,0,0
0.00033483992,0,0
0.06869386,1,1
0.28795227,1,1
0.28129885,1,1
0.20516473,1,1
0.023161177,1,0
0.01125443,1,0
0.0761721,1,1
0.00031522595,0,0
0.00027338183,0,0
0.30159637,1,1
0.00027506897,0,0
0.15602344,1,1
0.004012242,1,0
0.0012692173,0,0
0.35881513,1,1
0.05156033,1,1
0.16729206,1,1
0.0077031306,1,0
0.034797147,1,0
0.006101563,1,0
0.037806064,0,0
0.00023362628,0,0
0.0004942678,0,0
0.0003077258,0,0
0.0012522282,1,0
0.0073260847,1,0
0.37531233,1,1
0.37994727,1,1
0.16158876,1,1
0.061551314,1,1
0.38599154,1,1
0.00027096158,0,0
0.023291672,1,0
0.00035823224,0,0
0.04592423,1,1
0.20496278,1,1
0.00023568126,0,0
0.006686204,1,0
0.03459738,1,0
0.0016016788,1,0
0.17386326,1,1
0.0011013794,0,0
0.39664876,1,1
0.16851439,1,1
0.0003143372,0,0
0.1597939,1,1
0.13007508,1,1
0.463394,1,1
0.4082905,1,1
0.23621352,1,1
0.020331467,1,0
0.0049925516,1,0
0.25652987,1,1
0.31719416,1,1
0.034275718,0,0
0.10954081,1,1
0.037696205,0,0
0.0014806866,0,0
0.21818456,1,1
0.00044292308,0,0
0.1980969,1,1
0.00022930616,0,0
0.0002505905,0,0
0.018364526,0,0
0.025715984,1,0
0.0034655754,0,0
0.12575063,1,1
0.006612287,1,0
0.22689219,1,1
0.00028488235,0,0
0.23090686,1,1
0.115580045,1,1
0.23239787,1,1
0.0016275687,0,0
0.19020265,1,1
0.019761976,0,0
0.005933451,1,0
0.38825986,1,1
0.00035657253,0,0
0.0006893133,0,0
0.19473001,1,1
0.21209572,1,1
0.24859022,1,1
0.0063598133,0,0
0.14553225,0,1
0.1595,1,1
0.43743175,1,1
0.03726729,0,0
0.0017585774,0,0
0.83780277,1,1
0.002269767,1,0
0.14846145,1,1
0.34801418,1,1
0.00026691018,0,0
0.0013144399,0,0
0.25261202,1,1
0.026397644,1,0
0.15630667,1,1
0.16130865,1,1
0.00094458624,0,0
0.36652485,1,1
0.00020784432,0,0
0.19294429,1,1
0.0018785778,0,0
0.0016953624,0,0
0.0004512277,0,0
0.0014532662,1,0
0.0014346665,1,0
0.00066505204,0,0
0.0401162,1,0
0.011860891,1,0
0.14787146,1,1
0.0005958789,0,0
0.0024169895,0,0
0.0015907848,0,0
0.17637597,1,1
0.03342156,0,0
0.0065297494,0,0
0.0031650728,0,0
0.00328192,0,0
1.1436491,1,1
0.08537261,1,1
0.00027475794,0,0
0.001454734,1,0
0.1612012,1,1
0.0003469682,0,0
0.03883522,0,0
0.00033410592,0,0
0.28483093,1,1
0.3091932,1,1
0.001487554,1,0
0.015204772,1,0
0.40858293,1,1
0.21194604,1,1
0.048562918,0,1
0.21528932,1,1
0.0011221427,0,0
0.0002516252,0,0
0.20437954,1,1
0.0006214026,0,0
0.006729052,1,0
0.0002516909,0,0
0.005977504,1,0
0.063647024,1,1
0.000581413,0,0
0.006495599,0,0
0.20978665,1,1
0.39854002,1,1
0.027710758,0,0
0.0021204837,1,0
0.00032864933,0,0
0.38091126,1,1
0.0029449859,1,0
0.0011686957,1,0
0.38195828,1,1
0.0056388103,1,0
0.8035393,1,1
0.17396331,1,1
0.00024397433,0,0
0.10600355,1,1
0.111307144,1,1
0.00036081552,0,0
0.35646212,1,1
0.30011135,1,1
0.03613511,0,0
0.0043256506,0,0
0.0016352443,0,0
0.00063904136,0,0
0.006825701,1,0
0.31197533,1,1
0.21314617,1,1
0.00664728,1,0
0.006483779,1,0
0.00029201634,0,0
0.14105664,0,1
0.014998493,1,0
0.0002967522,0,0
0.0006421868,0,0
0.006612314,1,0
0.0045150765,0,0
0.3784976,1,1
0.3736424,1,1
0.00024927472,0,0
0.32187063,1,1
0.00029931837,0,0
0.10915584,1,1
0.0015937563,0,0
0.0015678642,0,0
0.00026262872,0,0
0.025226656,1,0
0.0027092667,0,0
0.93947715,1,1
0.04229124,1,1
0.08283223,1,1
0.000336393,0,0
0.0012222761,0,0
0.23011826,1,1
0.2402017,1,1
0.21658593,1,1
0.291361,1,1
0.1562399,1,1
0.00038809393,0,0
0.110482216,1,1
0.15481645,1,1
0.18468636,1,1
0.27550378,1,1
0.019307943,0,0
0.16092001,1,1
0.0024076076,1,0
0.003580959,0,0
0.24625313,1,1
0.2767092,1,1
0.0068779937,1,0
0.4712068,1,1
0.0018308992,0,0
0.0012505158,0,0
0.11013326,1,1
0.05395764,1,1
0.006620837,1,0
0.0028001678,0,0
0.00034715555,0,0
0.0229824,1,0
0.0233856,1,0
0.016587777,0,0
0.3789469,1,1
0.0060167783,0,0
0.40574545,1,1
0.9552108,1,1
0.40936488,1,1
0.00049743074,0,0
0.0002901008,0,0
0.0064527094,1,0
0.025004648,1,0
0.0003256496,0,0
0.0019106551,0,0
0.16395028,1,1
0.47878936,1,1
0.23489404,1,1
0.00037114962,0,0
0.07448486,1,1
0.21378008,1,1
0.035799485,0,0
0.0032603785,0,0
0.0097165005,0,0
0.23697501,1,1
0.0066260304,1,0
0.1184025,1,1
0.45752656,1,1
0.015971145,1,0
0.1886996,1,1
0.0012615485,1,0
0.0005258706,0,0
0.00033011727,0,0
0.0051326826,0,0
0.1841517,1,1
0.45966622,1,1
0.00021546544,0,0
0.2424508,1,1
0.0019029898,0,0
0.35162985,1,1
0.2878239,1,1
0.38554785,1,1
0.03543678,1,0
0.4137905,1,1
0.0018086886,1,0
0.00039601867,0,0
0.2379626,1,1
0.00024283782,0,0
0.00624475,1,0
0.00027909974,0,0
0.030948566,1,0
0.48009723,1,1
0.00943621,0,0
0.007367117,1,0
0.003752462,0,0
0.011408945,0,0
0.0017576765,0,0
0.00030718243,0,0
0.28114054,0,1
0.43745646,1,1
0.25539976,1,1
0.8829679,1,1
0.0005338117,0,0
0.00024414138,0,0
0.00036803944,0,0
0.0014534234,0,0
0.025125196,1,0
0.009197173,0,0
0.20308264,1,1
0.006474925,1,0
0.00026033068,0,0
0.0002667455,0,0
0.04539491,1,1
0.25310305,1,1
0.0056054965,1,0
0.00026687526,0,0
0.00030411722,0,0
0.22335203,1,1
0.23705694,1,1
0.20286325,1,1
0.0011440956,0,0
0.012794062,1,0
0.0054448037,1,0
0.03795678,1,0
0.011721733,1,0
0.14314896,1,1
0.43892196,1,1
0.18656108,1,1
0.03726729,0,0
0.19880694,1,1
0.432485,1,1
0.37168393,1,1
0.00042796685,0,0
0.00060654175,0,0
0.00050487363,0,0
0.8858782,1,1
0.00032702152,0,0
0.00665954,1,0
0.08482527,1,1
0.0002212328,0,0
0.2742058,1,1
0.27599275,1,1
0.00025404096,0,0
0.15433903,1,1
0.0004940024,0,0
0.0005663929,0,0
0.06530402,1,1
0.00032406932,0,0
0.00027830008,0,0
0.0014880076,0,0
0.0088488255,1,0
0.0002840049,0,0
0.4586819,1,1
0.3120176,1,1
0.0112028085,1,0
0.27609193,1,1
0.17419034,1,1
0.0008469393,0,0
0.0011148645,0,0
0.21813309,1,1
0.0077610984,0,0
0.026339939,1,0
0.0014240039,1,0
0.024843829,1,0
0.12739915,1,1
0.00031367852,0,0
0.0002751625,0,0
0.00040472348,0,0
0.0002501476,0,0
0.0002907382,0,0
0.17107734,1,1
0.06363614,1,1
0.0020429147,0,0
0.00022933556,0,0
0.0009976415,0,0
0.0522576,1,1
0.0002607769,0,0
0.0003485927,0,0
0.001528218,0,0
0.12930155,1,1
8.915391,1,1
0.1054672,1,1
0.19486845,1,1
0.03364497,1,0
0.040712375,1,0
0.0026408248,0,0
0.27190223,1,1
0.109103166,1,1
0.0005666214,0,0
0.026730295,1,0
0.0017659668,0,0
0.025179245,1,0
0.003919809,1,0
0.0018974743,0,0
0.171912,1,1
0.00047825975,0,0
0.0017099793,0,0
0.29373845,1,1
0.00030671142,0,0
0.0013366514,1,0
1.011416,1,1
0.0024659275,0,0
0.0018528412,0,0
0.2744302,1,1
0.00030125972,0,0
0.20820276,1,1
0.21562211,1,1
0.00043043157,0,0
0.15829468,0,1
0.000295379,0,0
0.00056246616,0,0
0.15803875,1,1
0.0066490676,0,0
0.002340909,1,0
0.00026125624,0,0
0.00025723292,0,0
0.03551598,1,0
0.13864966,1,1
0.005593819,1,0
0.039867774,1,0
0.00024397076,0,0
0.0004060368,0,0
0.1464914,1,1
0.007900918,1,0
0.0016288916,0,0
0.8183325,1,1
0.008296137,1,0
0.15899974,1,1
0.0015651772,0,0
0.21939822,1,1
0.0039091865,0,0
0.0025638898,0,0
0.0992578,1,1
0.0096823685,1,0
0.160325,1,1
0.026317084,1,0
0.320517,1,1
0.20131041,1,1
0.00032245825,0,0
0.03624681,1,0
0.00026764517,0,0
0.26499763,1,1
0.0003153582,0,0
0.001312795,1,0
0.386002,1,1
0.2621117,1,1
0.11172307,1,1
0.33294037,1,1
0.001114893,1,0
0.6836826,1,1
0.00023467123,0,0
0.08594916,0,1
0.00041350315,0,0
0.0015748081,1,0
0.00022851085,0,0
0.0055121523,0,0
0.0003313645,0,0
0.003130064,1,0
0.4854092,1,1
0.016975809,1,0
0.111241065,1,1
0.0025005091,1,0
0.0071441894,1,0
0.04047534,0,0
0.963833,1,1
0.18015572,1,1
0.024748785,1,0
0.48196337,1,1
0.39955288,1,1
0.00046723662,0,0
0.0008260793,0,0
0.109963976,1,1
0.0002460146,0,0
0.38053274,1,1
0.00022444368,0,0
0.44547635,1,1
0.022892985,1,0
0.00086327206,0,0
0.00040119642,0,0
0.00022773363,0,0
0.14324346,1,1
0.12933649,1,1
0.00022365848,0,0
0.042762008,1,1
0.12121555,1,1
0.4954327,1,1
0.000476787,0,0
0.9129888,1,1
0.20607488,1,1
0.00026763335,0,0
0.0011187244,1,0
0.17416167,1,1
0.00072299165,0,0
0.24301426,1,1
0.005463703,1,0
0.02533218,1,0
0.3607311,1,1
0.26127803,1,1
0.0012901394,0,0
0.22332473,1,1
0.14252862,1,1
0.00022035335,0,0
0.27173197,1,1
0.00033628885,0,0
0.1567968,1,1
0.20311828,1,1
0.0058474173,1,0
0.006531815,1,0
0.58010197,1,1
0.0010309039,0,0
0.0002735222,0,0
0.18521324,1,1
0.96436346,1,1
0.2249437,1,1
0.00026796173,0,0
0.2808378,1,1
0.93884045,1,1
0.2994438,1,1
0.06609236,0,1
0.0008965533,0,0
0.27410617,1,1
0.0016343335,1,0
0.00030679014,0,0
0.00041312026,0,0
0.028913183,1,0
0.3919799,1,1
0.0010306659,0,0
0.17719065,1,1
0.24179372,1,1
0.06907347,0,1
0.0005529335,0,0
0.16543595,1,1
0.00028969714,0,0
0.21330963,1,1
0.0002953104,0,0
0.0048470763,0,0
0.10369985,1,1
0.00025839635,0,0
0.006813108,1,0
0.000266911,0,0
0.06586842,0,1
0.23420484,1,1
0.39758193,1,1
0.00025913556,0,0
0.00034163997,0,0
0.7998934,1,1
0.107088275,1,1
0.0067290547,1,0
0.9076634,1,1
0.057358786,1,1
0.2606076,1,1
0.14670926,1,1
0.025288898,1,0
0.9371774,1,1
0.00024609565,0,0
0.00027597952,0,0
0.0008969093,0,0
0.18920729,1,1
0.00031522498,0,0
0.39403284,1,1
0.20112151,1,1
0.12103082,1,1
0.00044678533,0,0
0.0011600265,0,0
0.00095335155,0,0
2.149167,1,1
0.27338445,1,1
0.92823905,1,1
0.03592988,0,0
0.20830348,1,1
0.0015997287,0,0
0.00050102663,0,0
0.0005934467,0,0
0.0334501,1,0
0.006215729,1,0
0.0017060925,1,0
0.04727682,0,1
0.00081469957,0,0
0.37738988,1,1
0.00024459008,0,0
0.3997215,1,1
0.00038521778,0,0
0.22976522,1,1
0.0020209802,0,0
0.00028784163,0,0
0.00071565097,0,0
0.22694452,1,1
0.18498482,1,1
0.8855961,1,1
0.0036510422,0,0
0.2989825,1,1
0.025882352,1,0
0.014060894,0,0
0.00168668,0,0
0.017944073,1,0
0.92810076,1,1
0.050951533,1,1
0.0072974847,0,0
0.003578782,0,0
0.11196489,1,1
0.00028539367,0,0
0.22620176,1,1
0.00048701916,0,0
0.23510265,1,1
0.26127163,1,1
0.0067069363,1,0
0.0067134644,1,0
0.00038112173,0,0
0.00068561017,0,0
0.001899166,0,0
0.0004408818,0,0
0.00026238034,0,0
0.0051434957,1,0
0.00048508617,0,0
0.36979192,1,1
0.00027516836,0,0
0.00025400493,0,0
0.23939845,1,1
0.035010807,0,0
0.03271779,1,0
0.19426619,1,1
0.0002522053,0,0
0.36160007,1,1
0.0014632532,0,0
0.006420352,1,0
0.0010364612,0,0
0.072985664,0,1
0.04348099,1,1
0.019692408,1,0
0.0012252919,0,0
3.730094,0,1
0.3912071,1,1
0.019458916,0,0
0.0006208927,0,0
0.22943567,1,1
0.85996544,1,1
0.036793,0,0
0.00025449877,0,0
0.4511795,1,1
0.040203802,1,0
0.23535816,1,1
0.15117377,1,1
0.0002456372,0,0
0.23406933,1,1
0.01970603,1,0
0.0056766295,0,0
0.09650594,1,1
0.22271115,1,1
0.0019428292,0,0
0.22863787,1,1
0.04272584,1,1
0.44929132,1,1
0.00024001423,0,0
0.0033347392,0,0
0.00024212152,0,0
0.00024610964,0,0
0.12882346,1,1
0.30938712,1,1
0.02843412,1,0
0.31019866,1,1
0.17406027,1,1
0.0068856683,1,0
0.00030024594,0,0
0.00029537943,0,0
0.15048458,1,1
0.1498042,1,1
0.0006512712,0,0
0.37411755,1,1
0.00028970314,0,0
0.00024668867,0,0
0.24892943,1,1
0.37783712,1,1
0.007470187,0,0
0.011855922,1,0
0.0010700513,0,0
0.049571898,0,1
0.0002483319,0,0
0.00048482363,0,0
0.019366235,0,0
0.008540064,0,0
0.017740466,1,0
0.007796425,0,0
0.004535919,0,0
0.00034899157,0,0
0.0006802702,0,0
0.02608604,1,0
0.027606746,1,0
0.3581512,1,1
0.001075802,0,0
0.06522261,1,1
0.00022373546,0,0
0.006597218,1,0
0.006606593,0,0
0.4040975,1,1
0.0016354457,0,0
0.021481307,1,0
0.0005045862,0,0
0.12117572,1,1
0.00031332098,0,0
0.041666724,1,1
0.00060039805,0,0
0.45926526,1,1
0.00030087566,0,0
0.0005753246,0,0
0.13685721,1,1
0.0013322425,0,0
0.00028600474,0,0
0.04329163,1,1
0.03467926,1,0
0.280863,1,1
0.4844625,1,1
0.392669,1,1
0.035010815,0,0
2.0355601,1,1
0.00044135458,0,0
0.00024943086,0,0
0.00027793326,0,0
0.00036500834,0,0
0.00064319064,0,0
0.00881723,1,0
0.12051862,1,1
0.24703659,1,1
0.00023160814,0,0
0.00022447841,0,0
0.038060427,1,0
0.00050065405,0,0
0.00034659062,0,0
0.00069897785,0,0
0.005836959,1,0
0.0007414732,0,0
0.047250688,1,1
0.39067855,1,1
0.39016116,1,1
0.4364926,1,1
0.0015150458,0,0
0.37760758,1,1
0.024477866,1,0
0.108232245,1,1
0.00072953926,0,0
0.36521608,1,1
0.45383406,1,1
0.00043100637,0,0
0.1401421,1,1
0.34622294,1,1
0.00031563226,0,0
0.00029958744,0,0
0.006483766,1,0
0.003330435,1,0
0.0066260076,1,0
0.00023377837,0,0
0.15858877,1,1
0.0003463497,0,0
0.00033451247,0,0
0.17621794,1,1
0.17993477,1,1
0.00029653768,0,0
0.004273363,1,0
0.0002461121,0,0
0.0004063025,0,0
0.00027800107,0,0
0.00038440753,0,0
0.25012985,1,1
0.39262027,1,1
0.3165747,1,1
0.27478668,1,1
0.000411805,0,0
0.46056175,1,1
0.00055483344,0,0
0.39150378,1,1
0.016802754,1,0
0.0005145252,0,0
0.97243065,1,1
0.00034576992,0,0
0.01709688,1,0
0.016627964,1,0
0.22152163,1,1
0.21448213,1,1
0.14251973,1,1
0.010635311,0,0
0.07216118,1,1
0.112608895,1,1
0.0050464193,1,0
0.00027570978,0,0
0.003638421,0,0
0.0018459471,0,0
0.19553289,1,1
0.3953287,1,1
0.00030008313,0,0
0.22920649,0,1
0.35080066,1,1
0.0014167798,0,0
0.048730887,1,1
0.006526915,1,0
0.9730249,1,1
0.20740409,1,1
0.14178473,1,1
0.16349238,1,1
0.23340228,1,1
0.00041007783,0,0
0.010404129,1,0
0.90919316,1,1
0.06513573,1,1
0.00023141033,0,0
0.02092648,1,0
0.22345921,1,1
0.00060062547,0,0
0.0041251024,0,0
0.006099622,1,0
0.0002705326,0,0
0.00044031497,0,0
0.06514147,1,1
0.210393,1,1
0.00022964033,0,0
0.0025680636,0,0
0.031918768,0,0
0.00055318774,0,0
0.0011176874,0,0
0.88708365,1,1
0.00033079987,0,0
0.00045512704,0,0
0.008175607,1,0
0.39897296,1,1
0.006775914,0,0
0.00561632,1,0
0.024296729,0,0
0.00025928215,0,0
0.23638414,1,1
0.0066472385,1,0
0.00025533806,0,0
0.0002953246,0,0
0.3838148,1,1
0.23777933,1,1
0.18700786,1,1
0.00055846176,0,0
0.0012873836,1,0
0.007379857,0,0
0.18745077,1,1
0.2247542,1,1
0.09037236,0,1
0.0017491668,1,0
0.00026311443,0,0
0.9150429,1,1
0.06394566,1,1
0.0014314238,1,0
0.00089814316,0,0
0.26520342,1,1
0.0002982163,0,0
0.0013920094,0,0
0.00036424716,0,0
0.01694163,0,0
0.0068181064,0,0
0.002040748,1,0
0.0006799944,0,0
0.09755186,1,1
0.0018660445,0,0
0.00044305171,0,0
0.0023102022,1,0
0.020578286,0,0
0.21401282,1,1
0.13571446,1,1
0.0010467817,0,0
0.13576856,1,1
0.0013722349,1,0
0.0012576615,1,0
0.00096679904,0,0
0.91451913,1,1
0.0003597115,0,0
0.668083,1,1
0.237742,1,1
0.93338615,1,1
0.3807223,1,1
0.8157248,1,1
0.060567573,1,1
0.03337071,1,0
0.5420231,1,1
0.07990454,1,1
0.016943345,0,0
0.00022411987,0,0
0.001970875,0,0
0.21919502,1,1
0.0066371188,1,0
0.00049284374,0,0
0.0132938735,1,0
0.0017229341,0,0
0.13169916,1,1
0.44607604,1,1
0.0016522534,0,0
0.0086754495,0,0
0.00023554257,0,0
0.119163096,1,1
0.34306487,1,1
0.019580685,1,0
0.5516089,1,1
0.046532936,1,1
0.4317335,1,1
0.03986982,1,0
0.00069543277,0,0
0.0002846098,0,0
0.00026333836,0,0
0.15315485,1,1
0.00024419161,0,0
0.42513493,1,1
0.09782785,1,1
0.0008964022,0,0
0.011939424,1,0
0.011503854,1,0
0.00032532628,0,0
0.072253756,1,1
0.22943617,1,1
0.119547755,1,1
0.17176706,1,1
0.1498559,1,1
0.0002483166,0,0
0.0064447136,0,0
0.0012525135,0,0
0.0003452927,0,0
0.24104528,1,1
0.0012042064,0,0
0.00026302808,0,0
0.000384661,0,0
0.15620644,1,1
0.43896374,1,1
0.15101904,1,1
0.03418215,1,0
0.009705751,0,0
0.00036968302,0,0
0.25932708,1,1
0.007194312,0,0
0.059140787,1,1
0.0013070583,1,0
0.025663776,0,0
0.025715983,1,0
0.00032870795,0,0
0.00060359546,0,0
0.00024755977,0,0
0.007984865,1,0
0.4074822,1,1
0.0003503817,0,0
0.0010568767,0,0
0.17432532,1,1
0.00038445846,0,0
0.023703732,1,0
0.0005089879,0,0
0.00034591765,0,0
0.00021233605,0,0
0.0003429537,0,0
0.0006231189,0,0
0.001192247,1,0
0.18608041,1,1
0.008282597,0,0
0.00062542054,0,0
0.0012221469,0,0
0.23781084,1,1
0.2728888,1,1
0.00024307042,0,0
0.026961725,1,0
0.86403525,1,1
0.0066153784,1,0
0.00048197643,0,0
0.023474358,1,0
0.0067290887,1,0
0.09793391,1,1
0.0016616997,0,0
0.0002654442,0,0
0.10666431,1,1
0.00026639833,0,0
0.24342628,1,1
0.018500676,0,0
0.02433234,0,0
0.29088166,1,1
0.20520857,1,1
0.1740039,1,1
0.34686103,1,1
0.48923957,1,1
0.44982082,1,1
0.035786435,1,0
0.001266524,0,0
0.005213714,0,0
0.0138772745,1,0
0.0054087224,1,0
0.0005117196,0,0
0.25323847,1,1
0.4030397,1,1
0.10442126,1,1
0.13557893,1,1
0.20086864,1,1
0.0003152616,0,0
0.0003744959,0,0
0.19838822,1,1
0.0470046,1,1
0.37935847,1,1
0.1972436,1,1
0.2421841,1,1
0.0005389459,0,0
0.00028001124,0,0
0.2268165,1,1
0.3336504,1,1
0.0073093073,0,0
0.50604004,1,1
0.006444774,1,0
0.395332,1,1
0.073399335,1,1
0.0017256255,0,0
0.23663355,1,1
0.0065327636,1,0
0.00028578445,0,0
0.0002203214,0,0
0.00039620488,0,0
0.1381347,1,1
0.0002751211,0,0
0.42678502,1,1
0.0020208186,0,0
0.00029516878,0,0
0.0054689874,1,0
0.0005721845,0,0
0.35819072,1,1
0.00052621536,0,0
0.3618616,1,1
0.12283374,1,1
0.16181362,1,1
0.02551749,1,0
0.03780608,0,0
0.0006853759,0,0
0.00041088034,0,0
0.00024494482,0,0
0.0066862106,1,0
0.106513,1,1
0.00024707493,0,0
0.025550481,1,0
0.0039045552,0,0
0.0030414355,0,0
0.00074146345,0,0
0.0065233535,0,0
0.82542026,1,1
0.0005229342,0,0
0.037414946,0,0
0.10535726,1,1
0.21446428,1,1
0.45159838,1,1
0.03959614,1,0
1.0485071,1,1
0.095031954,1,1
0.015543233,0,0
0.00035207745,0,0
0.00042267013,0,0
0.21970885,1,1
0.023300815,1,0
0.35732523,1,1
0.0035809532,0,0
0.0003702804,0,0
0.08942821,1,1
0.0002710135,0,0
0.00028971926,0,0
0.22814474,1,1
0.0014865533,0,0
0.0067517045,1,0
0.22932029,1,1
0.24374871,1,1
0.00038425933,0,0
0.0013894512,0,0
0.012110632,1,0
0.0014745211,0,0
0.25263748,1,1
0.84525734,1,1
0.00022282978,0,0
0.044204682,1,1
0.17737332,1,1
0.036021825,0,0
0.00022729851,0,0
0.2360033,1,1
0.035689525,1,0
0.25937775,1,1
0.06646127,1,1
0.31384367,1,1
0.8508954,1,1
0.24941996,1,1
0.029957812,0,0
0.0017632308,0,0
0.21952504,1,1
0.00031846497,0,0
0.037888825,0,0
0.00026008222,0,0
0.56216437,0,1
0.0002525922,0,0
0.0023035386,0,0
0.35977685,1,1
0.0013945278,1,0
0.3756777,1,1
0.0065399488,1,0
0.27700746,1,1
0.18191695,1,1
0.15163292,1,1
0.005963972,0,0
0.0002773987,0,0
0.16234809,1,1
0.1776882,1,1
0.00036013112,0,0
0.21112488,1,1
0.0014436926,1,0
0.26782602,1,1
0.21633658,1,1
0.00034529663,0,0
0.005565603,1,0
0.008037429,0,0
0.0026875597,0,0
1.3963916,1,1
0.00025363333,0,0
0.4375208,1,1
0.029018274,0,0
0.33712232,1,1
0.0038779597,0,0
0.13458738,1,1
0.34531537,1,1
0.4906271,1,1
0.016349807,1,0
0.0060852873,1,0
0.27806026,1,1
0.15825953,1,1
0.0032328968,0,0
0.0035891994,0,0
0.00042575103,0,0
0.0004769495,0,0
0.00024392524,0,0
0.00042958267,0,0
0.000924166,0,0
0.44971642,1,1
0.0016571244,1,0
0.00033474975,0,0
0.053970568,1,1
0.0014370915,1,0
0.17967136,1,1
0.24638899,1,1
0.2233507,1,1
0.042627398,1,1
0.03870768,0,0
0.00023071306,0,0
0.0030246123,1,0
0.16036996,1,1
0.0015754509,1,0
0.0003751362,0,0
0.49751234,1,1
0.17113352,1,1
0.38257328,1,1
0.061733514,1,1
0.00022976828,0,0
0.00025495197,0,0
0.37793872,1,1
0.00024611622,0,0
0.0004634879,0,0
0.00030558393,0,0
0.13899545,1,1
0.26353148,1,1
0.007769704,0,0
0.00041472522,0,0
0.024528844,1,0
0.22547415,1,1
0.20484456,1,1
0.14836667,1,1
0.0002460203,0,0
0.23210439,1,1
0.18137029,1,1
0.0011755637,0,0
0.0065813507,1,0
0.25357527,1,1
0.14848049,1,1
0.005724993,0,0
0.016932549,1,0
0.1725337,1,1
0.00023567515,0,0
0.39485788,1,1
0.0012651401,0,0
0.0017656487,1,0
0.00038906964,0,0
0.0011693622,0,0
0.18376961,1,1
0.00029997597,0,0
0.07183429,1,1
0.3512546,1,1
0.4340696,1,1
0.035828188,1,0
0.02815431,1,0
0.0017731416,0,0
0.0002686983,0,0
0.8044797,1,1
0.18837568,1,1
0.00023364759,0,0
0.0021251105,0,0
0.051835544,1,1
0.041217066,1,1
0.00032732936,0,0
0.16116863,1,1
0.01786881,0,0
0.13021407,1,1
0.00040210597,0,0
0.014477663,1,0
0.03592988,0,0
0.014553456,0,0
0.03631093,1,0
0.0014791326,0,0
0.0064203697,1,0
0.26526845,1,1
0.01514297,1,0
0.17525603,1,1
0.005433911,0,0
0.002321087,0,0
0.37717146,1,1
0.16128683,1,1
0.00025526423,0,0
0.0003326865,0,0
0.0005265087,0,0
0.006697131,1,0
0.24033205,1,1
0.00024479165,0,0
0.001858949,0,0
0.16119672,1,1
0.13150115,1,1
0.16120122,1,1
0.038698528,1,0
0.0016363743,0,0
0.0025707535,0,0
0.016750813,1,0
0.0004287304,0,0
0.073451996,1,1
0.002717506,0,0
0.04061421,0,0
0.0004018256,0,0
0.23990706,1,1
0.0010480161,0,0
0.040312715,1,0
0.1627503,1,1
0.0003349141,0,0
0.0007818461,0,0
0.0013290182,0,0
0.030577026,1,0
0.00025156955,0,0
0.0015386693,1,0
0.00038163696,0,0
0.09113993,1,1
0.024512162,1,0
0.0003797676,0,0
0.2302142,1,1
0.0014452254,0,0
0.025662879,1,0
0.0015853728,0,0
0.008911587,0,0
0.0014379184,1,0
0.72085184,1,1
0.10722865,1,1
0.29609013,1,1
0.0062946156,1,0
0.0087981075,1,0
0.04463678,1,1
0.0013945815,0,0
0.016883042,0,0
0.24215245,1,1
0.4789801,1,1
0.0017629586,0,0
0.0148255415,0,0
0.4393613,1,1
0.5586841,1,1
0.3669343,1,1
0.15851212,1,1
3.773452,0,1
0.4991553,1,1
0.08991553,1,1
0.87959474,1,1
0.17920463,1,1
0.00022275884,0,0
0.00041391197,0,0
0.0006092566,0,0
0.10119678,1,1
0.14299774,1,1
0.09720452,1,1
0.007814302,1,0
0.22855803,1,1
0.08983065,1,1
0.13777113,1,1
0.20479788,1,1
0.11720923,1,1
0.05898341,1,1
0.00024136472,0,0
0.81843615,1,1
0.13385531,1,1
0.0005872249,0,0
0.3792085,1,1
0.21309876,1,1
0.00022030651,0,0
0.06271721,1,1
0.0057735466,0,0
0.00024254268,0,0
0.025253337,1,0
0.00054316246,0,0
0.0017411485,0,0
0.04033889,1,0
0.041717555,1,1
0.3973145,1,1
0.00030758258,0,0
0.00046966647,0,0
0.43744135,1,1
0.00033966426,0,0
0.00024985694,0,0
0.031850412,1,0
0.00025687774,0,0
0.036144476,1,0
0.072887436,0,1
0.32634267,1,1
0.023529226,1,0
0.16229457,1,1
0.007986687,0,0
0.14140552,1,1
0.013690616,0,0
0.36823937,1,1
0.00026332875,0,0
0.47808507,1,1
0.21314886,1,1
0.00040954255,0,0
0.00026985875,0,0
0.27902442,1,1
0.00024757188,0,0
0.006409571,1,0
0.0003769084,0,0
0.020649571,1,0
0.2822907,1,1
0.35597745,1,1
0.2756057,1,1
0.0072438107,1,0
0.16527191,1,1
0.22790802,1,1
0.00033553416,0,0
0.0002459609,0,0
0.2653594,1,1
0.042780723,1,1
0.006478881,0,0
0.0030772863,0,0
0.17866376,1,1
0.00023317439,0,0
0.23164302,1,1
0.46379676,1,1
0.28224292,1,1
0.11251089,1,1
0.21104302,1,1
0.365752,1,1
0.37536624,1,1
0.188536,1,1
0.9479224,1,1
0.00025579394,0,0
0.00090283685,0,0
0.0018430868,0,0
0.00048402,0,0
0.20732594,1,1
0.16751964,1,1
0.007309311,0,0
0.10649966,1,1
0.16431159,1,1
0.00033499158,0,0
0.0002528722,0,0
0.09810971,1,1
0.23763326,1,1
0.4375646,1,1
0.0944124,1,1
0.45930752,1,1
0.35634992,1,1
0.9046509,1,1
0.12208889,1,1
0.0009443851,0,0
0.00094030716,0,0
0.00022430845,0,0
0.0024502275,0,0
0.002618367,0,0
0.0005424865,0,0
0.0011913364,0,0
0.3455103,1,1
0.023340955,0,0
0.0024891533,0,0
0.143297,1,1
0.035120748,1,0
0.0009028382,0,0
0.22104193,1,1
0.00068511243,0,0
0.8018236,1,1
0.86857104,1,1
0.000265826,0,0
0.0373071,0,0
0.0014487891,0,0
0.2756236,1,1
0.14234343,1,1
0.00026151532,0,0
0.22731127,1,1
0.19178848,1,1
0.023622058,1,0
0.1732295,1,1
0.0002494737,0,0
0.21783924,1,1
0.006523365,1,0
0.006471602,1,0
0.0048994627,1,0
0.02437721,1,0
0.011992003,1,0
0.00036085132,0,0
0.00031582572,0,0
0.16394436,1,1
0.0009575433,0,0
0.13225456,1,1
0.0007233592,0,0
0.16980402,1,1
0.0043080924,0,0
0.2022853,1,1
0.0027711845,1,0
0.17479038,1,1
0.0002789465,0,0
0.035939235,1,0
0.45097482,1,1
0.0065318216,1,0
0.0031931524,0,0
0.020117467,1,0
0.00032706783,0,0
0.29644752,1,1
0.00025169802,0,0
0.38176215,1,1
0.14537825,1,1
0.25950143,1,1
0.010702546,0,0
0.012800785,0,0
0.0023955565,0,0
0.0064910194,1,0
0.025858961,1,0
0.12260814,1,1
0.39985153,1,1
0.20501654,1,1
0.00039802713,0,0
0.0006384602,0,0
0.3966084,1,1
0.22391455,1,1
0.39562857,1,1
0.3449631,1,1
0.20996329,1,1
0.5615094,1,1
0.011924028,0,0
0.17017633,1,1
0.30358225,1,1
0.04777607,1,1
0.22783063,1,1
0.0004950243,0,0
0.00030079743,0,0
0.0021110743,0,0
0.002281082,0,0
0.00026482902,0,0
0.22033778,1,1
0.00025751683,0,0
0.106620036,1,1
0.03075382,1,0
0.33947486,1,1
0.016063247,1,0
0.001180789,0,0
0.03636063,1,0
0.035929877,0,0
0.00022379706,0,0
0.24545765,1,1
0.2683398,1,1
0.012338833,0,0
0.08097087,1,1
0.14803547,1,1
0.15675421,1,1
0.008255441,0,0
0.001455631,1,0
0.17038618,0,1
0.8471272,1,1
0.19328837,1,1
0.40179294,1,1
0.007572147,1,0
0.00055149646,0,0
0.034450315,1,0
0.26945153,1,1
0.0002682793,0,0
0.00088676036,0,0
0.00055410666,0,0
0.861737,1,1
0.001595924,0,0
0.006526885,1,0
0.00029758908,0,0
0.00025801716,0,0
0.0011435305,1,0
0.95302284,1,1
0.0010263011,0,0
0.009623444,0,0
0.0002668058,0,0
0.23018771,1,1
0.0032081434,0,0
0.007600591,1,0
0.0014504201,0,0
0.031403657,1,0
0.20403452,1,1
0.18760875,1,1
0.00090042694,0,0
0.00041453823,0,0
0.2611949,1,1
0.0018599577,0,0
0.00025360752,0,0
84.83859,1,1
0.026612094,0,0
0.00045388972,0,0
0.24371761,1,1
0.0005915286,0,0
0.24670662,1,1
0.00044836572,0,0
0.29655915,1,1
0.00030712644,0,0
0.08521071,1,1
0.27308837,1,1
0.1730126,0,1
0.214879,1,1
0.067644574,1,1
0.000766171,0,0
0.015175843,1,0
0.03552424,1,0
0.002124822,0,0
0.00028466203,0,0
0.0003520434,0,0
0.1477902,1,1
0.09278669,1,1
0.13774909,1,1
0.9543596,1,1
0.016514478,1,0
0.284963,1,1
0.007119359,0,0
0.033970922,1,0
0.16999349,1,1
0.025295475,1,0
0.005814178,1,0
0.00028560357,0,0
0.0002889481,0,0
0.0017858644,0,0
0.14374773,1,1
0.39641565,1,1
0.00043136094,0,0
0.013024429,1,0
0.13760264,1,1
0.0031060264,1,0
0.004783093,0,0
0.00057891273,0,0
0.0011779978,0,0
0.0016252017,0,0
0.00024285848,0,0
0.43668202,1,1
0.13370422,1,1
0.35789162,1,1
0.018065125,0,0
0.010404082,1,0
0.20006531,1,1
0.00026948654,0,0
0.00073136616,0,0
0.47588274,1,1
0.025646033,1,0
0.005035761,1,0
0.33628926,1,1
0.28204283,1,1
0.15597662,1,1
0.056876577,1,1
0.13218011,1,1
0.23090541,1,1
0.15083082,1,1
0.010274654,0,0
0.030766921,1,0
0.0020153562,0,0
0.086133674,1,1
0.025625592,1,0
0.36506522,1,1
0.15937762,1,1
0.0003585123,0,0
0.6075674,1,1
0.9974072,1,1
0.1238299,0,1
0.0003030013,0,0
0.3288912,1,1
0.04034289,0,0
0.038304742,1,0
0.16612184,1,1
0.16116357,1,1
0.00035082235,0,0
0.00026807454,0,0
0.0003148083,0,0
0.002475326,0,0
0.0006470165,0,0
0.0066103116,1,0
0.0063666366,1,0
0.0011676048,0,0
0.038986243,0,0
0.23911037,1,1
0.0005595056,0,0
0.00031573809,0,0
0.05648077,1,1
0.00026689091,0,0
0.003768404,1,0
0.0012564865,1,0
0.13486324,1,1
0.036560874,1,0
0.0022836006,1,0
0.002196427,0,0
0.011824911,0,0
0.014308732,1,0
0.035929885,0,0
0.3957225,1,1
0.8624158,1,1
0.14806391,1,1
0.42621115,1,1
0.3818539,1,1
0.00645348,1,0
0.0004450369,0,0
0.19308706,1,1
0.00028672811,0,0
0.0005395242,0,0
0.23707876,1,1
0.3592329,1,1
0.0013988888,1,0
0.038847856,1,0
0.001626567,1,0
0.9014612,1,1
0.016179532,0,0
0.048206747,1,1
0.0067290794,1,0
0.0018274356,0,0
0.00256957,0,0
0.18076476,1,1
0.2536268,1,1
0.15057929,1,1
0.051774822,1,1
0.0009202489,0,0
0.0012942685,0,0
0.0007685014,0,0
0.27149326,1,1
0.006312528,1,0
0.21084931,1,1
0.00044492786,0,0
0.0012258115,1,0
0.0073613334,1,0
0.13572018,1,1
0.0013100157,0,0
0.0002963151,0,0
0.00022165975,0,0
0.24247107,1,1
0.0019436774,0,0
0.0013678957,1,0
0.037366815,1,0
0.0024760964,1,0
0.00647892,1,0
0.22482632,1,1
0.24125187,1,1
0.3361127,1,1
0.18114841,1,1
0.1934952,1,1
0.012375131,1,0
0.11129529,1,1
0.46986008,1,1
0.17693824,1,1
0.18181819,1,1
0.26425746,1,1
0.027286194,1,0
0.35845077,1,1
0.07841184,1,1
0.0070907692,1,0
0.005828633,1,0
0.03427574,0,0
0.12453078,1,1
0.035010844,0,0
0.26082572,1,1
0.14342666,1,1
0.32899958,1,1
0.025403561,1,0
0.000541022,0,0
0.0023684269,0,0
0.002632497,1,0
0.09062916,1,1
0.030044151,1,0
0.26532328,1,1
0.007951553,0,0
0.05652152,1,1
0.00025921475,0,0
0.2007181,1,1
0.35261527,1,1
0.0015254164,0,0
0.18871187,1,1
0.3731511,1,1
0.20932895,1,1
0.026740381,1,0
0.1953887,1,1
0.0014697564,1,0
0.21464239,1,1
0.0016028362,0,0
0.000295259,0,0
0.0017719469,0,0
0.0007577006,0,0
122.82209,1,1
0.034064613,1,0
0.037400868,0,0
0.3176201,1,1
0.0032061106,0,0
0.07364145,1,1
0.3192792,1,1
0.0056758095,1,0
0.25111762,1,1
0.16841978,1,1
0.0065233605,1,0
0.14218071,1,1
0.00020193901,0,0
0.47327688,1,1
0.00025391765,0,0
0.008443271,0,0
0.00026175645,0,0
0.00024094012,0,0
0.176718,1,1
0.2301579,1,1
0.0014738968,0,0
0.00034675366,0,0
0.22131594,1,1
0.36868477,1,1
0.4256916,1,1
0.20594175,1,1
0.00025402044,0,0
0.00061452587,0,0
0.0014480135,0,0
0.00030908425,0,0
0.0067841373,1,0
0.12098452,1,1
0.008590913,1,0
0.0009954171,0,0
0.0002373829,0,0
0.00936062,1,0
0.00033829638,0,0
0.00022195672,0,0
0.026379708,1,0
0.26904407,1,1
0.3190235,1,1
0.0017065702,0,0
0.00043519086,0,0
0.0003584484,0,0
0.000530405,0,0
0.14335513,1,1
0.38247526,1,1
0.0380895,0,0
0.05914082,1,1
0.0011894463,0,0
0.11529269,1,1
0.26374775,1,1
0.00028618783,0,0
2.6431735,1,1
0.0013340213,1,0
0.002021474,0,0
0.0019003662,0,0
0.22558019,1,1
0.004295647,0,0
0.027744692,0,0
0.2727914,1,1
0.0003037902,0,0
0.0004189264,0,0
0.0009105264,0,0
0.59316915,1,1
1.0693784,1,1
0.37805584,1,1
0.11971183,1,1
0.00046627733,0,0
0.0005082631,0,0
0.14855266,1,1
0.061150253,1,1
0.2699721,1,1
0.03985346,1,0
0.2238804,1,1
0.0002605994,0,0
0.39302492,1,1
0.32640854,1,1
0.28900182,1,1
0.09572498,0,1
0.013173384,1,0
0.0104834745,0,0
0.0003294624,0,0
0.22347185,1,1
0.4773398,1,1
0.2256634,1,1
0.00040589127,0,0
0.0016391672,0,0
0.00022474628,0,0
0.0003366313,0,0
0.027439492,1,0
0.90564495,1,1
0.00093630684,0,0
0.0031858508,1,0
0.11634201,1,1
0.017693298,1,0
0.19479123,1,1
0.038742166,1,0
0.0065526175,1,0
0.0010598071,0,0
0.07392289,1,1
0.2224214,1,1
0.45096752,1,1
0.0015060627,0,0
0.023295436,0,0
0.00065815705,0,0
0.007022688,0,0
0.40363827,1,1
0.4397205,1,1
0.22593117,1,1
0.013595804,0,0
0.007649772,1,0
0.17321186,1,1
0.2168493,1,1
0.13238636,1,1
0.00070006016,0,0
0.00075062556,0,0
0.003292035,0,0
0.00033335737,0,0
0.2296509,1,1
0.006626936,1,0
0.46421906,1,1
0.1767504,1,1
0.00043711907,0,0
0.00022676412,0,0
0.0003952871,0,0
0.00033069335,0,0
0.259066,1,1
0.0007252729,0,0
0.18028985,1,1
0.0004524591,0,0
0.33442074,1,1
0.22990721,1,1
0.01300259,1,0
0.36492276,1,1
0.1216627,1,1
0.19513258,1,1
0.0018989719,0,0
0.0005199907,0,0
0.024295097,1,0
0.006784123,0,0
0.102461725,1,1
0.00023562521,0,0
0.117215276,1,1
0.016524281,0,0
0.0004197453,0,0
0.00022916772,0,0
0.00040719972,0,0
0.0062157316,1,0
0.16257045,1,1
0.0003847262,0,0
0.04414979,1,1
0.0032317624,0,0
0.9493854,1,1
0.06875212,1,1
0.23835763,1,1
0.3853309,1,1
0.24821019,1,1
0.21911314,1,1
0.16215096,1,1
0.014725138,1,0
0.0010418722,0,0
0.00037489715,0,0
0.008314779,0,0
0.18864754,1,1
0.0013703348,0,0
0.00066935644,0,0
0.016736755,1,0
0.00046994124,0,0
0.0105783325,0,0
0.03708379,0,0
0.44120562,1,1
0.10847344,1,1
0.00060929643,0,0
0.47296965,1,1
0.37169504,1,1
0.0004907349,0,0
0.00023511954,0,0
0.18371725,1,1
0.00027261875,0,0
0.00083733606,0,0
0.40268534,1,1
0.0002544225,0,0
0.23659204,1,1
0.043381874,0,1
0.16870296,1,1
0.0011139257,0,0
0.011518363,0,0
0.18089779,1,1
0.02627438,0,0
0.91679895,1,1
0.0006368201,0,0
0.025517827,1,0
0.21432322,1,1
0.00044136576,0,0
0.12927301,1,1
0.00028956344,0,0
0.0002954845,0,0
0.00034249428,0,0
0.04123297,1,1
0.03555022,0,0
0.00022443663,0,0
0.16854514,1,1
0.39871728,1,1
0.21624021,1,1
0.00022230111,0,0
0.0032746617,0,0
0.0010722104,0,0
0.0025008104,0,0
0.00028438095,0,0
0.20441815,1,1
0.17139994,1,1
0.021935165,0,0
0.1088878,1,1
0.00026943212,0,0
0.0005530871,0,0
0.1515458,1,1
0.00661559,1,0
0.00027059444,0,0
0.005229937,1,0
0.00029527102,0,0
0.22001834,1,1
0.21816514,1,1
0.20516494,1,1
0.01267877,1,0
0.13062167,1,1
0.0014403091,0,0
0.014603633,1,0
0.0003892217,0,0
0.00026610776,0,0
0.001434533,1,0
0.16170579,1,1
0.24822634,1,1
0.30553654,1,1
0.0002722481,0,0
0.08762605,0,1
0.0002493756,0,0
0.44288924,1,1
0.48673594,1,1
0.24078374,1,1
0.034441307,0,0
0.08800825,1,1
0.29577026,1,1
0.16237733,1,1
0.1546745,1,1
0.9153882,1,1
0.0034364732,0,0
0.15612875,1,1
0.04211194,1,1
0.0018191567,1,0
0.00033211097,0,0
0.005711905,1,0
0.0013864647,1,0
0.14428926,1,1
0.00024305852,0,0
0.0015951381,0,0
0.0023256375,1,0
0.38423675,1,1
0.0003508889,0,0
0.0014786542,1,0
0.07167959,0,1
0.37708366,1,1
0.17937687,1,1
0.15885557,1,1
0.07239984,0,1
0.26061025,1,1
0.3325387,1,1
0.23250324,1,1
0.042114455,1,1
0.0002668425,0,0
0.15596731,1,1
0.22740509,1,1
0.12698625,1,1
0.010180451,1,0
0.24080811,1,1
0.072915725,1,1
0.19695269,1,1
0.0015641175,0,0
0.37178242,1,1
0.0026635556,0,0
0.13051596,1,1
0.0014126407,1,0
0.22338937,1,1
0.44316074,1,1
0.21745048,1,1
0.0012522276,1,0
0.175548,1,1
0.0053292136,1,0
0.0006174082,0,0
0.00031546762,0,0
0.014269785,1,0
0.42025366,1,1
0.000389402,0,0
0.36394376,1,1
0.033571467,1,0
0.0039167204,0,0
0.14383651,1,1
0.13358304,1,1
0.00023639615,0,0
0.008226922,0,0
0.00027427974,0,0
0.020648092,1,0
0.0005121163,0,0
0.0034501513,0,0
0.67911637,1,1
0.025265735,1,0
0.28446117,1,1
0.0018439956,0,0
0.00024758416,0,0
0.14355549,1,1
0.0002742341,0,0
0.14596528,1,1
0.008085958,1,0
0.3907446,1,1
0.0013433207,1,0
0.00028559094,0,0
0.0010221773,0,0
0.20500281,1,1
0.002018192,0,0
0.12583612,1,1
0.25355387,1,1
0.037493885,1,0
0.04157785,1,1
0.0003132382,0,0
0.020712527,1,0
0.010147603,1,0
0.17593977,1,1
0.30081713,1,1
0.15005544,1,1
0.00026432791,0,0
0.17316145,1,1
0.05172211,1,1
0.0030397163,0,0
0.050839446,1,1
0.004205727,0,0
0.00049469486,0,0
0.00024596212,0,0
0.43884692,1,1
0.00024397096,0,0
0.05788345,1,1
0.0003040716,0,0
0.09458845,1,1
0.4980166,1,1
0.0003072851,0,0
0.23028319,1,1
0.0019882384,0,0
0.31088498,1,1
0.00030166592,0,0
0.005558525,1,0
0.33654854,1,1
0.15723957,1,1
0.038703308,1,0
0.33169952,1,1
0.35023907,1,1
0.13481286,1,1
0.00030672704,0,0
0.025967127,1,0
0.01250888,1,0
0.023163937,0,0
0.00029529008,0,0
0.0012235594,1,0
0.025695724,1,0
0.008227197,1,0
0.00020933423,0,0
0.0017840848,0,0
0.0065233605,1,0
0.003531552,0,0
0.20128582,1,1
0.0010493773,0,0
0.006697113,0,0
0.14795879,1,1
0.0020955664,0,0
0.16312574,1,1
0.15589558,1,1
0.0004160137,0,0
0.011924208,0,0
0.009050372,1,0
0.55038273,1,1
0.00024330552,0,0
0.2197361,1,1
0.06141695,1,1
0.000243369,0,0
0.00026461747,0,0
0.28298476,1,1
0.39420858,1,1
0.36495215,1,1
0.113562725,1,1
0.120581254,1,1
0.0389098,1,0
0.005097769,1,0
0.361028,1,1
0.16742754,1,1
0.006979805,0,0
0.22663924,1,1
0.2225103,1,1
0.17321497,1,1
0.00030235044,0,0
0.040452804,1,0
0.03740086,0,0
0.0002740563,0,0
0.28314045,1,1
0.0064096027,1,0
0.1623932,1,1
0.0012481157,0,0
0.00038977977,0,0
0.00666733,1,0
0.00661557,1,0
0.00040152165,0,0
0.0010666706,0,0
0.00033781258,0,0
0.006444743,1,0
0.033571437,1,0
0.0006381332,0,0
0.11831748,1,1
0.26631755,1,1
0.224968,1,1
0.007608471,0,0
0.0005230483,0,0
0.00038381116,0,0
0.0003593916,0,0
0.007885992,0,0
0.043250807,1,1
0.16448157,1,1
0.5771933,1,1
0.21491744,1,1
0.11534406,1,1
0.02860406,1,0
0.16073292,1,1
0.21057793,1,1
0.013381439,1,0
0.036631417,1,0
0.0009688816,0,0
0.00024618747,0,0
0.22154368,1,1
0.49362928,1,1
0.04562306,1,1
0.00024462308,0,0
0.5355451,1,1
0.00059563864,0,0
0.00024387245,0,0
0.005599977,0,0
0.46239743,1,1
0.00043505113,0,0
0.37818867,1,1
0.2622695,1,1
0.0016693189,0,0
0.006494829,1,0
0.02725002,1,0
0.20493251,1,1
0.86081135,1,1
0.00034561002,0,0
0.009543657,0,0
0.36788136,1,1
0.005827876,1,0
0.001777016,0,0
0.37015453,1,1
0.025451722,1,0
0.0004789345,0,0
0.34662136,1,1
0.0002908757,0,0
0.03427577,0,0
0.0079266755,0,0
0.0002698302,0,0
0.00082751835,0,0
0.0017727144,0,0
0.00036398243,0,0
0.0002476839,0,0
0.17353842,1,1
0.15387394,1,1
0.14406317,1,1
0.056486163,1,1
0.0012853686,0,0
0.95814466,1,1
0.26025113,1,1
0.00035154787,0,0
0.0068942434,1,0
0.012404294,1,0
0.000266911,0,0
0.012130624,0,0
0.00688578,0,0
0.043009706,1,1
0.0022715754,0,0
0.029520476,1,0
0.010532754,1,0
0.00048236453,0,0
0.0056573683,1,0
0.95946056,1,1
0.0006954215,0,0
0.1153963,1,1
0.036055215,1,0
0.0002991199,0,0
0.00040291485,0,0
0.038986247,0,0
0.0107172355,1,0
0.05534533,1,1
0.28852117,0,1
0.16346274,1,1
0.34496054,1,1
0.00074383826,0,0
0.00033001846,0,0
0.27926737,1,1
0.38953248,1,1
0.0006867924,0,0
0.10945179,1,1
0.00652693,1,0
0.0030371773,0,0
0.00361044,0,0
0.17957675,1,1
5.1678176,1,1
0.0014977341,0,0
0.027445694,1,0
0.001649731,1,0
0.0064447457,1,0
0.21117073,1,1
0.21938117,1,1
0.14615144,1,1
0.19591716,1,1
0.47451246,1,1
0.0004814905,0,0
0.0005353912,0,0
0.0017636807,1,0
0.00025554287,0,0
0.12230293,1,1
0.016514556,1,0
0.11436978,1,1
0.231118,1,1
0.20363782,0,1
0.012982096,0,0
0.00030660265,0,0
0.30082697,1,1
0.1568081,1,1
0.00046630728,0,0
0.15485002,1,1
0.20538798,1,1
0.043533787,1,1
0.00086944015,0,0
0.00065883895,0,0
0.0146056665,1,0
0.017724255,1,0
0.42723015,1,1
0.20836137,1,1
0.008529353,1,0
0.15486361,1,1
0.23314208,1,1
0.29956037,1,1
0.0018780979,0,0
3.6851394,0,1
0.045440286,1,1
0.24006869,1,1
0.36494675,1,1
0.23601495,1,1
0.30137601,1,1
0.00027809956,0,0
0.00052104914,0,0
0.001754741,1,0
0.19607976,1,1
0.03898624,0,0
0.12862778,1,1
0.051450815,1,1
0.31342563,1,1
0.0070909653,0,0
0.00054337486,0,0
0.00038646453,0,0
0.1262836,1,1
0.00029494884,0,0
0.014808101,1,0
0.0023116437,0,0
0.0002795497,0,0
0.025242358,1,0
0.01395927,0,0
0.0043328768,1,0
0.00024217468,0,0
0.015137924,1,0
0.002353012,1,0
0.00027993627,0,0
0.030213537,1,0
0.00034099625,0,0
0.3048828,1,1
0.19944726,1,1
0.0017807616,0,0
0.00049193157,0,0
0.024693288,1,0
0.04109735,1,1
0.36469275,1,1
0.04137143,1,1
0.002442688,0,0
0.0012422707,0,0
0.0018401992,0,0
0.0066472534,0,0
0.20079452,1,1
0.021458983,1,0
0.0014288804,0,0
0.2164947,1,1
0.00034819642,0,0
0.11838157,1,1
0.0033805429,0,0
0.2551844,1,1
0.00030493547,0,0
0.2252481,1,1
0.006001503,1,0
0.0006182843,0,0
0.22362977,1,1
0.24302715,1,1
0.8269065,1,1
0.21752441,1,1
0.15400968,1,1
0.2606196,1,1
0.28818282,1,1
0.0120213935,1,0
0.009901358,1,0
0.49546897,1,1
0.23411383,1,1
0.107609145,1,1
0.025104215,1,0
0.37077427,1,1
0.00029464456,0,0
0.0013456552,1,0
0.00046846483,0,0
0.018490875,1,0
0.37954742,1,1
0.008894148,1,0
0.00038669704,0,0
0.16388471,1,1
0.039480727,1,0
0.00860265,1,0
0.8504551,1,1
0.00024077896,0,0
0.061480522,1,1
0.003701661,0,0
0.72576505,1,1
0.22705902,1,1
0.36397395,1,1
0.0002598612,0,0
0.17005104,1,1
0.010072797,0,0
0.23791522,1,1
0.35763946,1,1
0.12931332,1,1
0.0018322559,1,0
0.09810008,1,1
0.006628586,1,0
0.00049146294,0,0
0.16870406,1,1
0.2942356,1,1
0.038986187,0,0
0.0006066329,0,0
0.0072217453,0,0
0.9704958,1,1
0.00068148976,0,0
0.06522298,1,1
0.0014939388,0,0
0.00041675262,0,0
0.22108364,1,1
0.27746832,1,1
0.0013746984,1,0
0.077548556,1,1
0.14958218,0,1
0.0010600073,0,0
0.15234017,1,1
0.35318062,1,1
0.015204771,1,0
0.035010792,0,0
0.27790144,1,1
0.09496026,1,1
0.15057664,1,1
0.020325664,1,0
0.0002514892,0,0
0.000278846,0,0
0.2463529,1,1
0.43315107,1,1
0.0445591,1,1
0.007295949,1,0
0.15162818,1,1
0.059999727,1,1
0.003588848,0,0
0.18447842,1,1
0.00031037393,0,0
0.0068296827,1,0
0.34954178,1,1
0.0011592092,1,0
0.0029775521,1,0
0.14810404,1,1
0.007922488,1,0
0.35824773,1,1
0.00034824174,0,0
0.93659854,1,1
0.0073483665,1,0
0.2576254,1,1
0.15456058,1,1
0.15149833,1,1
0.25205937,1,1
0.3406387,1,1
0.16944882,1,1
0.0063805957,0,0
0.36736304,1,1
0.15744333,1,1
0.0037937532,0,0
0.0019952506,1,0
0.04482848,0,1
0.0064910264,1,0
0.0064910674,0,0
0.005193881,1,0
0.010406314,0,0
0.0014437042,1,0
0.033408854,1,0
0.007354636,1,0
0.60584027,1,1
0.0004585901,0,0
0.0015492681,0,0
0.10237825,1,1
0.15289637,1,1
0.008089304,1,0
0.039993357,1,0
0.0026259203,1,0
0.19365327,1,1
0.00031876288,0,0
0.00030464464,0,0
0.123885244,1,1
0.0007421381,0,0
0.89936197,1,1
0.5022149,1,1
0.0005362002,0,0
0.00038256895,0,0
0.010252439,0,0
0.35172918,1,1
0.20996864,1,1
0.08570463,1,1
0.13596506,1,1
0.00029950304,0,0
0.022445299,1,0
0.0003451462,0,0
0.30153883,1,1
0.00089125865,0,0
0.0010290298,0,0
0.0073443823,1,0
0.0019257494,0,0
0.002678435,0,0
0.013991747,0,0
0.073484294,1,1
0.21094194,1,1
0.0072411844,0,0
0.43819496,1,1
0.037273657,1,0
0.37946907,1,1
0.00028460353,0,0
0.036135137,0,0
0.07781759,1,1
0.89770824,1,1
0.0006621864,0,0
0.011968692,1,0
0.0058153095,1,0
0.0066738985,1,0
0.020672238,0,0
0.00036694205,0,0
0.00046853552,0,0
0.015313784,1,0
0.4095032,1,1
0.30650538,1,1
0.2762605,1,1
0.00023752733,0,0
0.03930078,0,0
0.0030175308,0,0
0.089799136,1,1
0.00042158947,0,0
0.008192968,0,0
0.00036324793,0,0
0.34965757,1,1
0.0002464006,0,0
0.00026477082,0,0
0.00038725225,0,0
0.0010781471,0,0
0.0018943977,0,0
0.003725293,0,0
0.02286598,0,0
0.000286366,0,0
0.26272985,1,1
0.0013386864,0,0
0.10087996,1,1
0.016390394,1,0
0.00052735826,0,0
0.28047505,1,1
0.24043468,1,1
0.017628899,0,0
0.050673477,1,1
0.1660954,1,1
0.220771,1,1
0.0061395983,0,0
0.21006517,1,1
0.0003434148,0,0
0.21187213,1,1
0.36321604,1,1
0.12126052,1,1
0.00045352438,0,0
0.25109932,1,1
0.0029285364,1,0
0.02494313,1,0
0.4090344,1,1
0.92118967,1,1
0.00029510938,0,0
0.016016541,1,0
0.306908,1,1
0.20211488,1,1
0.0060263327,1,0
0.28568876,1,1
0.0036780168,1,0
0.27103132,1,1
0.0032138857,0,0
0.0017345719,1,0
0.11674269,1,1
0.00054610637,0,0
0.0010564362,0,0
0.16783148,1,1
0.2109232,1,1
0.001880328,0,0
0.21221945,1,1
0.0003105113,0,0
0.19250628,1,1
0.46329293,1,1
0.02530355,1,0
0.00027991546,0,0
0.29697147,1,1
0.11919279,1,1
0.16865087,1,1
0.00037066947,0,0
0.19019854,1,1
0.14656484,1,1
0.00040640656,0,0
0.17359027,1,1
0.0002516748,0,0
0.4069526,1,1
0.01682421,1,0
0.0003492756,0,0
0.17417249,1,1
0.22535124,1,1
0.16128683,1,1
0.00024387216,0,0
0.038286384,1,0
0.0015265071,0,0
0.0008991884,0,0
0.25420332,1,1
0.15579078,0,1
0.0010297848,0,0
0.36565384,1,1
0.14876859,1,1
0.02519565,1,0
0.0034513448,1,0
0.17855445,1,1
0.006568174,1,0
0.20055476,1,1
0.35753322,1,1
0.29022768,1,1
0.23791729,1,1
0.035010792,0,0
0.0072178897,1,0
0.28283632,1,1
0.24437037,1,1
0.00029988808,0,0
0.007347849,1,0
0.0020177693,0,0
0.15182085,1,1
0.23605902,1,1
0.16121422,1,1
0.42789134,1,1
0.0002716612,0,0
0.0065327263,1,0
0.2512581,1,1
0.37820333,1,1
0.030576732,1,0
0.00030196874,0,0
0.0374009,0,0
0.973649,1,1
0.001636745,0,0
0.26026508,1,1
0.006136706,0,0
0.0007983667,0,0
0.14761822,1,1
0.13390207,1,1
0.05108736,1,1
0.15988421,1,1
0.49533966,1,1
0.00024337079,0,0
0.39115217,1,1
0.005589581,0,0
0.0025452361,1,0
0.0060432367,1,0
0.0010666599,0,0
0.012125666,1,0
0.0018658114,0,0
0.010596996,0,0
0.88938975,1,1
0.2305339,1,1
0.00045063125,0,0
0.000294447,0,0
0.94935244,1,1
0.0013328766,0,0
0.014208355,1,0
0.0017804899,0,0
0.010325326,0,0
0.22210887,1,1
0.21284445,1,1
0.3020782,1,1
1.0610896,1,1
0.00021040274,0,0
0.07045576,1,1
0.40699422,1,1
0.001781024,0,0
0.0018801395,0,0
0.12463367,1,1
0.00029521761,0,0
0.004097152,0,0
0.0006286803,0,0
0.0002460826,0,0
0.42669436,1,1
0.011922239,0,0
0.00025852124,0,0
0.00024772206,0,0
0.12726575,1,1
0.0012316005,0,0
0.00037064037,0,0
0.233137,1,1
0.17374554,1,1
0.48577788,1,1
0.03304478,1,0
0.14460757,1,1
0.033711962,1,0
0.00072237564,0,0
0.27160862,1,1
0.00024505807,0,0
0.00026922685,0,0
0.0006183518,0,0
0.03573202,0,0
0.13990912,1,1
0.012015004,1,0
0.0022039618,1,0
0.1615732,1,1
0.0006797894,0,0
0.07910029,1,1
0.00045719993,0,0
0.07443721,1,1
0.24093984,1,1
0.010474955,0,0
0.0067836526,1,0
0.042786557,1,1
2.5347698,1,1
0.00039937382,0,0
0.19887249,1,1
0.00029853452,0,0
0.007157949,1,0
0.0009577015,0,0
0.5834638,1,1
0.16269687,1,1
0.02442417,1,0
0.0019733363,1,0
0.00089719164,0,0
0.11524472,1,1
0.00045573,0,0
0.0030488877,1,0
0.006729038,1,0
0.24918817,1,1
0.00036977124,0,0
0.00083186576,0,0
0.0103972405,0,0
0.001021142,0,0
0.0564018,1,1
0.012221974,0,0
0.002018044,0,0
0.00022025988,0,0
0.24323061,1,1
0.15985908,1,1
0.45147887,1,1
0.4773659,1,1
0.00124112,0,0
0.016020816,0,0
0.00055251736,0,0
0.074797444,1,1
0.0012564864,1,0
0.0016924969,0,0
0.0006718234,0,0
0.0011144947,0,0
0.0021077902,0,0
0.106064655,1,1
0.0002545178,0,0
0.17242518,1,1
0.10596761,1,1
0.000530616,0,0
0.2873136,1,1
0.48469284,1,1
0.21106929,1,1
0.007370078,1,0
0.123583026,1,1
0.12836547,1,1
0.00035901627,0,0
0.00031892327,0,0
0.00037809234,0,0
0.13720359,1,1
0.06709632,1,1
0.1891566,1,1
0.17518455,1,1
0.27761063,1,1
0.123509735,1,1
0.010344122,1,0
0.3574529,0,1
0.014211437,1,0
0.19713722,1,1
0.000248574,0,0
0.16025987,1,1
0.04255241,1,1
0.36948717,1,1
0.9037292,1,1
0.91989297,1,1
0.061095167,1,1
0.00025570748,0,0
0.43278858,1,1
0.00042191826,0,0
0.006612298,1,0
0.0005067201,0,0
0.27382305,1,1
0.010234146,0,0
0.011355519,1,0
0.000431944,0,0
0.3544104,1,1
0.02988765,1,0
0.0021829852,1,0
0.019128961,0,0
0.0013844882,1,0
0.00227985,0,0
0.055089235,1,1
0.038986295,0,0
0.00315464,0,0
0.00021438499,0,0
0.03501076,0,0
0.0004425921,0,0
0.08279147,1,1
0.00031150217,0,0
0.0004552765,0,0
3.7504869,1,1
0.2381617,1,1
0.00032998945,0,0
3.736877,0,1
0.2066853,1,1
0.0041078534,0,0
0.16487597,1,1
0.0024485253,1,0
0.00026653806,0,0
0.0002230045,0,0
0.0003350945,0,0
0.008796382,0,0
0.0004880876,0,0
0.34040588,1,1
0.2428692,1,1
0.22570112,1,1
0.39405617,1,1
0.2650827,1,1
0.24643289,1,1
0.4440377,1,1
0.0006807644,0,0
0.0016468874,0,0
0.22037962,1,1
0.053324297,1,1
0.03730703,0,0
0.30035692,1,1
0.00031235637,0,0
0.0003731562,0,0
0.13114767,1,1
0.17698091,1,1
0.8602789,1,1
0.00025915718,0,0
0.22561781,1,1
0.28299692,1,1
0.0014345637,1,0
0.0361165,0,0
0.0009599908,0,0
0.00026611917,0,0
0.32533878,1,1
0.0015839585,1,0
0.15524963,1,1
0.034856975,1,0
0.33686328,1,1
0.106547005,1,1
0.0006460226,0,0
0.024493637,1,0
0.00035352528,0,0
0.18333872,1,1
0.00027225947,0,0
0.090101376,1,1
0.43809366,1,1
0.26639998,1,1
0.17397596,0,1
0.0005806497,0,0
0.00653266,1,0
0.00029187815,0,0
0.17042543,1,1
0.00035050497,0,0
0.9144756,1,1
0.029572027,1,0
0.28085312,1,1
0.04695336,1,1
0.00024633197,0,0
0.41600382,1,1
0.0004467439,0,0
0.009450738,1,0
0.00038162214,0,0
0.001228761,1,0
0.006775986,1,0
0.21484756,1,1
0.17512472,1,1
0.94820184,1,1
0.012888204,1,0
0.00036311545,0,0
0.12905082,1,1
0.16075435,1,1
0.03046711,1,0
0.00034974166,0,0
0.22688524,1,1
0.00037077788,0,0
0.2901812,1,1
0.1427807,1,1
0.57825077,1,1
0.005565221,1,0
0.037806105,0,0
0.00024559873,0,0
0.0003621861,0,0
0.24060175,1,1
0.00031968587,0,0
0.025198346,1,0
0.010429113,0,0
0.041365623,1,1
0.00036471064,0,0
0.03049421,1,0
0.00028260966,0,0
0.28451023,1,1
0.28340796,1,1
0.14546196,1,1
0.86071974,1,1
0.024442896,1,0
0.00039389316,0,0
0.16143276,1,1
0.0038477848,0,0
0.006058006,1,0
0.21719241,1,1
0.00034484174,0,0
0.0002438379,0,0
0.14951688,1,1
0.0002668863,0,0
0.37597433,1,1
0.035732023,0,0
0.123973615,1,1
0.0002667465,0,0
0.0002427299,0,0
0.0012716473,0,0
0.0045185555,0,0
0.22205353,1,1
0.20200692,1,1
0.2736114,1,1
0.0009870328,0,0
0.0019509378,0,0
0.14881442,1,1
0.002454938,1,0
0.04625536,1,1
0.24341792,1,1
0.0010474484,0,0
0.00027237038,0,0
0.00091628113,0,0
0.026250845,1,0
0.0003010455,0,0
0.006578468,1,0
0.44017917,1,1
0.00024937367,0,0
0.00096403825,0,0
0.02446734,1,0
0.21624176,1,1
0.0002581039,0,0
0.15655348,1,1
0.039068423,1,0
0.00028328947,0,0
0.015880797,1,0
0.21345976,1,1
0.00030244864,0,0
0.03524341,0,0
0.0005530985,0,0
0.0006164301,0,0
0.22776707,1,1
0.001444038,1,0
0.00076247205,0,0
0.0004646046,0,0
0.03780612,0,0
0.46361598,1,1
0.25543842,1,1
0.0012122658,0,0
0.115656815,1,1
0.04670503,1,1
0.0033759722,0,0
0.9244788,1,1
0.20848727,1,1
0.00070669525,0,0
0.21553715,1,1
0.0007832327,0,0
0.042415105,1,1
0.26676327,1,1
0.2807254,1,1
0.00025469452,0,0
1.014104,1,1
0.16130865,1,1
0.16269684,1,1
0.23036106,1,1
0.009176961,0,0
0.0015539936,0,0
0.033914838,0,0
0.0032937853,0,0
0.0004281076,0,0
0.27376527,1,1
0.0004625777,0,0
0.033914857,0,0
0.00024301324,0,0
0.024570383,1,0
0.00035300216,0,0
0.22385813,1,1
0.10139438,1,1
0.0065813116,0,0
0.34992394,1,1
0.006734978,1,0
0.00024257225,0,0
0.0003347184,0,0
0.26616165,1,1
0.08689603,1,1
0.26513234,1,1
0.35227463,1,1
0.084740266,0,1
0.000250232,0,0
0.30482137,1,1
0.00026122807,0,0
0.12929678,1,1
0.012692718,1,0
0.0014294032,1,0
0.076735005,1,1
0.0003534854,0,0
0.0031642253,0,0
0.41771588,0,1
0.0007102105,0,0
0.0019677447,0,0
0.00024306138,0,0
0.19263658,1,1
0.0014018789,0,0
0.124043,1,1
0.15739809,1,1
0.0007059786,0,0
0.23718184,1,1
0.21186647,1,1
0.0065481286,1,0
0.17735678,1,1
0.024231678,0,0
0.00050475285,0,0
0.0006585097,0,0
0.0017310206,1,0
0.009466719,0,0
0.18051268,1,1
0.00030938306,0,0
0.17230631,1,1
0.08625249,1,1
0.04267785,1,1
0.26716143,1,1
0.0018845968,0,0
0.00048725517,0,0
0.118952975,1,1
0.0017018846,0,0
0.0018399861,0,0
0.24488118,1,1
0.00034631987,0,0
0.794329,1,1
0.21487899,1,1
0.0011164908,0,0
0.29441288,1,1
0.47684854,1,1
0.00024622516,0,0
0.23754472,1,1
0.43448898,1,1
0.9716737,1,1
0.9132868,1,1
0.00028909062,0,0
0.024769684,1,0
0.00022867345,0,0
0.006295681,1,0
0.23765871,1,1
0.00047001324,0,0
0.00026784925,0,0
0.00030704943,0,0
0.20797203,1,1
0.00024393464,0,0
0.14710319,1,1
0.0123482,1,0
0.04265144,1,1
0.00025389617,0,0
0.00024601896,0,0
0.23250973,1,1
0.0012536962,0,0
0.21879897,1,1
0.00030731037,0,0
0.0018750153,0,0
0.09344903,1,1
0.012869187,1,0
0.3773784,1,1
0.021576693,0,0
0.0023738316,0,0
0.14866011,1,1
0.000571285,0,0
0.15962566,0,1
0.00898594,0,0
0.039541632,1,0
0.15491302,1,1
0.072875984,1,1
0.00024747272,0,0
0.008609513,1,0
0.0003584303,0,0
0.15680873,1,1
0.19160317,1,1
0.25137898,1,1
0.85077304,1,1
0.047730673,1,1
0.00042540766,0,0
0.19979514,1,1
0.2410273,1,1
0.00033988946,0,0
0.107455194,1,1
0.0035167083,0,0
0.02452985,1,0
0.00030678167,0,0
0.0003426438,0,0
0.0002567722,0,0
0.00024284702,0,0
0.089504905,1,1
0.00046546853,0,0
0.0025766902,0,0
0.18820901,1,1
0.07797042,1,1
0.21617906,1,1
0.005348359,1,0
0.0017448498,0,0
0.00026654458,0,0
0.0032429898,0,0
0.2218179,1,1
0.00038161883,0,0
0.9561995,1,1
0.00038023564,0,0
0.022253098,1,0
0.0004084028,0,0
0.23326778,1,1
0.16057858,1,1
0.0017888655,1,0
0.40868106,1,1
0.0004206464,0,0
0.27549332,1,1
0.028588912,1,0
0.101802625,1,1
0.21579775,1,1
0.001132925,0,0
0.0010247855,0,0
0.377134,1,1
0.14982367,1,1
0.522044,1,1
0.4256692,1,1
0.115979135,1,1
0.0016613398,0,0
0.05546864,1,1
0.0002837048,0,0
0.15897536,1,1
0.0074121677,1,0
0.012607935,1,0
0.22461754,1,1
0.20878418,1,1
0.025145845,1,0
0.27762976,1,1
0.0008746617,0,0
0.00027070416,0,0
0.06500688,1,1
0.0033073062,0,0
99.00516,1,1
0.23855683,1,1
0.0031872469,0,0
0.24642156,1,1
0.0017065736,0,0
0.069500245,1,1
0.0007943262,0,0
0.033105057,1,0
0.0013103547,0,0
0.16318512,1,1
0.0012564864,1,0
0.0021719064,0,0
0.20156243,1,1
0.26506904,1,1
0.19309634,1,1
0.008786318,1,0
0.00044349636,0,0
0.007409714,0,0
0.028260624,0,0
0.00025363962,0,0
0.00040324224,0,0
0.00031772014,0,0
0.0012604588,0,0
0.90345776,1,1
0.088962905,1,1
0.0006592255,0,0
0.00049371243,0,0
0.002843055,0,0
0.00047079384,0,0
0.0004481853,0,0
0.27016285,1,1
0.43885297,1,1
0.15408751,1,1
0.1010051,1,1
0.11595404,1,1
0.26504874,1,1
0.0005209426,0,0
0.26657203,1,1
0.0003533136,0,0
0.00024387549,0,0
0.14231814,1,1
0.1661722,1,1
0.0011722002,1,0
0.006612288,0,0
0.41054177,1,1
0.006578486,1,0
0.0017739967,0,0
0.006795616,0,0
0.16297115,1,1
0.005918227,1,0
0.03144237,1,0
0.00030264675,0,0
0.2134086,1,1
0.00045062276,0,0
0.19813864,1,1
0.10653096,1,1
0.006902837,0,0
0.006752583,1,0
0.00035012112,0,0
0.008565875,0,0
0.001361155,0,0
0.026714098,1,0
0.021640431,1,0
0.0063589215,1,0
0.3226214,1,1
0.00027069723,0,0
0.06624615,1,1
0.45393315,1,1
0.00026645904,0,0
0.0033293795,1,0
0.00025142598,0,0
0.0002646772,0,0
0.0074975514,1,0
0.0016101437,1,0
0.024345491,1,0
0.13634644,1,1
0.2274947,1,1
0.35097447,1,1
0.013519222,1,0
0.04488149,0,1
0.07705658,1,1
0.099074505,1,1
0.22103387,1,1
0.016825408,1,0
0.043127023,1,1
0.0012046744,0,0
0.16372357,1,1
0.26907894,1,1
0.0026069907,0,0
0.08897842,1,1
0.30192813,1,1
0.13263646,1,1
0.04429585,1,1
0.37586254,1,1
0.4838494,1,1
0.01643883,0,0
0.064071074,1,1
0.0011304615,0,0
0.3721062,1,1
0.00026651437,0,0
0.0010139269,0,0
0.0002540376,0,0
0.021563053,1,0
0.17185585,1,1
0.0015534633,0,0
0.006122933,1,0
0.25450432,1,1
0.0005532237,0,0
0.0008144693,0,0
0.0029311979,0,0
0.29081818,1,1
0.046760995,1,1
0.0034454113,0,0
0.001714247,0,0
0.0019755773,0,0
0.018805811,0,0
0.24223505,1,1
0.0032680598,0,0
0.006698984,1,0
0.24223192,1,1
0.012788335,0,0
0.92470074,1,1
0.00052504375,0,0
0.18928099,1,1
0.0002451855,0,0
0.16483514,0,1
0.00028451023,0,0
0.00064071274,0,0
0.021299668,0,0
0.45696074,1,1
0.4135825,1,1
0.00033829312,0,0
0.37610456,1,1
0.28310314,1,1
0.00027780593,0,0
0.2522449,1,1
0.0006231896,0,0
0.037806068,0,0
0.011324739,1,0
0.21499115,1,1
0.00050116505,0,0
0.031345468,1,0
0.048443764,1,1
0.039281327,1,0
0.0014266464,0,0
0.32923353,1,1
0.00027590594,0,0
0.0018795525,0,0
0.3489701,1,1
0.00045473443,0,0
0.00033640597,0,0
0.0003193104,0,0
0.0031872464,0,0
0.16415943,1,1
0.16234817,1,1
0.0425371,1,1
0.0014517962,1,0
0.00024808498,0,0
0.04122977,1,1
0.15761922,1,1
0.006667329,0,0
0.0002607602,0,0
0.0244259,1,0
0.3697022,1,1
0.940264,1,1
0.00032526517,0,0
0.57651013,1,1
0.21988976,1,1
0.00022887875,0,0
0.2508902,1,1
0.010644827,1,0
0.00914142,1,0
0.00029801,0,0
0.15081814,1,1
0.05787017,1,1
0.4164199,1,1
0.0006707016,0,0
0.0008400423,0,0
0.12784447,1,1
0.0012738699,0,0
0.00025178486,0,0
0.009975255,0,0
0.16063246,1,1
0.00024291064,0,0
0.22440782,1,1
0.00046208093,0,0
0.030204458,1,0
0.17923445,1,1
0.00362713,0,0
0.0011253308,0,0
0.19359241,1,1
0.34167254,1,1
0.0005399032,0,0
0.0010171673,0,0
0.00026895237,0,0
0.06704504,1,1
0.007848328,1,0
0.00039712663,0,0
0.1147026,1,1
0.1441319,1,1
0.0005593086,0,0
0.10359204,1,1
0.0003142543,0,0
0.21515864,1,1
0.15270415,1,1
0.007808947,0,0
0.18088773,1,1
0.025551299,1,0
0.24460398,1,1
0.050406635,1,1
0.2367773,1,1
0.0005958621,0,0
0.00047667115,0,0
0.0006338645,0,0
0.006518465,1,0
0.1272389,1,1
0.2233919,1,1
0.04316622,1,1
0.110444695,1,1
0.04163299,1,1
0.013161107,0,0
0.0252473,1,0
0.23742144,1,1
0.0013157921,1,0
0.19095866,1,1
1.1147654,1,1
0.0012971292,0,0
0.004682134,1,0
0.000380763,0,0
0.0029205452,1,0
0.0042868345,0,0
0.35471863,1,1
0.0011634489,1,0
0.42212686,1,1
0.015540504,1,0
0.21540844,1,1
0.00025105593,0,0
0.0062168306,1,0
0.97641635,1,1
0.0935662,1,1
0.14511861,1,1
0.29254055,1,1
0.0012726423,1,0
0.22061568,1,1
0.18394957,1,1
0.00030637794,0,0
0.00025156315,0,0
0.09715122,1,1
0.16120122,1,1
0.26990947,1,1
0.00025732766,0,0
0.009680088,0,0
0.2216956,1,1
0.0006137185,0,0
0.31974924,1,1
0.0076184217,0,0
0.27482247,1,1
0.00038833413,0,0
0.0058290414,1,0
0.0020658602,0,0
0.035010755,0,0
0.0002424259,0,0
0.17628631,1,1
0.0018083482,0,0
0.00036738033,0,0
0.1539224,1,1
0.23046167,1,1
0.4003345,1,1
0.0010598013,0,0
0.0005876753,0,0
0.0022736897,1,0
0.08788594,1,1
0.00026617898,0,0
0.0011938853,0,0
0.22662288,1,1
0.0006071221,0,0
0.006596371,0,0
0.2626248,1,1
0.081794746,1,1
0.18432678,1,1
0.9833872,1,1
0.16746813,1,1
0.0016985768,0,0
0.0044668727,0,0
0.15675363,1,1
0.0002751667,0,0
0.00033023383,0,0
0.0003583829,0,0
0.0009364075,0,0
0.13541399,1,1
0.09439867,1,1
0.21093583,1,1
0.20856066,1,1
0.00038719826,0,0
0.1474047,1,1
0.00040722,0,0
0.28989038,1,1
0.044450887,0,1
0.0011435442,1,0
0.00044924725,0,0
0.0002933492,0,0
0.16268611,1,1
0.00072065915,0,0
0.00042913295,0,0
0.08810953,0,1
0.00027814988,0,0
0.09058537,1,1
0.44606128,1,1
0.038679577,0,0
0.34474152,1,1
0.0021644356,0,0
0.011865035,0,0
0.00027504607,0,0
0.3702421,1,1
0.41241562,1,1
0.00400167,0,0
0.22052222,1,1
0.41995096,1,1
0.1703791,1,1
0.0002448261,0,0
0.0033940473,0,0
0.4771561,1,1
0.0050890483,1,0
0.13935608,1,1
0.15843669,1,1
0.07124193,1,1
0.29289982,1,1
0.16530119,1,1
0.048360568,1,1
0.1062282,1,1
0.02546229,0,0
0.06875101,1,1
0.03703899,0,0
0.83234787,1,1
1.0338701,1,1
0.003464978,0,0
0.0015969224,0,0
0.19025312,1,1
0.00032560795,0,0
0.0016731704,0,0
0.10734025,1,1
0.008072443,1,0
0.00038066568,0,0
0.22114342,1,1
0.0014859415,0,0
0.0012803479,1,0
0.0067706783,1,0
0.0003341052,0,0
0.00035182445,0,0
0.0003429767,0,0
0.18422073,1,1
0.00032028675,0,0
0.22938047,1,1
0.0014819524,1,0
0.07350401,1,1
0.00036214263,0,0
0.0014090677,1,0
0.0066862223,1,0
0.0017492259,0,0
0.00024677714,0,0
0.0012913021,1,0
0.92704624,1,1
0.14216328,1,1
0.00030392196,0,0
0.24441557,1,1
0.00045410616,0,0
0.0013563002,1,0
0.4035255,1,1
0.00029234384,0,0
0.33042645,1,1
0.24184692,1,1
0.38502392,1,1
0.0003077522,0,0
0.1140882,1,1
0.23052534,1,1
0.48135442,1,1
0.0033693858,1,0
0.00022470608,0,0
0.0005113223,0,0
0.0033620538,0,0
0.37749976,1,1
0.025017861,1,0
0.0004537165,0,0
0.0003712411,0,0
0.0004765392,0,0
0.31245422,1,1
0.00028818182,0,0
0.22898372,1,1
0.22145753,1,1
0.25384784,1,1
0.0060571386,1,0
0.44987926,1,1
0.072487,1,1
0.20959021,1,1
0.00031473846,0,0
0.00028821567,0,0
0.13269876,1,1
0.0013219252,1,0
0.1638516,1,1
0.0003789104,0,0
0.13099355,1,1
0.14588772,1,1
0.00024282516,0,0
0.0063102054,1,0
0.22055475,1,1
0.009433759,0,0
0.00025400185,0,0
0.0012778315,0,0
0.13442509,1,1
0.00024763573,0,0
0.00039316024,0,0
0.0032076011,0,0
0.2144081,1,1
0.025081566,1,0
0.00066656305,0,0
0.17393698,1,1
0.26004636,1,1
0.00039084742,0,0
0.010591198,1,0
0.000527266,0,0
0.15065649,1,1
0.0030527087,0,0
0.006876505,1,0
0.17559446,1,1
0.45168936,1,1
0.0002811419,0,0
0.2742558,1,1
0.16234824,1,1
0.005024211,0,0
0.14216639,1,1
0.8923592,1,1
0.0013040376,1,0
0.0029969448,0,0
0.47033063,1,1
0.32067484,1,1
0.00030582945,0,0
0.22336055,1,1
0.0627453,1,1
0.0043030884,0,0
0.22967044,1,1
0.0004380509,0,0
0.38570395,1,1
0.0014321926,1,0
0.01912161,1,0
0.0803137,1,1
0.19819118,1,1
0.00026582743,0,0
0.35607386,1,1
0.011209429,1,0
0.20645688,1,1
0.0045653814,0,0
0.00043399108,0,0
0.109941356,1,1
0.00042879485,0,0
0.23273182,1,1
0.04928307,1,1
0.17459218,1,1
0.00026228512,0,0
0.0011288549,0,0
0.2771273,1,1
0.012755653,1,0
0.23306023,1,1
0.00023889117,0,0
0.05718198,1,1
0.00025667582,0,0
0.0041602203,0,0
0.0002207507,0,0
0.18652895,1,1
0.2815579,1,1
0.075368896,1,1
0.22537234,1,1
0.0048128543,0,0
0.083744936,1,1
0.001626764,0,0
0.3717832,1,1
0.012283254,1,0
0.011371495,1,0
0.0003032882,0,0
0.024504896,1,0
0.3464383,1,1
0.36531442,1,1
0.0004698972,0,0
0.004963375,1,0
0.00025403994,0,0
0.15937762,1,1
0.2518123,1,1
0.23994538,1,1
0.00032405127,0,0
0.24520007,1,1
0.37959275,1,1
0.2758496,1,1
0.07765713,1,1
0.1512161,1,1
0.34495118,1,1
0.0005267238,0,0
0.35839424,1,1
0.00042842157,0,0
0.00092374516,0,0
0.007328383,0,0
0.0002500275,0,0
0.0013834332,0,0
0.0057738437,0,0
0.035333466,1,0
0.0003976787,0,0
0.00024394557,0,0
0.049861547,1,1
0.27958685,1,1
0.020596894,1,0
0.034640875,0,0
0.19046007,1,1
0.13673727,1,1
0.00035378322,0,0
0.2597752,1,1
0.00043684334,0,0
0.00087449356,0,0
0.21760589,1,1
0.4557574,1,1
0.032037336,1,0
0.00023022258,0,0
0.0008242009,0,0
0.0031799027,0,0
0.014372966,1,0
0.0023670879,0,0
0.16567074,1,1
0.2031925,1,1
0.39946488,1,1
0.0039046807,0,0
0.00024263671,0,0
0.00024386062,0,0
0.015250708,1,0
0.015603662,0,0
0.11737883,1,1
0.23789954,1,1
0.00024609792,0,0
0.0002623916,0,0
0.14845759,1,1
0.4449476,0,1
0.21808101,1,1
0.0077317785,0,0
0.25076035,1,1
0.00021407979,0,0
0.44218412,1,1
0.032339543,1,0
0.006157308,1,0
0.037307013,0,0
0.0005416366,0,0
0.007896659,0,0
0.00029489305,0,0
0.22832136,1,1
0.008100871,0,0
0.30010465,1,1
0.050851855,1,1
0.22450931,1,1
0.0003147639,0,0
0.009172861,0,0
0.24210238,1,1
0.071009815,1,1
0.4349389,1,1
0.26882207,1,1
0.03741489,0,0
0.024726609,1,0
0.21663745,1,1
0.00084800035,0,0
0.0002694775,0,0
0.00034011333,0,0
0.00030633423,0,0
0.00030719693,0,0
0.18824083,1,1
0.00025405764,0,0
0.00022263482,0,0
0.0026635292,0,0
0.16600117,1,1
0.14866343,1,1
0.11671713,1,1
0.006444774,1,0
0.024897851,1,0
0.00034297508,0,0
0.11289375,1,1
0.4549063,1,1
0.008390491,0,0
0.049051587,0,1
0.20536253,1,1
0.00028467056,0,0
0.0042449418,1,0
0.19451119,1,1
0.00028742445,0,0
0.0032117036,1,0
0.0011424092,0,0
0.00024964815,0,0
0.22574276,1,1
0.00039685957,0,0
0.3372081,1,1
0.0005171327,0,0
0.0055704173,1,0
0.00034823024,0,0
0.2559891,1,1
0.079994194,1,1
0.0002613542,0,0
0.012712997,0,0
0.98696434,1,1
0.0003363912,0,0
0.0070167496,1,0
0.18380807,1,1
0.9573941,1,1
0.09584664,1,1
0.2223776,1,1
0.4293188,1,1
0.03518036,0,0
0.00025748674,0,0
0.27388045,1,1
0.006647262,1,0
0.0269204,1,0
0.0026731628,0,0
0.0012467684,0,0
0.001290254,0,0
0.056795824,1,1
0.0006297387,0,0
0.00035156,0,0
0.23252814,1,1
0.26689392,1,1
0.051559355,1,1
0.18058398,1,1
0.37837258,1,1
0.20889626,1,1
0.0023288531,0,0
0.0016171007,0,0
0.0019056456,0,0
0.00038278216,0,0
0.43556073,1,1
0.94089276,1,1
0.19945784,1,1
0.001512293,0,0
0.7993912,1,1
0.27192715,1,1
0.0005410422,0,0
0.0012903225,0,0
0.4099389,1,1
0.00040025165,0,0
0.06651611,1,1
0.00025353412,0,0
0.25573948,1,1
0.0032456736,0,0
0.111724064,1,1
0.010001522,0,0
0.0005814806,0,0
0.0031672497,0,0
0.0014107457,0,0
0.15167329,1,1
0.061269067,1,1
0.057687916,1,1
0.00042897044,0,0
0.00057075685,0,0
0.44592392,1,1
0.007474229,0,0
0.0034064818,0,0
0.057362817,1,1
0.00024905807,0,0
0.15610093,1,1
0.114699535,1,1
0.20168155,1,1
0.15038446,1,1
0.00024978066,0,0
0.128916,1,1
0.0009323193,0,0
0.21286999,1,1
0.3169818,1,1
0.36167368,1,1
0.00067910826,0,0
0.4984301,1,1
0.037812293,1,0
0.00032896944,0,0
0.00025406218,0,0
0.00029476208,0,0
0.011462379,1,0
0.2127175,1,1
0.00648381,1,0
0.0013656646,1,0
0.16885173,1,1
0.035929874,0,0
0.3037092,1,1
0.20120393,1,1
0.0071912515,0,0
0.30007377,1,1
0.7937358,1,1
0.006444768,1,0
0.0015794704,0,0
0.03679296,0,0
0.006483776,1,0
0.19333757,1,1
0.0006804787,0,0
0.0066260165,1,0
0.0692043,1,1
0.0005056204,0,0
0.2430446,1,1
0.24237323,1,1
0.1822707,1,1
0.010618466,1,0
0.00032467578,0,0
0.10005215,1,1
0.00026395114,0,0
0.00037676797,0,0
0.24431387,1,1
0.051776655,1,1
0.44329193,1,1
0.18619712,1,1
0.117084414,1,1
0.18526101,1,1
0.012019631,0,0
0.000523243,0,0
0.004622251,0,0
0.21777867,1,1
0.0005414768,0,0
0.10877974,1,1
0.14672379,1,1
0.15425393,1,1
0.007622767,0,0
0.39574206,1,1
0.06270022,1,1
0.4742874,1,1
0.4550504,1,1
0.00037201337,0,0
0.070826426,0,1
0.9250105,1,1
0.00033881192,0,0
0.0010079085,0,0
0.03730703,0,0
0.9563807,1,1
0.22159074,1,1
0.26349983,1,1
0.00033269823,0,0
0.39330107,1,1
0.03705818,1,0
0.00033532886,0,0
0.006960196,1,0
0.0027987156,0,0
0.0008723995,0,0
0.24678366,1,1
0.0014918407,0,0
0.0006453185,0,0
0.00033266225,0,0
0.00024307192,0,0
0.022718778,0,0
0.00051944924,0,0
0.38808084,1,1
0.00045468513,0,0
0.00026579385,0,0
0.27671817,1,1
0.00024387181,0,0
0.012518381,0,0
0.00041550567,0,0
0.0003011689,0,0
0.31733984,1,1
0.038380645,0,0
0.08528814,1,1
0.00029982495,0,0
0.17877582,1,1
0.37157363,1,1
0.000250011,0,0
0.85111254,1,1
0.00034564675,0,0
0.00032073027,0,0
0.031442124,1,0
0.2642094,1,1
0.0066184024,1,0
0.00025947412,0,0
0.261247,1,1
0.3499521,1,1
0.0004894061,0,0
0.0017202785,0,0
0.00036323167,0,0
0.40595472,1,1
0.0019398986,1,0
0.3578923,1,1
0.009393266,1,0
0.00028330483,0,0
0.00052470714,0,0
0.24289612,1,1
0.093146205,1,1
0.0013594241,1,0
0.027099403,1,0
0.8131077,1,1
0.16421747,1,1
0.0066371486,1,0
0.00044785146,0,0
0.18691535,1,1
0.026412815,0,0
0.0002546827,0,0
0.16083999,1,1
0.0065640705,1,0
0.22151558,1,1
0.0002598752,0,0
0.0013569043,0,0
0.19231555,1,1
0.025595225,1,0
0.0066155638,0,0
0.22087312,1,1
0.14286208,1,1
0.00024337867,0,0
0.15302214,1,1
0.43449685,1,1
0.6946461,1,1
0.0066971425,0,0
0.0002896421,0,0
0.062301107,1,1
0.20294543,1,1
0.04410168,1,1
0.06966187,1,1
0.36828122,1,1
0.0012277412,0,0
0.44673,1,1
0.0008007163,0,0
0.21424355,1,1
0.006483765,0,0
0.23278232,1,1
0.00024487328,0,0
0.23518962,1,1
0.12936154,1,1
0.0016226651,0,0
0.00052000856,0,0
0.083163664,0,1
0.17237903,1,1
0.25358894,1,1
0.00024058402,0,0
0.0015911425,0,0
0.024751937,1,0
0.0029584912,1,0
0.0008843087,0,0
0.0002664595,0,0
0.19474933,1,1
0.0006885136,0,0
0.13091116,1,1
0.0016313504,1,0
0.00047307825,0,0
0.00026880275,0,0
0.00061901537,0,0
0.00027800753,0,0
0.11009162,1,1
0.34757775,1,1
0.19568557,1,1
0.00034729013,0,0
0.0002976639,0,0
0.2513598,1,1
0.16120124,1,1
0.26205388,1,1
0.20659319,1,1
0.00032164901,0,0
0.16075766,1,1
0.00032746533,0,0
0.0006584196,0,0
0.16155438,1,1
0.3673714,1,1
0.0010502004,0,0
0.12724608,0,1
0.0023220482,1,0
0.1943753,1,1
0.0006003087,0,0
0.00876598,0,0
0.0109028965,0,0
0.0014321967,1,0
0.0034884643,0,0
0.0021493067,0,0
0.013493486,1,0
0.16267611,1,1
0.20418917,1,1
0.0024930383,0,0
0.025199113,1,0
0.00090862863,0,0
0.002311585,0,0
0.028880328,1,0
0.36906686,1,1
0.000363261,0,0
0.00028869227,0,0
0.06717228,1,1
0.032497376,1,0
0.216725,1,1
0.00084432535,0,0
0.4344737,1,1
0.037806068,0,0
0.006659532,0,0
0.15950322,1,1
0.00037450722,0,0
0.24792704,1,1
0.08589057,1,1
0.002059929,0,0
0.17288764,0,1
0.14205045,1,1
0.00038628676,0,0
0.0002695532,0,0
0.006686168,0,0
0.11814169,0,1
0.0005963252,0,0
0.0003147077,0,0
0.0004102849,0,0
0.1543497,1,1
0.26630926,1,1
0.013535917,1,0
0.00046965203,0,0
0.012418153,1,0
0.24669978,1,1
0.0005301921,0,0
0.00029489616,0,0
0.025175426,1,0
0.0010804171,0,0
0.1853683,1,1
0.12838109,1,1
0.00025720667,0,0
0.02327904,0,0
0.23716097,1,1
0.0045125824,1,0
0.32904556,1,1
0.3673607,1,1
0.0003290655,0,0
0.0008557379,0,0
0.00025623414,0,0
0.001142185,1,0
0.00024386909,0,0
0.00030701907,0,0
0.010791108,1,0
0.25555238,1,1
0.37375826,1,1
0.03898625,0,0
0.0007094734,0,0
0.11223728,1,1
0.00068417843,0,0
0.00021864349,0,0
0.0014706468,0,0
0.9228522,1,1
0.15896298,1,1
0.13419206,1,1
0.39135864,1,1
0.00839838,0,0
0.25091314,1,1
0.31361786,1,1
0.0019321234,0,0
0.2323355,1,1
0.03961124,1,0
0.0006600476,0,0
0.15848649,1,1
0.00030718977,0,0
0.0006770103,0,0
0.93019754,1,1
0.23738931,1,1
0.00030911958,0,0
0.16687423,0,1
0.00021861777,0,0
0.00027846504,0,0
0.0013135661,1,0
0.0065310183,1,0
0.00033051742,0,0
0.09075253,1,1
0.0008558421,0,0
0.00077836897,0,0
0.025492175,1,0
0.00024602204,0,0
0.002834402,0,0
0.76612455,1,1
0.31484258,1,1
0.28319672,1,1
0.0013611099,0,0
0.17795426,1,1
0.00037105486,0,0
0.05193352,1,1
0.0032447018,1,0
0.00024461214,0,0
0.0054287966,1,0
0.0034286198,0,0
0.01914679,1,0
0.0017483513,0,0
0.05093902,1,1
0.00030362952,0,0
0.374282,1,1
0.00039269685,0,0
0.0014737499,1,0
0.24654853,1,1
0.00039415198,0,0
0.22970223,1,1
0.014162484,1,0
0.09225701,1,1
0.0126877995,1,0
0.0067386553,0,0
0.00027939625,0,0
0.051557824,1,1
0.0005075841,0,0
0.009226082,0,0
0.5050283,1,1
0.19595765,1,1
0.006526859,0,0
0.00063811697,0,0
0.2191043,1,1
0.16077892,1,1
0.14420752,1,1
0.005416664,1,0
0.00025416934,0,0
0.0022297548,1,0
0.0003441606,0,0
0.9486462,1,1
0.00037323617,0,0
0.15237339,1,1
0.0013746906,1,0
0.05186993,1,1
0.03739701,0,0
0.006822898,1,0
0.18392454,1,1
0.005110003,0,0
0.24820207,1,1
0.00093817885,0,0
0.00028423502,0,0
0.22956558,1,1
0.15004575,1,1
0.0012080917,0,0
0.0002153047,0,0
0.01044882,0,0
0.004071769,0,0
0.034275718,0,0
0.00025587404,0,0
0.0012546476,1,0
0.23149972,1,1
0.0002464449,0,0
0.09434377,0,1
0.96581185,1,1
0.00026735687,0,0
0.00054831756,0,0
0.046901297,0,1
0.15017258,1,1
0.1639704,1,1
0.15702279,1,1
0.17636211,1,1
0.00032100378,0,0
0.17577471,1,1
0.000959895,0,0
0.0009501671,0,0
0.0011930781,0,0
0.10494247,1,1
0.0832117,1,1
0.0059946566,1,0
0.22668792,1,1
0.00023351525,0,0
0.00040218944,0,0
0.22396383,1,1
0.00033022845,0,0
0.0013127974,1,0
0.05647333,1,1
0.0002744626,0,0
0.23056898,1,1
0.003716884,0,0
0.0018302551,0,0
0.025484711,1,0
0.2531354,1,1
0.0018441312,0,0
0.0009181062,0,0
0.03411096,0,0
0.00024309958,0,0
0.029473156,1,0
0.0017502735,0,0
0.43762383,1,1
0.00030778415,0,0
0.16445579,1,1
0.14223386,1,1
0.3100066,1,1
0.006697125,0,0
0.0013531569,0,0
0.0005709456,0,0
0.23777999,1,1
0.0005400927,0,0
0.14666615,1,1
0.3977959,1,1
0.00033879222,0,0
0.00034715628,0,0
0.031107368,0,0
0.00029200304,0,0
0.004856026,1,0
0.07587484,1,1
0.2019664,1,1
0.0067525245,0,0
0.21579677,1,1
0.17710225,1,1
0.16924714,1,1
0.7202784,1,1
0.065101795,1,1
0.0002107862,0,0
0.025066802,1,0
0.0013616162,0,0
0.16227841,1,1
0.00060157443,0,0
0.45804465,1,1
0.0003409498,0,0
0.25508046,1,1
0.37381712,1,1
0.023365388,1,0
0.0003073069,0,0
0.9583036,1,1
0.07356996,1,1
0.012052038,1,0
0.16725637,1,1
0.00041077042,0,0
0.006062671,1,0
0.00030412606,0,0
0.0002559734,0,0
0.00021741434,0,0
0.00024924535,0,0
0.17186417,1,1
0.43742925,1,1
0.0017915968,0,0
0.0004443889,0,0
0.0002476795,0,0
0.2763218,1,1
0.3319003,1,1
0.0003015123,0,0
0.056361966,1,1
0.0006732518,0,0
0.39578784,1,1
0.16552255,1,1
0.0065318253,1,0
0.00038747268,0,0
0.38240716,1,1
0.0015603951,0,0
0.039311834,0,0
0.44717225,1,1
0.042882152,1,1
0.24751991,1,1
0.32981187,1,1
0.0003354369,0,0
0.20997931,1,1
0.0060799844,1,0
0.9386144,1,1
0.00032942448,0,0
0.0025714359,0,0
0.0002494672,0,0
0.18528977,1,1
0.02855327,0,0
0.00024947507,0,0
0.26417094,1,1
0.16847731,1,1
0.010093323,1,0
0.007409797,0,0
0.015485748,0,0
0.13940366,1,1
0.9941382,1,1
0.0002526361,0,0
0.0064910287,1,0
0.22509335,1,1
0.00027330386,0,0
0.00039966445,0,0
0.030367773,1,0
0.1741268,1,1
0.15420802,1,1
0.16241318,1,1
0.0012373086,0,0
0.0033562917,1,0
0.3905583,1,1
0.00052151765,0,0
0.00027047316,0,0
0.09276903,1,1
0.035010748,0,0
0.15542789,1,1
1.1316057,1,1
0.01248031,1,0
0.049952984,1,1
0.17133355,1,1
0.24616465,1,1
0.027859632,1,0
0.1383725,1,1
0.00035984197,0,0
0.42015615,1,1
0.36152282,1,1
0.0006847693,0,0
0.002258315,0,0
0.00022740058,0,0
0.13222405,1,1
0.18875167,1,1
0.25618136,1,1
0.001633934,0,0
0.12568301,1,1
0.052401457,0,1
0.2793179,1,1
0.10627682,1,1
0.0017711144,0,0
0.00052427454,0,0
0.24998789,1,1
0.2750519,1,1
0.0002808731,0,0
0.0027006408,1,0
0.00045383075,0,0
0.19520885,1,1
0.2316212,1,1
0.12047276,1,1
0.025211863,1,0
0.1828054,1,1
0.0056588426,1,0
0.27037263,1,1
0.0009485201,0,0
0.9573056,1,1
0.4654748,1,1
0.00037023114,0,0
0.10985286,1,1
0.015006971,1,0
0.0066371174,1,0
0.00024807805,0,0
0.0033790916,1,0
0.008394423,1,0
0.00022448467,0,0
0.0055553294,1,0
0.15975386,1,1
0.2514117,1,1
0.00083892175,0,0
0.30543035,1,1
0.008350224,0,0
0.29422304,1,1
0.002478314,0,0
0.006612298,1,0
0.12454193,1,1
0.21372816,1,1
0.00026445903,0,0
0.0009418321,0,0
0.17350537,1,1
0.0013945779,1,0
0.01651137,0,0
0.0558306,1,1
0.0004376117,0,0
0.24560389,1,1
0.39990947,1,1
0.19794348,1,1
0.16300142,1,1
0.49591282,1,1
0.3745659,1,1
0.0010076158,0,0
0.024461497,0,0
0.00038944324,0,0
0.0066472758,1,0
0.0010221668,0,0
0.00027508568,0,0
0.0014898689,0,0
0.2489352,1,1
0.00049637095,0,0
0.00027517672,0,0
0.49679846,1,1
0.005890547,1,0
0.38618013,1,1
0.24143198,1,1
0.0003469827,0,0
0.31681526,1,1
0.20531398,1,1
0.00027437968,0,0
0.0067385915,1,0
0.0005917552,0,0
0.37580547,1,1
0.14405847,1,1
0.0034774374,0,0
0.0002177561,0,0
0.1548446,1,1
0.03547171,0,0
0.013831701,1,0
0.0003706439,0,0
0.0028350074,1,0
0.017986514,0,0
0.0017430668,0,0
0.27959153,1,1
0.006573837,0,0
0.22761692,1,1
0.0015044988,0,0
0.26885834,1,1
0.0030022329,1,0
0.1781899,1,1
0.2135715,1,1
0.00050579745,0,0
0.21044366,1,1
0.010174005,0,0
0.0017622968,1,0
0.13556565,1,1
0.00026917702,0,0
0.0052845124,0,0
0.005438587,1,0
121.814476,1,1
0.36379918,1,1
0.42156923,1,1
0.083897896,1,1
0.006526728,1,0
0.006626023,1,0
0.006491039,1,0
0.13078675,1,1
0.00033807723,0,0
0.40391812,1,1
0.008524705,0,0
0.0004253436,0,0
0.0065054987,1,0
0.0019001737,0,0
0.03649989,1,0
0.0036271152,0,0
0.17996165,1,1
0.043228976,1,1
0.0064384085,0,0
0.012444524,1,0
0.0023598524,0,0
0.00502098,1,0
0.0005142636,0,0
0.00028786517,0,0
0.0014346498,1,0
0.00040197241,0,0
0.020773562,1,0
0.05940236,1,1
0.158466,1,1
0.90418077,1,1
0.19272488,1,1
0.48852885,1,1
0.34912908,1,1
0.00025986735,0,0
0.00028228888,0,0
0.00086792756,0,0
0.0771709,1,1
0.0064452305,1,0
0.017441507,0,0
0.040614136,0,0
0.00034164469,0,0
0.0037434038,0,0
0.16121337,1,1
0.06270451,1,1
0.00046304494,0,0
0.30892956,1,1
0.033330604,1,0
0.00025402155,0,0
0.011297928,0,0
0.00022169093,0,0
0.0004600105,0,0
0.738206,1,1
0.00030675132,0,0
0.0038509397,1,0
0.94193065,1,1
0.1379179,0,1
0.00034490996,0,0
0.02476826,1,0
0.00023779528,0,0
0.005470168,1,0
0.008075739,1,0
0.000221588,0,0
0.00021574687,0,0
0.021529017,0,0
0.0014532637,1,0
0.000303468,0,0
0.053043842,1,1
0.17282182,1,1
0.0002613034,0,0
0.0064736614,0,0
0.22415322,1,1
0.00079621375,0,0
0.0025748995,0,0
0.3189231,1,1
0.00074828777,1,0
0.03613511,0,0
0.17872983,1,1
0.03798627,0,0
0.16380322,1,1
0.10851289,1,1
3.6559935,0,1
0.00049536244,0,0
0.0039677704,0,0
0.0005720205,0,0
0.0031751995,0,0
0.00038026524,0,0
0.00027322836,0,0
0.59901077,1,1
0.113566756,1,1
0.0011148951,1,0
0.0012837793,1,0
0.00024584227,0,0
0.2629771,1,1
0.0056343684,0,0
0.0003041066,0,0
0.10046312,1,1
0.16326167,1,1
0.032810867,0,0
0.03501076,0,0
0.26578715,1,1
0.3741488,1,1
0.09997504,1,1
0.28058288,1,1
0.2012577,1,1
0.23625398,1,1
0.00075913453,0,0
0.056017723,1,1
0.0014571032,0,0
0.008145946,1,0
0.15052961,1,1
0.013273304,1,0
0.11887988,1,1
0.0025104615,0,0
0.00021600447,0,0
0.16818155,1,1
0.09872441,1,1
0.1622785,1,1
0.0002984234,0,0
0.0003749586,0,0
0.2717524,1,1
0.0067160814,1,0
0.00034697127,0,0
0.19180906,1,1
0.20940565,1,1
0.0003378953,0,0
0.06819549,1,1
0.0010766236,0,0
0.0004712894,0,0
0.0034264883,0,0
0.006453456,1,0
0.00027116,0,0
0.10272752,1,1
0.1065222,1,1
0.005480913,0,0
0.07599358,1,1
0.24875836,1,1
0.00035500887,0,0
0.7092719,1,1
0.00024553237,0,0
0.012059458,1,0
0.00048314186,0,0
0.09997426,1,1
0.0015991932,0,0
0.00044836005,0,0
0.20245005,1,1
0.00029061886,0,0
0.23174714,1,1
0.0003089994,0,0
0.13648254,1,1
0.002928989,0,0
0.48238719,1,1
0.15152222,1,1
0.17805256,1,1
0.00026558313,0,0
0.42923513,1,1
0.00024296214,0,0
0.005702669,1,0
0.00029738565,0,0
0.014652181,1,0
0.005417414,0,0
0.00034755675,0,0
0.00034628256,0,0
0.00063570926,0,0
0.0014519648,0,0
0.91125685,1,1
0.21582136,1,1
0.00024329977,0,0
0.017052993,1,0
0.00029467992,0,0
0.20987424,1,1
0.1337865,1,1
0.0011203841,0,0
0.0002607439,0,0
0.0016432129,0,0
0.013644993,0,0
0.0002662976,0,0
0.24947678,1,1
0.0014739903,0,0
0.19388662,1,1
0.004481502,0,0
0.011603377,0,0
0.00027720354,0,0
0.14081496,1,1
0.0002661621,0,0
0.0005976116,0,0
0.3770013,1,1
0.07743882,1,1
0.8231899,1,1
0.00661943,0,0
0.031051781,1,0
0.0012837843,1,0
0.2033645,1,1
0.037400875,0,0
0.42628253,1,1
0.00025516463,0,0
0.017346192,1,0
0.32612434,1,1
0.011317904,0,0
0.09426752,1,1
3.7641966,0,1
0.00033253845,0,0
0.0067386553,1,0
0.018727727,0,0
0.09464281,1,1
0.00025281042,0,0
0.0017439425,1,0
0.25672624,1,1
0.0054155565,1,0
0.090301126,1,1
0.00055997615,0,0
0.025141818,1,0
0.016388556,1,0
0.16130887,1,1
0.21750855,1,1
0.00025251546,0,0
0.27709487,1,1
0.0066530495,1,0
0.053025108,1,1
0.13177755,1,1
0.45493367,1,1
0.1476357,1,1
0.00128379,1,0
0.1626539,1,1
0.2886277,1,1
0.008753465,0,0
0.03676768,1,0
0.0021732613,0,0
0.00041181303,0,0
0.2099795,1,1
0.00030228583,0,0
0.07780312,1,1
0.0007085837,0,0
0.23317747,1,1
0.003769615,0,0
0.00023173566,0,0
0.23893513,1,1
0.14053792,1,1
0.13626902,1,1
0.38420072,1,1
0.0005751939,0,0
0.19123286,1,1
0.00043160864,0,0
0.0024854552,0,0
0.0032306088,0,0
0.1775734,1,1
0.81574583,1,1
0.00027041562,0,0
0.001328776,1,0
0.14636281,1,1
0.13302271,1,1
0.0010132513,0,0
0.3983359,1,1
0.15444818,1,1
0.031842057,0,0
0.35908052,1,1
0.0011620901,0,0
0.0032748717,0,0
0.000659896,0,0
0.0012798742,0,0
0.02809567,1,0
0.22357987,1,1
0.00042906095,0,0
0.35902414,1,1
0.24471332,1,1
0.0069929752,1,0
0.00054108736,0,0
0.012826441,1,0
0.30929413,1,1
0.13160649,1,1
0.22427048,1,1
0.001832402,0,0
0.006647258,1,0
0.00033467545,0,0
0.04332909,1,1
0.23978475,1,1
0.27414423,1,1
0.004235924,1,0
0.00027879223,0,0
0.0002770128,0,0
0.18555978,1,1
0.0020413874,0,0
0.00042199524,0,0
0.2594488,1,1
0.03730703,0,0
0.21119416,1,1
0.00029939416,0,0
0.0013424607,0,0
0.24931405,1,1
0.38158706,1,1
0.1418894,1,1
0.1511751,1,1
0.00024491176,0,0
0.27391854,1,1
0.0005863656,0,0
0.00039703105,0,0
0.00032018303,0,0
0.23874034,1,1
0.19618905,1,1
0.0018749072,0,0
0.24135597,1,1
1.0229206,1,1
3.4074016,1,1
0.0017359424,0,0
0.0467748,1,1
0.007849236,1,0
0.023555182,1,0
0.0005575373,0,0
0.3261031,1,1
0.025093114,1,0
0.006697125,1,0
0.00032663983,0,0
0.201095,1,1
0.06181668,1,1
0.0019029314,0,0
0.006517558,1,0
0.0031635023,0,0
0.1221731,1,1
0.0033754343,0,0
0.021205792,0,0
0.21969476,1,1
0.0013829524,1,0
0.046494994,1,1
0.22959654,1,1
0.026373237,1,0
0.0051420955,0,0
0.25978684,1,1
0.23564292,1,1
0.15485387,1,1
0.008612233,1,0
0.0005912567,0,0
0.025020419,1,0
0.22258735,1,1
0.9479078,1,1
0.17394875,1,1
0.25182983,1,1
0.18907458,1,1
0.00062746,0,0
0.012876775,1,0
0.20060295,1,1
0.06550404,1,1
0.18857974,1,1
0.010442405,0,0
0.3042159,1,1
0.30613524,1,1
0.9062591,1,1
0.0003682275,0,0
0.076380506,1,1
0.028903894,1,0
0.0011744278,0,0
0.3932383,1,1
0.2542974,1,1
0.0003483101,0,0
0.29373634,1,1
0.0012746946,0,0
0.00024302227,0,0
0.085328035,1,1
0.18695983,1,1
0.2854205,1,1
0.041793607,1,1
0.21505626,1,1
0.08984495,1,1
0.17411038,1,1
0.008431156,1,0
0.00026687596,0,0
0.075792514,0,1
0.00045683075,0,0
0.21307604,1,1
0.049859874,1,1
0.03890385,0,0
0.033753507,1,0
0.07659723,1,1
0.0037976103,0,0
1.1074204,1,1
0.010867055,0,0
0.0023517862,0,0
0.2157636,1,1
0.00043858096,0,0
0.45384464,1,1
0.0017678413,0,0
0.15126759,1,1
0.10441361,1,1
0.11406396,1,1
0.023314659,1,0
0.68683803,1,1
0.17366561,1,1
0.0002535573,0,0
0.00048516438,0,0
0.035010755,0,0
0.00032336934,0,0
0.9356069,1,1
0.30971467,1,1
0.023277907,1,0
0.25200567,1,1
0.0058900886,0,0
0.00055234024,0,0
0.0015298189,0,0
0.24073339,1,1
0.0013151154,0,0
0.16409256,1,1
0.28019422,1,1
0.9448879,1,1
0.00046676712,0,0
0.0017607659,0,0
0.010019735,1,0
0.16476808,1,1
0.00025897098,0,0
0.0032061974,1,0
0.00032965062,0,0
0.021371609,1,0
0.010410814,1,0
0.006387981,1,0
0.49238327,1,1
0.0002756892,0,0
0.0033807429,0,0
0.00097172905,0,0
0.0017547511,1,0
0.22747144,1,1
0.47666132,1,1
0.03730711,0,0
0.15236875,1,1
0.016048422,1,0
0.0021952055,0,0
0.046227545,1,1
0.00048830826,0,0
0.4326836,1,1
0.001990289,0,0
0.0013351477,1,0
0.006969638,1,0
0.001866095,0,0
0.0012590378,0,0
0.006526917,1,0
0.4361521,1,1
0.38495225,1,1
0.006729039,1,0
0.04304643,1,1
0.15827586,1,1
0.0003171623,0,0
0.006693942,1,0
0.12760153,1,1
0.0029301364,0,0
0.0004766577,0,0
0.57938164,1,1
0.00038779236,0,0
0.25241485,1,1
0.22995193,1,1
0.28488487,1,1
0.06543572,0,1
0.00034654018,0,0
0.009914582,1,0
0.00081070606,0,0
0.24853466,1,1
0.0032677846,0,0
0.001233183,0,0
0.5082309,1,1
0.211838,1,1
0.012568323,0,0
0.35556117,1,1
0.34600148,1,1
0.00024298592,0,0
0.30069917,1,1
0.7158929,1,1
0.00087796734,0,0
0.06367449,1,1
0.0002568877,0,0
0.00035139572,0,0
0.02341803,1,0
0.2543414,1,1
0.00035314052,0,0
0.24437635,1,1
0.15014178,1,1
0.07310678,1,1
0.00026130234,0,0
0.16227846,1,1
0.00087575,0,0
0.05419581,1,1
0.21813783,1,1
0.0004864932,0,0
0.005441128,1,0
0.14418796,1,1
0.0026363058,0,0
0.005617318,1,0
0.36223218,1,1
0.00033887563,0,0
2.6797693,0,1
0.0016290724,0,0
0.006775914,1,0
0.030550364,1,0
0.13252382,1,1
0.27453893,1,1
0.00062132213,0,0
0.06980875,1,1
0.0003154675,0,0
0.00026472076,0,0
0.00025402955,0,0
0.19008,1,1
0.2444505,1,1
0.00029039057,0,0
0.37761217,1,1
0.0009983896,0,0
0.00776086,0,0
0.9450148,1,1
0.0066208607,0,0
0.026264565,1,0
0.23145011,1,1
0.035010755,0,0
0.005656057,1,0
0.000615054,0,0
0.24996753,1,1
0.00028211492,0,0
0.0032383301,0,0
0.20164001,1,1
0.22393467,1,1
0.9052695,1,1
0.00029528886,0,0
0.00029924113,0,0
1.2467191,1,1
0.0065865596,0,0
0.0006433828,0,0
0.0026114967,0,0
0.0011800157,0,0
0.038380615,0,0
0.705101,1,1
0.39325327,1,1
0.0026888996,0,0
0.0055944985,1,0
0.008303901,0,0
0.2596656,1,1
0.18867867,1,1
0.0432915,1,1
80.653496,1,1
0.0012267887,1,0
0.00026154998,0,0
0.00024307867,0,0
0.0033131249,0,0
0.024736566,0,0
0.025760004,1,0
0.0016463753,0,0
0.0016006073,0,0
0.00027068792,0,0
0.34482694,1,1
0.2295057,1,1
0.006659536,1,0
0.00036360617,0,0
0.9405309,1,1
0.77638805,1,1
0.71933174,1,1
0.00034081363,0,0
0.009066859,1,0
0.20102848,1,1
0.00024611104,0,0
0.0012855022,0,0
0.36849758,1,1
0.0066673514,1,0
0.00047837943,0,0
0.27798685,1,1
0.38419962,1,1
0.0058614896,0,0
0.00029531488,0,0
0.22019275,1,1
0.070604585,1,1
0.0008257593,0,0
0.23220742,1,1
0.011923984,0,0
0.006409583,1,0
0.006738589,1,0
0.0019901493,1,0
0.15933196,1,1
0.18950032,1,1
0.002310136,0,0
0.00039161637,0,0
0.825256,1,1
0.023474203,1,0
0.00023311538,0,0
0.0006071554,0,0
0.0010250804,0,0
0.0038218724,1,0
0.004505514,1,0
0.00030742257,0,0
0.00042509343,0,0
0.0003336201,0,0
0.00031739014,0,0
0.06574131,1,1
0.0006954085,0,0
0.20058088,1,1
0.0006177537,0,0
0.2627205,1,1
0.03378508,1,0
0.1193195,1,1
0.00030017112,0,0
0.016904471,1,0
0.051571574,1,1
0.00030683886,0,0
0.0047358875,0,0
0.00065965386,0,0
0.025921619,1,0
0.08494134,1,1
0.20970638,1,1
0.86527,1,1
0.000243055,0,0
0.018490864,1,0
0.06930278,1,1
0.00028044425,0,0
0.0045173946,0,0
0.0005707255,0,0
0.18455817,1,1
0.00027510404,0,0
0.00041896245,0,0
0.20222154,1,1
0.053706296,1,1
0.0035589333,1,0
0.06941783,1,1
0.15683171,1,1
0.00046363147,0,0
0.43606701,1,1
0.0003067793,0,0
0.11002893,1,1
0.14907813,1,1
0.09296809,1,1
0.52845764,1,1
0.00023439866,0,0
0.038489226,1,0
0.025307303,1,0
0.42972183,1,1
0.00059806585,0,0
0.18015778,0,1
0.120100275,1,1
0.0005461914,0,0
0.0037552877,0,0
0.0005275298,0,0
0.0018245907,0,0
0.0020587018,0,0
0.00039933194,0,0
0.18655187,1,1
0.43677664,1,1
0.09222088,1,1
0.39531448,1,1
0.25430778,1,1
0.1863568,1,1
0.0005161685,0,0
0.038679585,0,0
0.00025983487,0,0
24.82862,1,1
0.00066441525,0,0
0.21056557,1,1
0.00027085555,0,0
0.0015473509,0,0
0.031232866,1,0
0.00023768324,0,0
0.0004793569,0,0
0.039311867,0,0
0.00024387833,0,0
0.17968899,1,1
0.24648008,0,1
0.0018324612,0,0
0.63888365,1,1
0.4163989,1,1
0.005721601,1,0
0.10083379,1,1
0.004581283,0,0
0.35330725,1,1
0.0003975114,0,0
0.00075593643,0,0
0.4647411,1,1
0.9198574,1,1
0.00023333954,0,0
0.0003081977,0,0
0.17266542,1,1
0.00023378042,0,0
0.0003029499,0,0
0.029760815,0,0
0.00084524386,0,0
0.79048276,1,1
0.21126622,1,1
0.00024271806,0,0
0.26090556,1,1
0.00038996583,0,0
0.043206163,1,1
0.00038558964,0,0
0.7188592,1,1
0.43533522,0,1
0.006686203,1,0
0.18705194,1,1
0.1637022,1,1
0.063523114,1,1
0.3772413,1,1
0.42103994,1,1
0.18090855,1,1
0.0034657684,0,0
0.0064837774,1,0
0.0002953089,0,0
0.00040920838,0,0
0.17942351,1,1
0.2351258,1,1
0.079886876,1,1
0.041126862,1,1
0.28700352,1,1
0.00033869373,0,0
0.0007860605,0,0
0.023754219,1,0
0.24067837,1,1
0.2664139,1,1
0.005325798,1,0
0.000543183,0,0
0.0993846,1,1
0.2791445,1,1
0.00037356626,0,0
0.002456418,0,0
0.0002597985,0,0
0.00049697707,0,0
0.461079,1,1
0.21692646,1,1
0.4705508,1,1
0.22302471,1,1
0.076602675,1,1
0.00024662822,0,0
0.023076424,0,0
0.18518528,1,1
0.13877116,1,1
0.00046744716,0,0
0.23124893,1,1
0.123049214,1,1
0.36840189,1,1
0.0007263853,0,0
0.097078204,1,1
0.00039644193,0,0
0.02805629,1,0
0.007886087,0,0
0.00022823071,0,0
0.22492774,1,1
0.03656659,0,0
0.02556364,1,0
0.0039005177,0,0
0.23975651,1,1
0.22893946,1,1
0.41524082,1,1
0.02723204,1,0
0.44132048,1,1
0.023106797,1,0
0.13212955,1,1
0.05967105,1,1
0.1902754,1,1
0.19932187,1,1
0.2211812,1,1
0.011091181,1,0
0.000520541,0,0
0.0013201762,1,0
0.030339941,1,0
0.12972978,1,1
0.0018663345,0,0
0.037414934,0,0
0.2532139,1,1
0.050560918,1,1
0.011851352,0,0
0.16869384,1,1
0.10727551,0,1
0.37624276,1,1
0.00025132528,0,0
0.21115667,1,1
0.0007847344,0,0
0.13013455,1,1
0.013496389,0,0
0.16280487,1,1
0.008600401,1,0
0.006581327,1,0
0.37119657,1,1
0.920677,1,1
0.39238474,1,1
0.006444758,1,0
0.2000953,1,1
0.00023624733,0,0
0.08899471,1,1
0.80668974,1,1
0.27427796,1,1
0.00026165906,0,0
0.16726868,1,1
0.2233763,1,1
0.24866664,1,1
0.009543666,0,0
0.0014412194,0,0
0.00048535757,0,0
0.006041289,0,0
0.006746291,1,0
0.024405174,1,0
0.23462068,1,1
0.00051643245,0,0
0.0002552965,0,0
0.10942559,1,1
0.00032300787,0,0
0.0012408338,0,0
0.0017707197,0,0
0.036556914,1,0
0.0002539257,0,0
0.07885967,1,1
0.00030320918,0,0
0.0006954034,0,0
0.45255953,1,1
0.00025348962,0,0
0.0047754673,0,0
0.006489465,1,0
0.09338451,1,1
0.00046371168,0,0
0.0010538546,0,0
0.4756722,1,1
0.027010782,1,0
0.00072150375,0,0
0.21857302,1,1
0.006483789,1,0
0.47654212,1,1
0.16341461,1,1
0.001020033,0,0
0.5114984,1,1
0.0012027094,0,0
0.106091775,1,1
0.0010556576,0,0
0.001760382,1,0
0.00024686725,0,0
0.120732136,1,1
0.00025857918,0,0
0.0017663953,0,0
0.01561678,1,0
0.00033642622,0,0
0.33966702,1,1
0.14076999,1,1
0.16689678,1,1
0.0012707049,0,0
0.042452343,1,1
0.1295819,1,1
0.2254552,1,1
0.0021474364,0,0
0.036135174,0,0
0.0014539361,0,0
0.00073032343,0,0
0.7759292,1,1
0.00025200148,0,0
0.001805692,0,0
0.1327865,1,1
0.1387353,0,1
0.21937545,1,1
0.00027434668,0,0
0.0004539158,0,0
0.9382701,1,1
0.0007284931,0,0
0.0042119976,1,0
0.37754983,1,1
0.3471816,1,1
0.06117256,1,1
0.0063784923,0,0
0.42958608,1,1
0.00021880242,0,0
0.034070447,1,0
0.0074335686,0,0
0.0003140665,0,0
0.3942814,1,1
0.95700717,1,1
0.22995502,1,1
0.96776843,1,1
0.24777293,1,1
0.04048358,1,0
0.016991595,0,0
0.041675676,1,1
0.00024213309,0,0
0.28640658,1,1
0.00025919906,0,0
0.23052832,1,1
0.04045371,1,0
0.8420583,1,1
0.0782296,1,1
0.2802032,1,1
0.01951211,1,0
0.06138962,1,1
0.23780173,1,1
0.12320151,1,1
0.00029880772,0,0
0.0018395218,0,0
0.1073395,1,1
0.00031266324,0,0
0.00024937585,0,0
0.18206736,1,1
0.04163302,1,1
0.0012852834,0,0
0.00043613644,0,0
0.0055489773,1,0
0.17940393,1,1
0.14331576,1,1
0.036566634,0,0
0.044997256,1,1
0.1634482,1,1
0.3315478,1,1
0.00059524894,0,0
0.17614277,1,1
0.00029113895,0,0
0.01429831,1,0
0.37830186,1,1
0.0002953443,0,0
0.37021604,1,1
0.00033684348,0,0
0.30967668,1,1
0.00030732635,0,0
0.0004953769,0,0
0.10176163,1,1
0.00025344957,0,0
0.17704879,1,1
0.0002782838,0,0
0.037960917,0,0
0.1633368,1,1
0.0010345078,0,0
0.3002053,1,1
0.00041634418,0,0
0.00028435956,0,0
0.012700223,0,0
0.00043624573,0,0
0.22419055,1,1
0.041590028,1,1
0.25700256,1,1
0.00046369692,0,0
0.0015392174,0,0
0.006491036,1,0
0.19968206,1,1
0.43599972,1,1
0.064474516,0,1
0.00035774952,0,0
0.19924264,1,1
0.06876976,1,1
0.111852065,1,1
0.002280098,0,0
0.0059257965,0,0
0.44662973,1,1
0.0004925473,0,0
0.2369879,1,1
0.20706126,1,1
0.80000985,1,1
0.15970145,1,1
0.062707886,1,1
0.20335412,0,1
0.25833017,1,1
0.0060344157,1,0
0.43707958,1,1
0.2489614,1,1
0.00026840143,0,0
1.0811609,1,1
0.17575113,1,1
0.024780616,1,0
0.0066774213,1,0
0.46206075,1,1
0.1655476,1,1
0.12195501,1,1
0.91126347,1,1
0.0013135636,1,0
0.0040769284,0,0
0.00064855156,0,0
0.032078743,1,0
0.0057619326,0,0
0.100316085,1,1
0.25875467,1,1
0.0015200739,0,0
0.00035835954,0,0
0.4589026,1,1
22.10682,1,1
0.19053991,1,1
0.24161024,1,1
0.00024752546,0,0
0.15484476,1,1
0.005501563,1,0
0.0014421798,0,0
0.24249335,1,1
0.15781648,1,1
0.0056583374,1,0
0.0008963491,0,0
0.0002437937,0,0
0.0037519925,0,0
0.037806064,0,0
0.0026050056,1,0
0.002004272,1,0
0.9433176,1,1
0.00026689723,0,0
0.0006422099,0,0
0.00050043414,0,0
0.0005302165,0,0
0.12451359,1,1
0.10372796,1,1
0.0002461093,0,0
0.3807939,1,1
0.03828197,0,0
0.0002900833,0,0
0.00024143409,0,0
0.04094507,1,1
0.0008863133,0,0
0.0005063561,0,0
0.00028970907,0,0
0.073838934,1,1
0.9564081,1,1
0.0006446049,0,0
0.15046571,1,1
0.059642665,1,1
0.0056572743,1,0
0.00026557955,0,0
0.01911632,0,0
0.0032790427,0,0
0.0017244156,0,0
0.0012043024,0,0
0.11884586,1,1
0.00025629712,0,0
0.00056355953,0,0
0.0030669966,1,0
0.22658244,1,1
0.19542442,1,1
0.00024326319,0,0
0.0029177994,1,0
0.06965363,1,1
0.00078202947,0,0
0.00029505783,0,0
0.00023428323,0,0
0.009562735,1,0
0.054829247,1,1
0.00047882,0,0
0.12935022,1,1
0.18145521,1,1
0.2648881,1,1
0.00033637517,0,0
0.15074219,1,1
0.0003539707,0,0
0.21490681,1,1
0.007049629,0,0
0.24765226,1,1
0.22782421,1,1
0.070673674,1,1
0.018817374,1,0
0.00037388218,0,0
0.1249174,1,1
0.0002840823,0,0
0.008842163,1,0
0.2689592,1,1
0.029547224,1,0
0.00640944,1,0
0.22988789,1,1
0.0002373588,0,0
0.17985672,1,1
0.041274197,1,1
0.13618548,1,1
0.00024439627,0,0
0.11748569,1,1
0.0002461216,0,0
0.00024610318,0,0
0.17306012,1,1
0.010280735,0,0
0.34238037,1,1
0.22252154,1,1
0.21323794,1,1
0.00024337624,0,0
0.24763195,1,1
0.39734635,1,1
0.00050366763,0,0
0.15136304,1,1
0.0010339024,0,0
0.003487097,0,0
0.00026485286,0,0
0.05690163,1,1
0.21866961,1,1
0.18631132,1,1
0.0014613302,0,0
0.9369052,1,1
0.1272488,1,1
0.12534992,1,1
0.00023007525,0,0
0.37515742,1,1
0.13466972,1,1
0.0008542894,0,0
0.063880935,1,1
0.0010106484,0,0
0.02924857,1,0
0.0024363368,1,0
0.16309148,1,1
0.9422604,1,1
0.14180182,1,1
0.18400016,1,1
0.24387948,0,1
0.026623007,1,0
0.00035995498,0,0
0.00022174604,0,0
0.00026316723,0,0
0.21145351,1,1
0.14827879,1,1
0.00027438326,0,0
0.5174145,1,1
0.0002539675,0,0
0.44518587,1,1
0.040245038,1,0
0.049641814,1,1
0.38212916,1,1
0.00027502337,0,0
0.17691429,1,1
0.0011671969,0,0
0.37251955,1,1
0.0012726185,1,0
0.0002965493,0,0
0.38835496,1,1
0.0016347594,1,0
0.015388735,0,0
0.0027335696,0,0
0.16268611,1,1
0.00037074072,0,0
0.00040065296,0,0
0.40710217,1,1
0.27482662,1,1
0.08946791,1,1
0.05952584,1,1
0.06827366,1,1
0.0028597973,0,0
0.019912591,1,0
0.18890406,1,1
0.0006348633,0,0
0.18824859,1,1
0.0005057798,0,0
0.003824657,0,0
0.8141619,1,1
0.29538456,1,1
0.0066971197,1,0
0.0020388656,1,0
0.39141232,1,1
0.006568512,1,0
0.1883924,1,1
0.1652758,1,1
0.0018551517,0,0
0.026856361,1,0
0.20552966,1,1
0.14568514,1,1
0.0150442375,1,0
0.007942344,0,0
0.42531335,1,1
0.00046321173,0,0
0.10255248,1,1
0.16008899,1,1
0.0008988326,0,0
0.0013784552,0,0
0.17037277,1,1
0.8979726,1,1
0.0025991185,0,0
0.00023009333,0,0
0.00024043855,0,0
0.41007322,1,1
0.00023391689,0,0
0.0007706134,1,0
0.0918582,1,1
0.00024768614,0,0
0.000602436,0,0
0.0004459924,0,0
0.40682584,1,1
0.2020493,1,1
0.04008735,0,0
0.009078622,1,0
0.003403037,0,0
0.00042448146,0,0
0.03399308,1,0
0.0013082767,0,0
0.0047778706,0,0
0.018279402,0,0
0.4217021,1,1
0.14500853,1,1
0.4921459,1,1
0.060537834,1,1
0.023182495,1,0
0.18888088,1,1
0.12405105,1,1
0.20408389,1,1
0.0017149241,0,0
0.00030083774,0,0
0.00034013364,0,0
0.013025043,1,0
0.36257723,1,1
0.015803391,1,0
0.00032797214,0,0
0.0013746849,1,0
0.19923933,1,1
0.00047418635,0,0
0.0064729876,1,0
0.010289495,0,0
0.10363289,1,1
0.00071988197,0,0
0.008468984,0,0
0.13776384,1,1
0.2197006,1,1
0.29858848,1,1
0.10707513,1,1
0.00035822447,0,0
0.031215584,0,0
0.00029211963,0,0
0.85517,1,1
0.19359739,1,1
0.16028541,1,1
0.3615351,1,1
0.0017448077,0,0
0.0011564537,0,0
0.00041377294,0,0
0.37342393,1,1
0.0067290403,1,0
0.8993849,1,1
0.34838828,1,1
0.00029887338,0,0
0.00047805996,0,0
0.460002,1,1
0.004000857,0,0
0.0026054545,0,0
0.05360055,1,1
0.035929874,0,0
0.22861637,1,1
0.13676906,1,1
0.1664928,1,1
0.0015044945,0,0
0.3493088,1,1
0.02036724,1,0
0.0039004365,0,0
0.0002432085,0,0
8.542556,0,1
0.12583745,1,1
0.0020040234,1,0
0.19450577,1,1
0.45777982,1,1
0.003351937,0,0
0.46789825,1,1
0.12280338,1,1
0.07506253,1,1
0.35793576,1,1
0.0005030333,0,0
0.36340708,1,1
0.31594986,1,1
0.00094057055,0,0
0.267655,1,1
0.00024440355,0,0
0.12841918,1,1
0.035357255,0,0
0.27778673,1,1
0.0033062445,0,0
0.0024105394,0,0
0.0018966905,0,0
0.44755164,1,1
0.0002520996,0,0
0.24602434,1,1
0.050631437,1,1
0.25251177,0,1
0.00286405,0,0
0.0005014378,0,0
0.0008559483,0,0
0.015000297,1,0
0.0003812881,0,0
0.16781777,0,1
0.00030662012,0,0
0.0007517404,0,0
0.27898622,1,1
0.026109437,0,0
0.00190712,0,0
0.00026219717,0,0
0.0002660795,0,0
0.19908743,1,1
83.89305,1,1
0.28775272,1,1
0.0023845055,1,0
0.0003805902,0,0
0.33889338,1,1
0.21473676,1,1
0.112661615,1,1
0.3187255,1,1
0.0008180196,0,0
0.0002888481,0,0
0.00030714434,0,0
0.006746317,1,0
0.00022477972,0,0
0.3609849,1,1
0.0002687028,0,0
0.00048542846,0,0
0.00023789574,0,0
0.33582604,1,1
0.008656368,1,0
0.026929533,1,0
0.0014367953,0,0
0.09492317,1,1
0.0006242767,0,0
0.30507097,1,1
0.12289543,1,1
0.00081197254,0,0
0.0003254744,0,0
0.060342323,1,1
0.0002605042,0,0
0.0004445945,0,0
0.00025623493,0,0
0.017988315,0,0
0.0002640947,0,0
0.00092316326,0,0
0.2699117,1,1
0.0004022418,0,0
0.0032661175,0,0
0.0036217119,0,0
0.057983298,1,1
0.21041745,1,1
0.026604487,1,0
0.08282184,1,1
0.018495986,0,0
0.025016058,1,0
0.07152201,1,1
0.16227841,1,1
0.36608553,1,1
0.03780608,0,0
0.02845897,0,0
0.3796965,1,1
0.001468061,0,0
0.40330246,1,1
0.009921569,0,0
0.00447178,0,0
0.06573472,1,1
0.00033546463,0,0
0.0058773863,1,0
0.00022775604,0,0
0.37588087,1,1
0.052207675,1,1
0.054265656,1,1
0.01243782,1,0
0.010323203,0,0
0.31390807,1,1
0.18840535,1,1
0.3059605,1,1
0.00025649765,0,0
0.45833457,1,1
0.16975863,1,1
0.39858803,1,1
0.013345044,1,0
0.09131915,1,1
0.042143233,0,1
0.17489024,1,1
0.005163451,0,0
0.00071712764,0,0
0.0003666217,0,0
0.38424924,1,1
0.0005384769,0,0
0.0067290664,1,0
0.006571729,1,0
0.00023026453,0,0
0.006070138,1,0
0.029967163,1,0
0.3760454,1,1
0.01360253,1,0
0.00024307362,0,0
0.09543184,1,1
0.0029423574,1,0
0.0005066158,0,0
0.0018939521,1,0
0.2341747,1,1
0.0032089592,0,0
0.7072272,1,1
0.0070823845,0,0
0.001056702,0,0
0.00048020645,0,0
0.00024284143,0,0
0.36118773,1,1
0.00041106952,0,0
0.23751745,1,1
0.0017279085,0,0
0.26622003,1,1
0.0010577397,0,0
0.15772313,0,1
0.00022954721,0,0
0.00042272458,0,0
0.053980898,1,1
0.0003364837,0,0
0.025174603,1,0
0.286052,1,1
0.15942901,1,1
0.00023860493,0,0
0.0012432465,0,0
0.0048897024,0,0
0.0067338087,1,0
0.27663723,1,1
0.13776262,1,1
0.21518026,1,1
0.00048384315,0,0
3.6472619,0,1
0.00032304472,0,0
0.16679874,1,1
0.24706787,1,1
0.004222036,0,0
0.22657278,1,1
0.011884282,1,0
0.00054751267,0,0
0.006531196,1,0
0.0003891197,0,0
0.17644636,1,1
0.0004564535,0,0
0.027722685,1,0
0.93836665,1,1
0.72952926,1,1
0.21054617,1,1
0.019830037,0,0
0.0030838628,0,0
0.23839723,1,1
0.0019434908,0,0
0.00044038243,0,0
0.34677476,1,1
0.15957679,1,1
0.055055432,1,1
0.00030740447,0,0
0.00053999264,0,0
0.00040565472,0,0
0.08875695,1,1
0.17242795,1,1
0.1190325,1,1
0.044759143,0,1
0.0018349941,0,0
0.00023444078,0,0
0.00062744285,0,0
0.0010169445,0,0
0.00039892457,0,0
0.0026056883,0,0
0.00036046887,0,0
0.00025325236,0,0
0.23819575,1,1
0.35954747,1,1
0.016795013,0,0
0.0094325375,1,0
0.021579951,0,0
0.00044285806,0,0
0.0022716178,0,0
0.023468649,1,0
0.25296226,1,1
0.36472246,1,1
0.1707395,1,1
0.0016142712,1,0
0.33913445,1,1
0.40681118,1,1
0.00028292136,0,0
0.00043419425,0,0
0.17937388,1,1
0.008696077,0,0
0.00056174904,0,0
0.21749078,1,1
0.981495,1,1
0.3599077,1,1
0.0008698689,0,0
0.001059217,0,0
0.0055559967,1,0
0.28536654,1,1
0.37263972,1,1
0.37752283,1,1
0.001306941,0,0
0.22727652,1,1
0.124941625,1,1
0.9018552,1,1
0.21586198,1,1
0.00024763367,0,0
0.0018897516,0,0
0.00024333742,0,0
0.0014861766,0,0
0.008103649,0,0
0.5684928,1,1
0.0069370256,0,0
0.00027031914,0,0
0.006794804,1,0
0.00023510323,0,0
0.16419075,1,1
0.06095369,1,1
0.0002845104,0,0
0.00036308685,0,0
0.19701074,1,1
0.0010079134,0,0
0.0003985147,0,0
0.0003604672,0,0
0.00031661193,0,0
0.4781635,1,1
0.007381832,1,0
0.00036545875,0,0
0.0010528612,0,0
0.00653266,0,0
0.00026846965,0,0
0.24889332,1,1
4.961884,1,1
0.12481577,1,1
0.035002902,0,0
0.0019497584,0,0
0.7981224,1,1
0.00044367064,0,0
0.00028460383,0,0
0.0013678959,1,0
0.31421444,1,1
0.11014534,1,1
0.00025179845,0,0
0.0011449134,1,0
0.001443396,0,0
0.20235032,1,1
0.42011642,1,1
0.003401188,0,0
0.24861136,1,1
0.27085823,0,1
0.01956218,1,0
0.28506905,1,1
0.036566634,0,0
0.25882423,1,1
0.39565262,1,1
0.00057884894,0,0
0.0005257981,0,0
0.039582327,1,0
0.09848209,1,1
0.20059678,1,1
0.00028623504,0,0
0.39543864,1,1
0.020453054,1,0
3.7220273,0,1
0.002123965,0,0
0.23726732,1,1
0.006514593,1,0
0.006505911,0,0
0.005061883,1,0
0.00043219136,0,0
0.28437504,1,1
0.0002481352,0,0
0.7830275,1,1
0.00025146207,0,0
0.0010929961,0,0
0.00044542,0,0
0.00047429584,0,0
0.014594659,0,0
0.00272055,0,0
0.31552574,1,1
0.00033012882,0,0
0.13117996,1,1
0.0002667938,0,0
0.00626385,1,0
0.0064899535,1,0
0.0023562647,1,0
0.037307013,0,0
0.00034580438,0,0
0.0067290445,0,0
0.09994737,1,1
0.22211891,1,1
0.00085541734,0,0
0.42319414,1,1
0.00026331632,0,0
0.47131687,0,1
0.03828197,0,0
0.23868549,1,1
0.068750754,1,1
0.00048442924,0,0
0.1996071,1,1
0.057364434,1,1
0.0012048199,0,0
0.15389673,1,1
0.17506887,1,1
0.024683127,1,0
0.088240966,1,1
0.0003584217,0,0
3.639338,0,1
0.0003738478,0,0
0.21787122,1,1
0.006647219,0,0
0.14067864,1,1
0.034816768,1,0
0.0029430916,1,0
0.12812182,1,1
0.0002544011,0,0
0.007280946,0,0
0.0066695306,0,0
0.370835,1,1
0.00034916552,0,0
0.00040078722,0,0
0.1529333,1,1
0.0018656118,0,0
0.016446918,0,0
0.0004194182,0,0
0.0005598358,0,0
0.0014436856,1,0
0.3860953,1,1
0.0005385917,0,0
0.0005607803,0,0
0.0005313532,0,0
0.00031592848,0,0
0.16550565,1,1
0.03977085,1,0
0.0065782825,0,0
0.00041069757,0,0
0.003477433,0,0
0.00029524416,0,0
0.22213326,1,1
0.22070776,1,1
0.10715025,1,1
0.0034664092,0,0
0.025123725,1,0
0.27131638,1,1
0.06575116,0,1
0.16183813,1,1
0.4698022,1,1
0.1274851,1,1
0.07451376,0,1
0.21053137,1,1
0.20127358,1,1
0.22632664,1,1
0.0012726273,1,0
0.90594286,1,1
0.21258637,1,1
0.2502895,1,1
0.15866202,1,1
0.00022205351,0,0
0.0033404697,0,0
0.0005868871,0,0
0.017688483,1,0
0.00029529104,0,0
0.0015935,1,0
0.00022185376,0,0
0.008299947,0,0
0.24415581,1,1
0.001309739,1,0
0.051491532,0,1
0.22439425,1,1
0.36680567,1,1
0.18270425,1,1
0.0013678904,1,0
0.11556002,1,1
0.000714586,0,0
0.2665645,1,1
0.0013821584,0,0
0.124507174,1,1
0.00055291265,0,0
0.5470279,1,1
0.0016965318,1,0
0.0019853017,0,0
0.00034845126,0,0
0.001256321,1,0
0.0009653855,0,0
0.9618364,1,1
0.20217049,1,1
0.03434992,1,0
0.18913604,1,1
0.12486381,1,1
0.00027462526,0,0
0.006340223,1,0
0.8523253,1,1
0.9488207,1,1
0.25524512,1,1
0.026361434,1,0
0.14284489,1,1
0.40202796,1,1
0.00025743098,0,0
0.14952898,1,1
0.39048716,1,1
0.15378608,1,1
0.75265574,1,1
0.0317065,1,0
0.00032962355,0,0
0.00028967796,0,0
0.04455207,1,1
0.00030731046,0,0
0.36901605,1,1
0.1664005,1,1
0.8072079,1,1
0.0003044565,0,0
0.0066633383,1,0
0.23375805,1,1
0.040629126,0,0
0.0056081107,1,0
0.40791327,1,1
0.16794409,1,1
0.0028502606,0,0
0.0015148257,0,0
0.0003361808,0,0
0.032066025,1,0
0.0058792955,1,0
0.029835064,1,0
0.21940069,1,1
0.33572435,1,1
0.00024479686,0,0
0.00023841472,0,0
0.112501144,1,1
0.0004212104,0,0
0.20594953,1,1
0.2525988,1,1
0.007643938,1,0
0.006532672,1,0
0.22910006,1,1
0.0018561129,0,0
0.00024506496,0,0
0.28349254,1,1
0.30524948,1,1
0.17260289,1,1
0.0066155638,1,0
0.051940836,1,1
0.23493357,1,1
0.00024946255,0,0
0.17182638,0,1
0.14950943,1,1
0.006686208,1,0
0.00023521329,0,0
0.010615931,0,0
0.000508621,0,0
3.7155511,1,1
0.055958137,1,1
0.0015368533,0,0
0.00049936515,0,0
0.00037169058,0,0
0.0002438831,0,0
0.0017730898,0,0
0.018310001,1,0
0.0075723,1,0
0.12733658,1,1
0.0002511585,0,0
0.0010005553,0,0
0.024800781,1,0
0.00055481185,0,0
0.84350157,1,1
0.00083708175,0,0
0.136712,1,1
0.0017153064,0,0
0.21650691,1,1
0.01779658,1,0
0.21265765,1,1
0.0002994912,0,0
0.18048885,1,1
0.0011338067,0,0
0.30487645,1,1
0.0006005485,0,0
0.33281693,1,1
0.045755073,1,1
0.000345103,0,0
0.00041279642,0,0
0.12019154,1,1
0.017640136,1,0
0.00024751382,0,0
0.0016817854,0,0
0.00029538354,0,0
0.32784063,1,1
0.2842936,1,1
0.0033951122,0,0
0.21078685,1,1
0.00072161236,0,0
0.00030730446,0,0
0.00047810207,0,0
0.0027336897,0,0
0.260987,1,1
0.023444936,1,0
0.1983619,1,1
0.00039567245,0,0
0.051640417,1,1
0.0038889055,0,0
0.04061416,0,0
0.0048651937,0,0
0.3778459,1,1
0.5049603,1,1
0.38722488,1,1
0.0006837115,0,0
0.0015265138,0,0
0.27876237,1,1
0.00022732803,0,0
0.0017554582,0,0
0.1408898,1,1
0.13940099,1,1
0.0032225077,0,0
0.0031260944,0,0
0.005402541,1,0
0.00022281118,0,0
0.0865794,0,1
0.00027793783,0,0
0.22316103,1,1
0.23559387,1,1
0.0013487312,0,0
0.025049947,0,0
0.2135983,1,1
0.0056130313,0,0
0.00030009742,0,0
0.16253097,1,1
0.0005908628,0,0
0.0016400669,0,0
0.0007648857,0,0
0.00022924371,0,0
0.0003092458,0,0
0.24657501,1,1
0.00034790245,0,0
0.039362047,1,0
0.00689948,0,0
0.001734976,0,0
0.00032380415,0,0
0.0008026224,0,0
0.017453918,1,0
0.00028459664,0,0
0.11321731,1,1
0.02480292,1,0
0.02344112,1,0
0.019254033,0,0
0.23615302,1,1
0.36934274,1,1
0.36837935,1,1
0.00040147582,0,0
0.240501,1,1
0.0013663137,0,0
0.23481604,1,1
0.38956878,1,1
0.40307486,1,1
0.0945324,1,1
0.17627722,1,1
0.0015915583,0,0
0.17031337,1,1
0.15759452,1,1
0.0011556776,0,0
0.0015613767,0,0
0.04328972,1,1
0.00026815513,0,0
0.03689806,0,0
0.0025785696,0,0
0.0013860055,1,0
0.25003433,1,1
0.0002032669,0,0
0.00023581277,0,0
0.01250165,1,0
0.28301904,1,1
0.00024138473,0,0
0.4273696,1,1
0.0017542328,1,0
0.00090478116,0,0
0.098009504,1,1
0.46337378,1,1
0.025076784,1,0
0.00030009507,0,0
0.25498053,1,1
0.0015002295,1,0
0.013988821,1,0
0.0017588378,0,0
0.0006028299,0,0
0.42866582,1,1
0.065770425,1,1
0.18981184,1,1
0.0064534647,1,0
0.007765722,0,0
0.0065318253,1,0
0.20475517,1,1
0.0010302563,0,0
0.032760024,1,0
0.0441498,1,1
0.33877778,1,1
0.17699014,1,1
0.006438417,1,0
0.0002952861,0,0
0.2645239,1,1
0.12364228,1,1
0.0015752843,0,0
0.0059561227,0,0
0.059823215,0,1
0.00026830236,0,0
0.00027974276,0,0
0.118935674,1,1
0.17152762,1,1
0.0015701123,0,0
0.42581666,1,1
0.0005635167,0,0
0.1533264,1,1
0.0016855497,0,0
0.0018337234,0,0
0.0003611599,0,0
0.016788661,0,0
0.00032523953,0,0
0.8537699,1,1
0.00024266416,0,0
0.0004973748,0,0
0.17061035,1,1
0.23833674,1,1
0.00030107115,0,0
0.0038246454,0,0
0.00037200344,0,0
0.0013625138,1,0
0.0002439501,0,0
0.010677389,1,0
0.29212108,1,1
0.24912685,1,1
0.16075432,1,1
0.295807,1,1
0.006439166,1,0
0.24923976,1,1
0.00025688324,0,0
0.0005666425,0,0
0.20983347,1,1
0.00024360427,0,0
0.0147251235,1,0
0.0069531226,0,0
0.00042098423,0,0
0.04061416,0,0
0.00037543275,0,0
0.025158094,1,0
0.36127695,1,1
0.20479688,1,1
0.27175856,1,1
0.0014920948,0,0
0.11333812,1,1
0.044160746,1,1
0.0018382934,1,0
0.9617548,1,1
0.37001583,1,1
0.48869678,1,1
0.8447297,1,1
0.38654518,1,1
0.12347132,1,1
0.0017419701,0,0
0.2380007,1,1
0.0014305768,1,0
0.4561823,1,1
0.00031628527,0,0
0.0005348758,0,0
0.0037306605,0,0
0.13030772,1,1
0.128401,1,1
0.035010763,0,0
0.0017619296,0,0
0.522166,1,1
0.0012380893,0,0
0.1742443,1,1
0.0042743944,1,0
0.17907146,1,1
0.0065738615,0,0
0.038063772,1,0
0.00043743703,0,0
0.0007047648,0,0
0.00039910394,0,0
0.10037177,1,1
0.026050044,1,0
0.0005473355,0,0
0.32679027,1,1
0.3782434,1,1
0.21025832,1,1
0.00538461,0,0
0.44231838,1,1
0.00023427467,0,0
0.2669504,1,1
0.2922101,1,1
0.0003468899,0,0
0.96062386,1,1
0.0017481913,0,0
0.008799517,0,0
0.2362675,1,1
0.00048579226,0,0
0.20744684,1,1
0.00058817666,0,0
0.012460559,1,0
0.3907823,1,1
0.16716325,1,1
0.0013217626,1,0
0.0011203821,0,0
0.00032503493,0,0
0.00037914785,0,0
0.00046220754,0,0
0.00037591558,0,0
0.0005715127,0,0
0.0005000094,0,0
0.005917005,1,0
0.17609777,1,1
0.0027480663,0,0
0.39035738,1,1
0.0010962526,0,0
0.0007294971,0,0
0.0018664864,0,0
0.4254638,1,1
0.011310575,1,0
0.0008218426,0,0
0.27218637,1,1
0.00087990065,0,0
0.00659639,1,0
0.15400241,1,1
0.005148914,1,0
0.20659074,1,1
0.00021740072,0,0
0.00037937646,0,0
0.0067686983,0,0
0.32727733,1,1
0.0066895653,1,0
0.003654142,0,0
0.00024457875,0,0
0.00028256976,0,0
0.000545813,0,0
0.0017728365,0,0
0.4434385,1,1
0.00070749014,0,0
0.15466714,1,1
0.00024588135,0,0
0.26425484,1,1
0.22768953,1,1
0.000515221,0,0
0.00036071887,0,0
0.000352034,0,0
0.27915305,1,1
0.046840508,1,1
0.037220728,1,0
0.9257862,1,1
0.105215445,1,1
0.0040075323,1,0
0.007025294,0,0
0.14293267,1,1
0.00024758358,0,0
0.00050973403,0,0
0.00028233373,0,0
0.19948043,1,1
0.00023315506,0,0
0.0036319091,0,0
0.14436173,1,1
0.001263637,0,0
0.0022694073,1,0
0.24775086,1,1
0.38091195,1,1
0.011332851,1,0
0.41776693,1,1
0.2866958,1,1
0.23272163,1,1
0.38184947,1,1
0.20672965,1,1
0.00038342015,0,0
0.00041995553,0,0
0.13301882,1,1
0.2236396,1,1
0.00034687205,0,0
0.00024396797,0,0
0.008013559,1,0
0.027888065,1,0
0.0003710268,0,0
0.006064561,1,0
0.038281973,0,0
0.00027516042,0,0
0.00035853928,0,0
0.23824932,1,1
0.3272512,1,1
0.026581625,1,0
0.0010760077,0,0
0.0056296405,0,0
0.00037607137,0,0
0.08743646,1,1
0.04692945,1,1
0.0015647347,0,0
0.014494316,1,0
0.00038093916,0,0
0.00025168905,0,0
0.00055512215,0,0
0.21090114,1,1
0.0017155114,0,0
0.00031827472,0,0
0.014857479,1,0
0.0031843018,0,0
0.00029145923,0,0
0.040033825,1,0
0.12262013,1,1
0.00024847913,0,0
0.17748077,1,1
0.14615707,1,1
0.00029536532,0,0
0.11844888,1,1
0.1622785,1,1
0.27055776,1,1
0.21632394,1,1
0.0004361677,0,0
0.3803226,1,1
0.00062186876,0,0
0.07101573,1,1
0.05661866,0,1
0.08318572,0,1
0.0017713454,1,0
0.0066122804,1,0
0.2546542,1,1
0.054257985,1,1
0.001810036,0,0
0.26312566,1,1
0.18545645,1,1
0.00027761556,0,0
0.00023779496,0,0
0.17040187,1,1
0.00025046754,0,0
0.17329305,1,1
0.0005005562,0,0
0.29277682,1,1
0.00033647002,0,0
0.16406809,1,1
0.00036197773,0,0
0.021156706,1,0
0.36379704,1,1
0.3308905,1,1
0.43989483,0,1
0.00090003584,0,0
0.2558221,1,1
0.018888172,1,0
0.0059322906,1,0
0.0025337804,1,0
0.2264172,1,1
0.00027980102,0,0
0.0013744503,1,0
0.19359803,1,1
0.0005287753,0,0
0.0012733361,1,0
0.00084024377,0,0
0.00030175535,0,0
0.21428762,1,1
0.0015391399,0,0
0.007521592,1,0
0.11960726,1,1
0.00056475546,0,0
0.11800503,1,1
0.2309888,1,1
0.20220947,1,1
0.00034068426,0,0
0.07093025,0,1
0.001147897,0,0
0.22863488,1,1
0.00027491426,0,0
0.11015824,1,1
0.16344813,1,1
0.009322133,0,0
0.006697131,1,0
0.002984216,0,0
0.10345737,1,1
0.044405192,1,1
0.30583236,1,1
0.083523124,1,1
0.00095662527,0,0
0.007677225,0,0
0.00045372327,0,0
0.006606593,1,0
0.25444853,1,1
0.00050818233,0,0
0.32330853,1,1
0.0002771699,0,0
0.03730703,0,0
0.09538797,1,1
0.0004855404,0,0
0.941903,1,1
0.90317005,1,1
0.005788159,1,0
0.00034618156,0,0
0.00028809867,0,0
0.069610074,1,1
0.0004892615,0,0
0.1541404,1,1
0.16259181,1,1
0.0007942456,0,0
0.22996885,1,1
0.26581913,1,1
0.26655006,1,1
0.8985387,1,1
0.10209699,1,1
0.000681181,0,0
0.0002461898,0,0
0.00022237562,0,0
0.006931526,1,0
0.00042458597,0,0
0.00028433572,0,0
0.027235458,1,0
0.002448698,0,0
0.23718478,0,1
0.0014345325,1,0
0.00040409213,0,0
0.24139428,1,1
0.014834422,0,0
0.0037636408,0,0
0.1807827,1,1
0.037414942,0,0
0.010467097,1,0
0.56760496,1,1
0.0015729257,0,0
0.9584682,1,1
0.0002442929,0,0
0.37535557,1,1
0.039501302,1,0
0.02024596,0,0
0.00026437992,0,0
0.2615,1,1
0.33177882,1,1
0.95890677,1,1
0.21097709,1,1
0.00027517017,0,0
0.2593452,1,1
0.49174592,1,1
0.0016352872,0,0
0.78780067,1,1
0.23093353,1,1
0.0066126287,1,0
0.20930706,1,1
0.0062157307,1,0
2.1704216,1,1
0.0003431441,0,0
0.0004480964,0,0
0.0017267157,1,0
0.05003739,0,1
0.0015880126,0,0
0.006784133,0,0
0.2444791,1,1
0.037806083,0,0
0.15918013,1,1
0.211338,1,1
0.00047231125,0,0
0.17073572,1,1
0.0005249979,0,0
0.0015156346,0,0
0.0019804009,0,0
0.16790359,1,1
0.0002952869,0,0
0.021714026,1,0
0.027696056,0,0
0.003595952,0,0
0.23758896,1,1
0.0006295735,0,0
0.0020993853,0,0
0.00025963451,0,0
0.0019815238,0,0
0.10278395,1,1
0.2005135,1,1
0.79788625,1,1
0.16529575,1,1
0.0028240122,0,0
0.0012991016,1,0
0.00024767447,0,0
0.052880473,1,1
0.0066618454,0,0
0.0012762655,0,0
0.006409557,1,0
0.00024396404,0,0
0.1632839,1,1
0.049303748,0,1
0.0003377656,0,0
0.23432736,1,1
0.0015071857,0,0
0.00039867958,0,0
0.035010763,0,0
0.00039334223,0,0
0.22891359,1,1
0.29686233,1,1
0.5048979,1,1
0.15219793,1,1
0.00054636755,0,0
0.00050159934,0,0
0.59613264,1,1
0.0003789567,0,0
0.0017829171,0,0
0.12065523,1,1
0.013088867,1,0
0.0011615375,1,0
0.005692535,0,0
0.4641542,1,1
0.00051010994,0,0
0.32936382,1,1
0.0014669219,0,0
0.0066472422,1,0
0.00023205012,0,0
0.0012050787,0,0
0.563184,1,1
0.0014437033,1,0
0.010927715,1,0
0.00046371613,0,0
0.0003173873,0,0
0.00034100475,0,0
0.79707897,1,1
0.0002525371,0,0
0.44576403,1,1
0.0011834335,0,0
0.041634157,1,1
0.39439481,1,1
0.038597196,0,0
0.0023530715,0,0
0.00024970275,0,0
0.20734385,1,1
0.0066490876,0,0
0.21599253,1,1
0.4623452,1,1
0.017617542,0,0
0.00022000326,0,0
0.47975916,1,1
0.008898892,0,0
0.22897427,1,1
0.86377966,1,1
0.006539977,1,0
0.17397393,1,1
0.0048976005,1,0
0.0012200401,0,0
0.0038526251,0,0
0.0074216854,0,0
0.15679687,1,1
0.37463215,1,1
0.0009833394,0,0
0.0050676297,0,0
0.073901236,1,1
0.0010870884,0,0
0.12965792,1,1
0.37574297,1,1
0.00032942745,0,0
0.19412294,1,1
0.001162917,0,0
0.0002546634,0,0
0.06259833,1,1
0.006548467,0,0
0.006578462,0,0
0.0036461905,0,0
0.5908729,1,1
0.0006008057,0,0
0.021111086,1,0
0.0003474254,0,0
0.0015391678,1,0
0.00026003248,0,0
0.00032834368,0,0
0.0002899334,0,0
0.47012004,1,1
0.00041342818,0,0
0.4127358,1,1
0.0015861605,0,0
0.024635477,0,0
0.00049064856,0,0
0.0065673213,0,0
0.00063999725,0,0
0.0014217313,1,0
0.12034188,1,1
0.0012404664,0,0
0.00026700346,0,0
0.026079591,1,0
0.00043836827,0,0
0.001386313,1,0
0.0019866133,0,0
0.03730702,0,0
0.00023008397,0,0
0.5503077,1,1
0.16150898,1,1
0.0005753029,0,0
0.044825878,1,1
0.073402464,1,1
0.00644475,1,0
0.007858513,0,0
0.00037862165,0,0
0.16224517,1,1
0.0003870578,0,0
0.00032034857,0,0
0.16980313,0,1
0.13670178,1,1
0.0003888502,0,0
0.0014517914,1,0
0.094371594,0,1
0.1735102,1,1
0.00027182,0,0
0.0003773611,0,0
0.00024612003,0,0
0.00047918072,0,0
0.16156538,0,1
0.00022379233,0,0
0.0031469848,0,0
0.00028123858,0,0
0.011915735,0,0
0.43323034,1,1
0.00025849332,0,0
0.00062719744,0,0
0.007336629,0,0
0.0005635559,0,0
0.12518695,1,1
0.9583438,1,1
0.92374057,1,1
0.37328398,1,1
0.45592374,1,1
0.0029595466,1,0
0.1407754,1,1
0.7353241,1,1
0.23949842,1,1
0.071058184,1,1
0.00033082964,0,0
0.00926732,1,0
0.40598822,1,1
0.00024301076,0,0
0.0005300202,0,0
0.68134624,1,1
0.016392296,1,0
0.00031472812,0,0
0.023509175,1,0
0.09752935,1,1
0.0002879045,0,0
0.0002668905,0,0
0.911396,1,1
0.00040500058,0,0
0.0011026431,0,0
0.23742011,1,1
0.002367465,0,0
0.95638937,1,1
0.0025338652,0,0
0.061485175,1,1
0.0035237928,0,0
0.25835502,1,1
0.4842304,1,1
0.00061367435,0,0
0.43888307,1,1
0.20035836,1,1
0.0004832595,0,0
0.1484672,1,1
0.0026188556,0,0
0.000595051,0,0
0.0035022665,0,0
0.20326133,1,1
0.00032379967,0,0
0.7178765,1,1
0.0010704297,0,0
0.23169215,1,1
0.21185552,1,1
0.00142539,1,0
0.22774854,1,1
0.003701657,0,0
0.08117226,1,1
0.00052000076,0,0
0.005381913,0,0
0.8578471,1,1
0.0004988842,0,0
0.39486346,1,1
0.0050265254,0,0
0.00028441194,0,0
0.38919538,1,1
0.00033617014,0,0
0.024482511,1,0
0.0060167094,1,0
0.0058408673,1,0
0.0004360161,0,0
0.23181716,1,1
0.37019643,1,1
0.0005598247,0,0
0.23992555,1,1
0.00036451968,0,0
0.0043503023,0,0
0.0013433135,0,0
0.002599661,0,0
0.7519233,1,1
0.00035010546,0,0
0.0004482108,0,0
0.37235996,1,1
0.0003336236,0,0
0.00060410675,0,0
0.0065738615,1,0
0.2271066,1,1
0.0003243412,0,0
0.00073248957,0,0
0.03740091,0,0
0.13201001,1,1
0.35442898,1,1
0.0021210467,0,0
0.0003046756,0,0
0.00025978475,0,0
0.110802405,1,1
0.0012546461,1,0
0.42581534,1,1
0.0003114085,0,0
0.00025875197,0,0
0.171996,1,1
0.0004885557,0,0
0.16466448,1,1
0.00037488874,0,0
0.40606937,1,1
0.001155833,0,0
0.0002568811,0,0
0.03870215,0,0
0.00069477584,0,0
0.00130549,1,0
0.8492603,1,1
0.14201732,0,1
0.10470224,1,1
0.0033462956,0,0
0.34804794,1,1
0.8755385,1,1
0.0030274908,1,0
0.00029627938,0,0
0.0065673646,1,0
0.08772837,1,1
0.00022686043,0,0
0.00028467464,0,0
0.23083891,1,1
0.3628418,1,1
0.00022918748,0,0
0.18080217,1,1
0.26058686,1,1
0.24540545,1,1
0.021833219,1,0
0.0059690136,0,0
0.00044827705,0,0
0.21445826,1,1
0.09923253,1,1
0.05520658,1,1
0.4690225,1,1
0.0010699912,0,0
0.0032442147,0,0
0.000263335,0,0
0.0005249436,0,0
0.21010777,1,1
0.46248138,1,1
0.36416852,1,1
0.041175902,1,1
0.00026331664,0,0
0.00039140016,0,0
0.121660896,1,1
0.00030871754,0,0
0.8973017,1,1
0.18095739,1,1
0.00039947528,0,0
0.00161157,1,0
0.27218163,1,1
0.0090628285,0,0
0.0005706545,0,0
0.0002218599,0,0
0.2200448,1,1
0.28617322,1,1
0.08877082,1,1
0.0011809219,0,0
0.38499913,1,1
0.95890677,1,1
191.57439,0,1
0.21806969,1,1
0.23549893,1,1
0.85291475,1,1
0.1174485,1,1
0.0020097415,1,0
0.0003274973,0,0
0.050299447,0,1
0.9017653,1,1
0.0030635835,0,0
0.1275916,1,1
0.033784725,1,0
0.001734795,0,0
0.0002732945,0,0
0.00332087,0,0
0.49253422,1,1
0.36809075,1,1
0.15868391,1,1
0.0016700085,1,0
0.0014478829,0,0
0.8172816,1,1
0.5181615,1,1
0.0003270175,0,0
0.005960186,1,0
0.15132394,1,1
0.025411777,1,0
0.00037363818,0,0
0.2438027,1,1
0.26841715,1,1
0.0029315383,1,0
0.17204459,1,1
0.00038697678,0,0
0.0028108049,1,0
0.0003677498,0,0
0.009063629,0,0
0.0067385137,0,0
0.28146774,1,1
0.024166495,0,0
0.000256476,0,0
0.00040594142,0,0
0.00025404242,0,0
0.4594094,1,1
0.2067522,1,1
0.06646182,1,1
0.00021660514,0,0
0.30660233,1,1
0.010419896,0,0
0.0066371183,1,0
0.00024375919,0,0
0.00024766475,0,0
0.007479361,0,0
0.26989967,1,1
0.00027350412,0,0
0.0011180856,0,0
0.17020525,1,1
0.00039753263,0,0
0.0071514356,0,0
0.0052034766,0,0
0.03755811,0,0
0.08595359,1,1
0.23383887,1,1
0.2246502,1,1
0.00031060042,0,0
0.13550428,1,1
0.37012064,1,1
0.17059116,1,1
0.6887509,1,1
0.17637272,1,1
0.0002783767,0,0
0.0013233508,1,0
0.0005650825,0,0
0.005569251,0,0
0.00048796332,0,0
0.6854229,1,1
0.00028936958,0,0
0.007456226,1,0
0.00028949638,0,0
0.36801404,1,1
0.00024768157,0,0
0.012273337,1,0
0.0003235828,0,0
0.15948837,1,1
0.00022088262,0,0
0.17468905,1,1
0.16546644,1,1
0.00025537523,0,0
0.17703778,1,1
0.22128831,1,1
0.0003109706,0,0
0.49952075,1,1
0.27871332,1,1
0.04952073,1,1
0.0013806117,0,0
0.034275763,0,0
0.028059168,0,0
0.34529507,1,1
0.8835227,1,1
0.026816456,1,0
0.35554504,1,1
0.00031570494,0,0
0.41576687,1,1
0.00025992838,0,0
0.014478439,0,0
0.00022953688,0,0
0.42918313,1,1
0.001373089,1,0
0.46115467,1,1
0.00066199974,0,0
0.0016136416,0,0
0.0032143977,0,0
0.16451117,1,1
0.16684125,1,1
0.003139479,0,0
0.00028671583,0,0
0.0010647485,0,0
0.15297346,1,1
0.14753494,1,1
0.008252582,0,0
0.35970587,1,1
0.019953944,1,0
0.0018158014,0,0
0.0058677024,1,0
0.001041846,0,0
0.031612948,1,0
0.0019409162,1,0
0.14570816,0,1
0.20740612,1,1
0.23384178,1,1
0.00065992645,0,0
0.22917399,1,1
0.060299024,0,1
0.0002809104,0,0
0.113077804,1,1
0.07862419,1,1
0.00045552058,0,0
0.009392988,0,0
0.14809737,1,1
0.26280996,1,1
0.0002966673,0,0
0.0029236465,1,0
0.0002730433,0,0
0.15177941,1,1
0.00024375746,0,0
0.006596766,1,0
0.005329736,0,0
0.046115164,1,1
0.00032268566,0,0
0.95290655,1,1
0.0011818332,0,0
0.017782088,1,0
0.0019414228,0,0
0.021318266,1,0
0.3953938,1,1
0.16582419,1,1
0.0031824054,0,0
0.22565174,1,1
0.00031699575,0,0
0.0005160525,0,0
0.0067290226,1,0
0.00028653417,0,0
0.00023431068,0,0
0.00054002495,0,0
0.00022017348,0,0
0.00043536804,0,0
0.015001382,1,0
0.0065342006,1,0
0.00026552475,0,0
0.8738521,1,1
0.37334564,1,1
0.16208829,1,1
0.00059584377,0,0
0.24710816,1,1
0.0003606454,0,0
0.00034182068,0,0
0.017327333,1,0
0.00030715927,0,0
0.0037798812,0,0
0.4020046,1,1
0.43761095,1,1
0.25039458,1,1
0.23027483,1,1
0.22138907,1,1
0.0013334611,0,0
0.36364704,1,1
0.00026680616,0,0
0.28565198,1,1
1.1415975,1,1
0.0031622685,0,0
0.8278744,1,1
0.00077318016,0,0
0.0013294148,1,0
0.031010596,1,0
0.001479399,1,0
0.00076794985,0,0
0.00036819847,0,0
0.00026598576,0,0
0.13258442,0,1
0.44307002,1,1
0.0005506855,0,0
0.95318353,1,1
0.03961743,1,0
0.0792215,0,1
0.17166585,1,1
0.006744904,1,0
0.17357905,1,1
0.21776971,1,1
0.010628836,0,0
0.0015506871,0,0
0.37613437,1,1
0.00046251275,0,0
0.00025344946,0,0
0.025247352,1,0
0.22715238,1,1
0.0029143754,1,0
0.00022743574,0,0
0.3996663,1,1
0.0004109324,0,0
0.14868085,1,1
0.00021875136,0,0
0.20225734,1,1
0.00034529157,0,0
0.16239303,1,1
0.002894025,1,0
0.0008374652,0,0
0.20030524,1,1
0.18922152,1,1
0.0013588178,1,0
0.38643602,1,1
0.00023809452,0,0
0.37300423,1,1
0.001496415,0,0
0.16031103,1,1
0.0013326667,0,0
0.00033292186,0,0
0.0006270553,0,0
0.0065327543,1,0
0.0065717124,0,0
0.39402944,1,1
0.00024397146,0,0
0.0016149831,1,0
0.12403151,1,1
0.0004705455,0,0
0.00092442235,0,0
0.025224246,1,0
0.0010873317,0,0
0.0014084522,1,0
0.0004094593,0,0
0.014251862,0,0
0.00030732513,0,0
0.07188091,0,1
0.016578807,1,0
0.24093172,1,1
0.06979404,0,1
0.00023379696,0,0
0.0003227053,0,0
0.12042868,0,1
0.25158986,1,1
0.015655812,1,0
0.0018797019,0,0
0.0002439333,0,0
0.016545644,1,0
0.00032946613,0,0
0.0007144692,0,0
0.19220535,1,1
0.0067958524,1,0
0.06738931,1,1
0.008537844,1,0
0.16323808,1,1
0.00043704838,0,0
0.0021204513,0,0
0.0029203147,1,0
0.16128685,1,1
0.0065420023,1,0
0.2667705,1,1
0.4609045,1,1
0.0005185403,0,0
0.4476116,1,1
0.0003635139,0,0
0.020401608,0,0
0.09422502,1,1
0.23508197,1,1
0.00021370823,0,0
0.38395202,1,1
0.00024862672,0,0
0.027442187,0,0
0.06337691,1,1
0.0003433881,0,0
0.0011948703,1,0
0.15663238,1,1
0.0002938756,0,0
0.024677303,1,0
0.6881113,1,1
0.22456492,1,1
0.0014314489,0,0
0.41202977,1,1
0.0012449542,0,0
0.0008283311,0,0
0.012050409,1,0
0.42709038,1,1
0.00035303112,0,0
0.14527951,1,1
0.0018581884,0,0
0.28990647,1,1
0.2421285,1,1
0.03118754,1,0
0.0018172357,0,0
0.03726726,0,0
0.00028064894,0,0
0.00042690968,0,0
80.577126,1,1
0.0003473393,0,0
0.44438294,1,1
0.028050505,0,0
0.05646381,0,1
0.0068925736,0,0
0.20986652,1,1
0.147644,1,1
0.0042342623,0,0
0.049657762,1,1
0.0003324487,0,0
0.24059421,1,1
0.00327582,0,0
0.00072800776,0,0
0.0014255608,1,0
0.0016687765,0,0
0.018237647,0,0
0.0008539227,0,0
0.26844227,1,1
0.41109997,1,1
0.26647684,1,1
0.001056803,0,0
0.4260238,1,1
0.0005309275,0,0
0.27266216,1,1
0.28774688,1,1
0.0012203278,1,0
0.00029819808,0,0
0.21459894,1,1
0.09942316,1,1
0.9645663,1,1
0.15990789,1,1
0.0003093978,0,0
0.098115355,1,1
0.0072998237,1,0
0.41615105,0,1
0.0035172317,0,0
0.35730729,1,1
0.0014643517,0,0
0.33854106,1,1
0.9599971,1,1
0.00029787372,0,0
0.00164906,0,0
0.21497694,1,1
0.18754691,1,1
0.00031474515,0,0
0.005158021,1,0
0.0065399567,1,0
0.0004195386,0,0
0.0033196,0,0
0.0018144749,0,0
0.39650065,1,1
0.0004480523,0,0
0.04208926,1,1
0.006612314,1,0
0.00022282946,0,0
0.07936314,1,1
0.0003280338,0,0
0.015525699,1,0
0.1861439,1,1
0.0067573334,1,0
0.0004219075,0,0
0.16081175,1,1
0.005038156,0,0
0.2604486,1,1
0.13074116,1,1
66.543625,1,1
0.23282358,1,1
0.0036235414,0,0
0.09516244,1,1
0.035098452,1,0
0.09623172,0,1
0.2396213,1,1
0.00032926528,0,0
0.005656043,1,0
0.05926749,1,1
0.0003407664,0,0
0.0061241146,1,0
0.0076596364,1,0
0.03809116,0,0
0.012902088,1,0
0.069278486,1,1
0.025222886,1,0
0.0013425505,1,0
0.00037062526,0,0
0.0015229953,0,0
0.038707703,0,0
0.00045637455,0,0
0.25307092,1,1
0.37970507,1,1
0.002427896,0,0
0.19943519,1,1
0.012213826,1,0
0.014211533,1,0
0.0006043632,0,0
0.0002520408,0,0
0.0373071,0,0
0.91325545,1,1
0.14763092,1,1
0.05586732,0,1
0.0064910445,1,0
0.00030404225,0,0
0.03501076,0,0
0.44708675,1,1
0.2487665,1,1
0.0002208596,0,0
0.27085713,1,1
0.00024887634,0,0
0.0006711034,0,0
0.9556333,1,1
0.0004823706,0,0
0.06118397,1,1
0.21038243,1,1
0.3661636,1,1
0.0009963947,0,0
0.0060157813,1,0
0.026137449,1,0
0.44676962,1,1
0.0003614728,0,0
0.00035493285,0,0
0.4116983,1,1
0.22583535,1,1
0.0003928108,0,0
0.041703787,1,1
0.00024388054,0,0
0.16120124,1,1
0.27277094,1,1
0.1630676,1,1
0.36713737,1,1
0.26949134,1,1
0.029474963,1,0
0.14891848,1,1
0.08064292,1,1
0.012098838,0,0
0.45691475,1,1
0.00025569834,0,0
0.14346045,1,1
0.10533308,1,1
0.00029522786,0,0
0.02505048,1,0
0.0026349782,0,0
0.00027087005,0,0
0.2472635,1,1
0.00029853146,0,0
0.00022991835,0,0
0.00095024984,0,0
0.07131819,1,1
0.008463907,0,0
0.001377981,0,0
0.016779203,1,0
0.05091406,1,1
0.17647827,1,1
0.00043873966,0,0
0.097279005,1,1
0.32333648,1,1
0.17810415,1,1
0.093217336,1,1
0.07791868,1,1
0.094175726,1,1
0.00024173409,0,0
0.00024491202,0,0
0.0035871903,0,0
0.005962045,1,0
0.0020392423,0,0
0.050951988,1,1
0.0003072996,0,0
0.00024904456,0,0
0.15246423,1,1
0.060173705,1,1
0.14197515,1,1
0.00044301146,0,0
0.16128683,1,1
0.0003466403,0,0
0.19040437,1,1
0.21612552,1,1
0.4619406,1,1
0.0029155845,1,0
0.0003162522,0,0
0.3311333,1,1
0.18117002,1,1
0.00025979144,0,0
0.35309556,1,1
0.00057221996,0,0
0.09650581,1,1
0.25458774,1,1
0.02116513,0,0
0.0002570485,0,0
0.00045959066,0,0
0.00030870078,0,0
0.860909,1,1
0.00036472664,0,0
0.009562795,1,0
0.0005465005,0,0
0.0071914196,1,0
0.96992445,1,1
0.4340692,1,1
0.09648189,1,1
0.00033188454,0,0
0.00026612292,0,0
0.0014658286,0,0
0.0065679722,1,0
0.22747853,1,1
0.3128165,1,1
0.0038698725,0,0
0.0033080848,0,0
0.0025758937,1,0
0.25309816,1,1
0.14482673,1,1
0.00037019578,0,0
1.0315287,1,1
0.003136762,0,0
0.0011297208,0,0
0.18038042,1,1
0.0066774227,1,0
0.30525434,1,1
0.009410974,0,0
0.0005189908,0,0
0.1592417,1,1
0.10160083,1,1
0.0028011943,0,0
0.00657829,1,0
0.14582038,1,1
0.0015034786,1,0
0.00035249547,0,0
0.0025380254,1,0
0.013680288,0,0
0.00050892343,0,0
0.21659398,1,1
0.031805687,1,0
0.13040063,1,1
0.008334804,1,0
0.00034433405,0,0
0.16120113,1,1
0.25219774,1,1
0.025365302,1,0
0.0003453001,0,0
0.0021624295,0,0
0.20710105,1,1
0.0065785125,1,0
0.00026784523,0,0
0.14316028,1,1
0.16873418,1,1
0.0037041286,0,0
0.043846697,1,1
0.0003514339,0,0
0.0014886978,1,0
0.00045671331,0,0
0.1089003,1,1
0.0019598608,0,0
0.24876592,1,1
0.2405925,1,1
0.17373607,1,1
0.00028850048,0,0
0.0002535783,0,0
0.20758139,1,1
0.38077095,1,1
0.15719894,1,1
0.0014346548,1,0
0.0035910718,0,0
0.0011403108,0,0
0.03997868,1,0
0.23890235,1,1
0.00038529656,0,0
0.0064789224,1,0
0.032542486,1,0
0.0077405884,0,0
0.00046107045,0,0
0.0003746766,0,0
0.8553758,1,1
0.0002479395,0,0
0.055029277,1,1
0.22572178,1,1
0.045900643,1,1
0.69765586,1,1
0.24615762,1,1
0.4325389,1,1
0.00022221057,0,0
0.00055065635,0,0
0.2596642,1,1
0.1746081,1,1
0.00027502913,0,0
0.0002551577,0,0
0.0022734029,0,0
0.28290975,1,1
0.06145606,1,1
0.00025404277,0,0
0.00653266,0,0
0.00037154582,0,0
0.13381197,1,1
0.23139451,1,1
0.9238204,1,1
0.32711664,1,1
0.047170278,1,1
0.02016529,1,0
0.0003739391,0,0
0.5004178,1,1
0.00028440653,0,0
0.00042459092,0,0
0.20071055,1,1
0.08648142,1,1
0.28658688,1,1
0.03554104,0,0
0.054506734,1,1
0.10028746,1,1
0.24693592,1,1
0.39715567,1,1
0.14265811,1,1
0.00250701,0,0
0.12857604,0,1
0.00057821017,0,0
0.041499786,1,1
0.092084534,1,1
0.00043959403,0,0
0.49245444,1,1
0.00035372336,0,0
0.019579941,1,0
0.0012726185,1,0
0.024614656,1,0
0.0055926424,1,0
0.00031669447,0,0
0.3078931,1,1
0.040191166,1,0
0.16239303,1,1
0.007922509,1,0
0.18934393,1,1
0.25258863,1,1
0.32053956,0,1
0.038707674,0,0
0.0020730437,0,0
0.0002539674,0,0
0.00065997173,0,0
0.21797466,1,1
0.0013280985,0,0
0.22757867,1,1
0.00039727878,0,0
0.0004965043,0,0
0.15507971,1,1
0.24961767,1,1
0.37386,1,1
0.850839,1,1
0.00047600648,0,0
0.2156591,1,1
0.00033634307,0,0
0.37885672,1,1
0.0018657196,0,0
0.00898816,0,0
0.0002410594,0,0
0.0005243631,0,0
0.3927464,1,1
0.47402135,1,1
0.23391691,1,1
0.882169,1,1
0.27230632,1,1
0.00025211487,0,0
0.22752629,1,1
0.23062295,1,1
3.6609366,0,1
0.34999555,1,1
0.00036053764,0,0
0.00034689973,0,0
0.18608558,1,1
0.016715076,1,0
0.023353597,1,0
0.43913782,1,1
0.006483771,1,0
0.006532765,1,0
0.0012074421,0,0
0.00031625247,0,0
0.0018201037,0,0
0.0002969833,0,0
0.0002952966,0,0
0.0040408727,1,0
0.0013433105,1,0
0.22532219,1,1
0.24481487,1,1
0.005027409,1,0
0.9234029,1,1
0.110996164,1,1
0.35174835,1,1
0.0012802607,0,0
0.2892697,1,1
0.0031358153,0,0
0.00027044932,0,0
0.36826235,1,1
0.3192117,1,1
0.06265225,1,1
0.00031640488,0,0
0.038380645,0,0
0.0002647354,0,0
0.053889137,1,1
0.05660621,1,1
0.26098162,1,1
0.011044989,1,0
0.000830208,0,0
0.23409761,1,1
0.14324334,1,1
0.0017878546,0,0
0.3520628,1,1
0.22113767,1,1
0.21326004,1,1
0.41627237,1,1
0.00056556513,0,0
0.40554148,1,1
0.12114293,1,1
0.00039177752,0,0
0.138647,1,1
0.0013433775,0,0
0.25237736,1,1
0.29737374,1,1
0.00028621586,0,0
0.0012046588,0,0
0.7606332,1,1
0.36583441,1,1
0.4394611,1,1
0.00026683748,0,0
0.00025153335,0,0
0.007698307,0,0
0.06565532,1,1
0.037556812,1,0
0.00048582134,0,0
0.3557836,1,1
0.0023878086,0,0
0.0002187716,0,0
0.0033916915,0,0
0.52548635,1,1
0.019362498,1,0
0.007395216,1,0
0.0004546272,0,0
0.2551888,1,1
0.0004716066,0,0
0.00045584506,0,0
0.00037384877,0,0
0.2119093,1,1
0.24832058,1,1
0.3405237,1,1
0.010634912,1,0
0.0066294293,0,0
0.0003066064,0,0
0.00024337978,0,0
0.38019285,1,1
0.22127086,1,1
0.00024097251,0,0
0.006523357,0,0
0.00030664753,0,0
0.0020308993,0,0
0.8962728,1,1
0.0067385915,0,0
0.04562284,1,1
0.006581318,1,0
0.0011174469,1,0
0.0066633313,1,0
0.48499992,1,1
0.0017604519,0,0
0.14992076,1,1
0.4305876,1,1
0.15855262,1,1
0.006971296,0,0
0.002857868,1,0
0.00038277754,0,0
0.0154943485,0,0
0.055967465,1,1
0.2237701,1,1
0.00028905214,0,0
0.036116455,0,0
0.8426278,1,1
0.074609384,0,1
0.31719053,1,1
0.0015222768,0,0
0.36827418,1,1
0.0003577746,0,0
0.0018561119,0,0
0.00022448029,0,0
0.00038928806,0,0
0.0017625666,0,0
0.00028971143,0,0
4.6093893,1,1
0.0018435166,0,0
0.039956443,1,0
0.00066882616,0,0
0.27967542,1,1
0.00663886,1,0
0.0006138448,0,0
0.014959994,0,0
0.000289707,0,0
0.19771038,1,1
0.19021556,1,1
0.21436326,1,1
0.0003761424,0,0
0.00025186053,0,0
0.011827629,0,0
0.00024392876,0,0
0.053269885,1,1
0.000380466,0,0
0.02367812,1,0
0.00026679944,0,0
0.2657324,1,1
0.47909328,1,1
0.3064451,1,1
0.15987176,0,1
0.0023330902,0,0
0.23042025,1,1
0.002385607,0,0
0.0008300444,0,0
0.0004491568,0,0
0.0032189833,0,0
0.19479522,1,1
0.9289551,1,1
0.0016477512,0,0
0.002090757,0,0
0.033683397,1,0
0.14175178,1,1
0.675217,1,1
0.2344629,1,1
0.0014909136,1,0
0.30354702,1,1
0.5004224,1,1
0.15095417,1,1
0.03613512,0,0
0.01269693,0,0
0.0042977855,1,0
0.00024337867,0,0
0.1793795,1,1
0.0067841304,0,0
0.00022203285,0,0
0.13464098,1,1
0.00030674643,0,0
0.2266935,1,1
0.9343373,1,1
0.18968657,1,1
0.0003701102,0,0
0.0005147917,0,0
0.00021742718,0,0
0.00030674308,0,0
1.3226407,0,1
0.17154762,1,1
0.15704703,1,1
0.1616963,1,1
0.00039875926,0,0
0.0024376963,1,0
0.31602582,1,1
0.0015665105,0,0
0.0002750666,0,0
0.0066155735,1,0
0.14018366,1,1
0.14530422,1,1
0.037499778,0,0
0.28262734,1,1
0.00023361592,0,0
0.0005811501,0,0
0.006573837,1,0
0.00022193274,0,0
0.00022404337,0,0
0.09875229,0,1
0.280271,1,1
0.0002407939,0,0
0.02631416,1,0
0.00039176142,0,0
0.16732524,1,1
0.09201295,1,1
0.21717001,1,1
0.008801058,0,0
0.2822145,1,1
0.0012129323,0,0
0.38428363,1,1
0.19087847,1,1
0.41616458,1,1
0.31232786,1,1
0.00031266635,0,0
0.00045391635,0,0
0.19104269,1,1
0.14263488,1,1
0.26679167,1,1
0.2814221,1,1
0.018987259,0,0
0.00077690557,0,0
0.0006312609,0,0
0.00037766589,0,0
0.036116462,0,0
0.16607623,1,1
0.00040205076,0,0
0.37752175,1,1
0.21515946,1,1
0.00034680305,0,0
0.31894282,1,1
0.002083367,1,0
0.04160296,1,1
0.15535033,1,1
0.80959535,1,1
0.0003129907,0,0
0.0005973234,0,0
0.16745952,1,1
0.14279103,1,1
0.18895449,1,1
0.0002713171,0,0
0.006890071,1,0
0.00037153703,0,0
0.0033037968,0,0
0.038707674,0,0
0.2071794,1,1
0.011159051,1,0
0.0026766148,0,0
0.004894529,1,0
0.0033554456,1,0
0.00030993696,0,0
0.002663398,1,0
0.000371777,0,0
0.0030291507,0,0
0.12544034,1,1
0.00051072566,0,0
0.00078450673,0,0
0.07051255,1,1
0.00049373315,0,0
0.055188026,0,1
0.38827813,1,1
0.006218671,1,0
0.25573543,1,1
0.2116194,1,1
0.006775965,1,0
0.103180185,1,1
0.00063992746,0,0
0.039290145,1,0
0.00042380916,0,0
0.00022775753,0,0
0.0036166296,0,0
0.0018802498,0,0
0.00032318602,0,0
0.06436387,1,1
0.38679335,1,1
0.0055931876,0,0
0.026409345,0,0
0.000410588,0,0
0.14798144,1,1
0.03268724,1,0
0.000254041,0,0
0.000302016,0,0
0.03010421,1,0
0.27927434,1,1
0.00024423658,0,0
0.006703429,1,0
0.2239625,1,1
0.6740408,1,1
0.49662203,1,1
0.00023501234,0,0
0.00025563114,0,0
0.0047631557,1,0
0.10591615,1,1
0.14974195,1,1
0.1625333,1,1
0.23275387,1,1
0.1620357,1,1
0.011834262,1,0
0.096059225,1,1
0.0022611348,0,0
0.00025651584,0,0
0.0017519869,0,0
0.025467286,1,0
0.20262972,1,1
0.006959232,0,0
0.16120124,1,1
0.14188468,1,1
0.00040874904,0,0
0.20576154,1,1
0.28381696,1,1
0.2695952,1,1
0.0015173125,0,0
0.009230915,1,0
0.006697131,1,0
0.0002178059,0,0
0.00029532416,0,0
0.44968283,1,1
0.00042824438,0,0
0.00030444292,0,0
0.0003159014,0,0
0.00025962671,0,0
0.00034040658,0,0
0.0008870023,0,0
0.009984029,1,0
0.7204379,1,1
0.0004715819,0,0
0.11311368,1,1
0.0077617974,0,0
0.005379533,0,0
0.0016713404,0,0
0.15542784,1,1
0.0074361055,1,0
0.1648198,1,1
0.27228054,1,1
0.0002342565,0,0
0.0002293956,0,0
0.109366536,0,1
0.00022513278,0,0
0.07567024,1,1
0.24019048,1,1
0.19225751,1,1
0.00032324484,0,0
0.01487747,1,0
0.024878837,0,0
0.00023540268,0,0
0.1424043,1,1
0.3550513,1,1
0.01941305,1,0
0.00061237096,0,0
0.00048241665,0,0
0.12483039,1,1
0.29405895,1,1
0.0005984327,0,0
0.00050557195,0,0
0.0064095864,0,0
0.00023002182,0,0
0.38398096,1,1
0.00410974,0,0
0.0008963875,0,0
0.34302038,1,1
0.015418646,1,0
0.0013625104,1,0
0.07966414,0,1
0.16492349,1,1
0.1183066,1,1
0.006409583,1,0
0.4886205,1,1
0.0482153,1,1
0.2509422,1,1
0.43151766,1,1
0.2200727,1,1
0.38206318,1,1
0.006637116,0,0
0.18975075,1,1
0.3910429,1,1
0.28231665,1,1
0.016930696,1,0
0.34264013,1,1
0.31829256,1,1
0.3322469,1,1
0.00039053787,0,0
0.0032270441,0,0
0.21689211,1,1
0.00051305164,0,0
0.4166029,1,1
0.0005926591,0,0
0.0008278256,0,0
0.0014776449,0,0
0.008194382,0,0
0.20404878,1,1
0.038089532,0,0
0.10423569,1,1
0.18628752,1,1
0.00026675276,0,0
0.15624541,1,1
0.00028466532,0,0
0.29745942,1,1
0.010610619,0,0
0.0065628397,1,0
0.011846613,1,0
0.022059122,1,0
0.00037067285,0,0
0.39928916,1,1
0.0024561724,1,0
0.0002536554,0,0
0.0602228,1,1
0.6760808,1,1
0.003192509,0,0
0.21558368,1,1
0.22304295,1,1
0.020941542,1,0
0.121387206,1,1
0.006686181,0,0
0.21205105,1,1
0.00095634855,0,0
0.3740151,1,1
0.00024093674,0,0
0.0037016543,0,0
0.2416905,1,1
0.16342083,1,1
0.0006689669,0,0
0.0003144661,0,0
0.0045756293,0,0
0.00657386,0,0
0.3866117,1,1
0.008366929,0,0
0.2867746,1,1
0.000482002,0,0
0.0032956197,0,0
0.00037472454,0,0
0.00027495922,0,0
0.030403908,0,0
0.0021421537,1,0
0.0006602372,0,0
0.43259296,1,1
0.52817833,1,1
0.000809033,0,0
0.00039804413,0,0
0.3176241,1,1
0.16189894,1,1
0.001961383,1,0
0.24584463,1,1
0.33447132,1,1
0.032542832,1,0
0.00027945123,0,0
0.003768198,0,0
0.060312882,1,1
0.008644228,0,0
0.0016632819,0,0
0.024416737,1,0
0.08883821,0,1
0.0005760479,0,0
0.0042072926,0,0
0.376533,1,1
0.0003595032,0,0
0.36354536,1,1
0.0016924803,0,0
0.1539855,1,1
0.013084171,0,0
0.14946578,1,1
0.0022265443,0,0
0.15997107,1,1
0.00031319534,0,0
0.0031241353,0,0
0.0012573409,0,0
0.001330303,1,0
0.0002516055,0,0
0.3755938,1,1
0.00024607618,0,0
0.0003291422,0,0
0.27852586,1,1
0.00038202666,0,0
0.008360329,0,0
0.049150623,1,1
0.25809795,1,1
0.21779014,1,1
0.0055029495,0,0
0.05118424,1,1
0.00034284533,0,0
0.18799323,1,1
0.0013329127,0,0
0.9252592,1,1
0.20981807,1,1
26.669827,1,1
0.1494251,1,1
0.010628228,0,0
0.090815686,1,1
0.0010350439,0,0
0.41453153,1,1
0.00111365,0,0
0.0020199819,0,0
0.00030682288,0,0
0.18935503,1,1
0.0007057081,0,0
0.0002633469,0,0
0.10177538,1,1
0.0017194464,0,0
0.26114184,1,1
0.024407657,1,0
0.0066971453,1,0
0.23498473,1,1
0.0014341632,0,0
0.011484804,1,0
0.055850722,1,1
0.38903695,1,1
0.032237258,1,0
0.00032343404,0,0
0.002070181,0,0
0.4336106,1,1
0.2843728,1,1
0.00048245367,0,0
0.24488935,1,1
0.47864863,1,1
0.2319892,1,1
0.00086745975,0,0
0.00038917494,0,0
0.003928661,0,0
0.15423621,1,1
0.36850193,1,1
0.0016603955,1,0
0.25833675,1,1
0.90122074,1,1
0.00036668906,0,0
0.00026719627,0,0
0.0077505917,1,0
0.0006040696,0,0
0.00023817166,0,0
0.00024903103,0,0
0.0011082224,0,0
0.0004700083,0,0
0.0029046615,1,0
0.0006113636,0,0
0.00034627307,0,0
0.00026689243,0,0
0.014659039,1,0
0.28064904,1,1
0.00024611183,0,0
0.07141951,1,1
0.0016351317,0,0
0.00026556113,0,0
0.00023752969,0,0
0.16268608,1,1
0.03898624,0,0
0.00033008275,0,0
0.17634611,1,1
0.00023248623,0,0
0.00039874716,0,0
0.0012830592,0,0
0.011766459,1,0
0.0234314,1,0
0.0014121796,1,0
0.00027514657,0,0
0.0019049768,0,0
0.46724325,1,1
0.050875697,1,1
0.0067039854,0,0
0.0005745494,0,0
0.0053044492,1,0
0.00035716454,0,0
0.0002597711,0,0
0.27610993,1,1
0.1899685,1,1
0.93036157,1,1
0.10408053,1,1
0.00025983196,0,0
0.0013310337,1,0
0.33744115,1,1
0.30272907,1,1
0.001259198,0,0
0.97731435,1,1
0.0035809549,0,0
0.21272618,1,1
0.017804708,0,0
0.00035775246,0,0
0.23649642,1,1
0.0004582013,0,0
0.053128883,1,1
0.037696198,0,0
0.20120522,1,1
0.0004880347,0,0
0.00029407183,0,0
0.14284109,1,1
0.0012610106,0,0
0.22053888,1,1
0.00037660325,0,0
0.0002718097,0,0
0.259638,1,1
0.526092,1,1
0.18350692,1,1
0.20283379,1,1
0.2164237,1,1
0.8966872,1,1
0.2224471,1,1
0.093138576,1,1
0.15844737,1,1
0.008018027,0,0
0.009623737,0,0
0.43539453,1,1
0.032841824,0,0
0.0036043562,1,0
0.02130853,1,0
0.12613921,1,1
0.9265411,1,1
0.00039006423,0,0
0.0016119023,0,0
0.07732947,1,1
0.0017750277,0,0
0.43784207,1,1
0.006497028,1,0
0.16234803,1,1
0.004073116,0,0
0.001737857,0,0
0.0034143245,0,0
0.0056677344,1,0
0.00027990568,0,0
0.00091709686,0,0
0.00035277873,0,0
0.006977971,1,0
0.098374195,1,1
0.2670237,1,1
0.009792061,0,0
0.18787645,1,1
0.29160935,1,1
1.139534,1,1
0.0003581246,0,0
0.00027479845,0,0
0.0002166764,0,0
0.12325638,1,1
0.0005967862,0,0
0.23396318,1,1
0.0035950604,0,0
0.03464477,1,0
0.032442153,0,0
0.0017464374,0,0
0.0066490714,0,0
0.10942423,1,1
0.00022909766,0,0
0.4160728,1,1
0.012742859,1,0
0.00076309574,0,0
0.21018311,1,1
0.001970571,0,0
0.34698555,1,1
0.002675438,0,0
0.15790248,1,1
0.051513754,0,1
0.27690357,1,1
0.22093357,1,1
0.20957929,1,1
0.0003378951,0,0
0.00026312473,0,0
0.23923808,1,1
0.0017273796,1,0
0.00024337383,0,0
0.001787527,0,0
0.020004166,0,0
0.21946774,1,1
0.00025080514,0,0
0.028564604,1,0
0.20671149,1,1
0.00033283373,0,0
0.00046310615,0,0
0.00023621034,0,0
0.0012214752,1,0
0.10528985,1,1
0.00032263482,0,0
0.00033264334,0,0
0.005386748,1,0
0.0012595286,1,0
0.11640667,1,1
0.00045349123,0,0
0.21648817,1,1
0.006647258,1,0
0.007077465,0,0
0.00024488027,0,0
0.0350108,0,0
0.00020860622,0,0
0.00131609,0,0
0.081680834,1,1
0.42478123,1,1
0.025463281,1,0
0.2352688,1,1
0.32626808,1,1
0.24092181,1,1
0.0011486129,0,0
0.036116466,0,0
0.0014894605,0,0
0.0003624701,0,0
0.04540699,0,1
0.927845,1,1
0.1285343,1,1
0.54025567,1,1
0.43638587,1,1
0.00040810832,0,0
0.00077178277,0,0
0.00043668022,0,0
0.24511673,1,1
0.001346655,0,0
0.060681798,1,1
0.35697752,1,1
0.02716507,0,0
0.107028365,1,1
0.0016653506,0,0
0.00035009417,0,0
0.0011462452,1,0
0.00026242487,0,0
0.019441577,0,0
0.30345488,1,1
0.0009281044,0,0
0.10064038,1,1
0.34751666,1,1
0.0002596155,0,0
0.006531827,1,0
0.27393425,1,1
0.4505437,1,1
0.00025922572,0,0
0.00024816336,0,0
0.29265866,1,1
0.23215413,1,1
0.0049166456,0,0
0.09175197,1,1
0.017330278,0,0
0.35017335,1,1
0.00036087455,0,0
0.0014063822,0,0
0.025470791,1,0
0.00035671127,0,0
0.4788611,1,1
0.09771175,1,1
0.053110622,1,1
0.20639175,1,1
0.46257523,1,1
0.2435586,1,1
0.17983036,1,1
0.3324016,1,1
0.26365522,1,1
0.13060282,1,1
0.008493209,1,0
0.00039140784,0,0
0.03319396,0,0
0.20602636,1,1
0.16469882,1,1
0.070028625,1,1
0.05655015,1,1
0.19403215,1,1
0.00034347887,0,0
0.00025984537,0,0
0.009780045,0,0
0.192425,1,1
0.100345135,1,1
0.00037020937,0,0
0.13611451,1,1
0.014325924,1,0
0.0070312475,0,0
0.037400898,0,0
0.158841,1,1
0.00055690826,0,0
0.010532668,0,0
0.005730353,1,0
0.2359115,1,1
0.00056505384,0,0
0.16466253,1,1
0.0077433987,1,0
0.28114456,1,1
0.00025811204,0,0
0.91814005,1,1
0.0013948128,0,0
0.0003417729,0,0
0.00033030758,0,0
0.00024330968,0,0
0.23872778,1,1
0.36334896,1,1
0.00036085848,0,0
0.0036388002,0,0
0.27845076,1,1
0.0007830998,0,0
0.0500942,0,1
0.00041649723,0,0
0.0052104173,0,0
0.18445688,1,1
0.43890622,1,1
0.16229467,1,1
0.00080255856,0,0
0.0002910865,0,0
0.16877998,1,1
0.3018214,1,1
0.34795877,1,1
0.2688585,1,1
0.0066208513,0,0
0.007347834,1,0
0.0004358247,0,0
0.44596615,1,1
0.0009153142,0,0
0.19109416,1,1
0.024935592,1,0
0.24093905,1,1
0.001102621,0,0
0.00030727158,0,0
0.0034138723,0,0
0.3353155,1,1
0.2697799,1,1
0.00039858193,0,0
0.009801943,1,0
0.08058649,1,1
0.81946844,1,1
0.00025456873,0,0
0.00028467356,0,0
0.0005779617,0,0
0.14891839,1,1
0.15862283,1,1
0.029874723,1,0
0.0067385915,1,0
0.0008254296,0,0
0.0061340937,1,0
0.13471505,1,1
0.27452436,1,1
0.13825873,1,1
0.00034033915,0,0
0.093304835,1,1
0.00024381164,0,0
0.2551053,1,1
0.000601018,0,0
0.00025688167,0,0
0.0011250731,0,0
0.006213656,1,0
0.0011136194,1,0
0.011786478,0,0
0.018786468,0,0
0.0009403222,0,0
0.034259528,1,0
0.024847051,1,0
0.0024140803,0,0
0.12788464,1,1
0.00030665105,0,0
0.0007417901,0,0
0.24505135,1,1
0.026933137,1,0
0.00024316198,0,0
0.00028458022,0,0
0.19939849,1,1
0.006647264,1,0
0.43754908,1,1
0.52289927,1,1
0.27484673,1,1
0.14618649,1,1
0.00063955656,0,0
0.00028874516,0,0
0.10499664,1,1
0.012850396,0,0
0.4009475,1,1
0.0010290905,0,0
0.0003434415,0,0
0.0011143904,0,0
0.008721892,1,0
0.2214275,1,1
0.00024604067,0,0
0.0036596616,0,0
0.22668847,1,1
0.006526795,0,0
0.01471171,1,0
0.29007727,1,1
0.0002887882,0,0
0.00043979465,0,0
0.0015114555,0,0
0.00029496374,0,0
0.00024085076,0,0
0.00022839985,0,0
0.02116078,0,0
0.0003604166,0,0
0.00027449682,0,0
0.0015597554,1,0
0.32068342,1,1
0.4613025,1,1
0.21854419,1,1
0.04333624,1,1
0.025922092,1,0
0.0054145837,1,0
0.00042457643,0,0
0.0012696051,1,0
0.23916888,1,1
0.00026685355,0,0
0.046794537,0,1
0.00040448018,0,0
0.0004904025,0,0
0.06880641,1,1
0.38527527,1,1
0.34912807,1,1
0.2172947,1,1
0.07970831,1,1
0.0018176667,1,0
0.0005680899,0,0
0.00042102172,0,0
0.27448118,1,1
0.19104522,1,1
0.00032048853,0,0
0.00048245172,0,0
0.0006384482,0,0
0.0017059121,0,0
0.09742511,1,1
0.0032442224,0,0
0.22984259,1,1
0.13720153,1,1
0.00036406654,0,0
0.21810529,1,1
0.4895054,1,1
0.00041197045,0,0
0.3563981,1,1
0.0063784937,1,0
0.31753564,1,1
0.07227473,1,1
0.00036052635,0,0
0.0003482249,0,0
0.00030720138,0,0
0.13929589,1,1
0.006478899,0,0
0.071583904,1,1
0.22739796,1,1
0.00057043,0,0
0.22816753,1,1
0.0006166695,0,0
0.23448837,1,1
4.328109,0,1
0.0007009658,0,0
0.14983068,1,1
0.1002266,1,1
0.00042537227,0,0
1.4135388,1,1
0.1497319,1,1
0.15427774,1,1
0.0016588302,0,0
0.45234555,1,1
0.21160711,1,1
0.9230021,1,1
0.039949026,0,0
0.000451509,0,0
0.00024298308,0,0
0.34269312,1,1
0.0053213085,1,0
0.17396124,1,1
0.16236413,1,1
0.20199859,1,1
0.0018896139,0,0
0.00043914162,0,0
0.33764213,1,1
0.17554103,1,1
0.00856275,1,0
0.00022234747,0,0
0.0066673304,1,0
0.14884503,1,1
0.0004133235,0,0
0.0006129834,0,0
0.0064103864,1,0
0.0013303126,1,0
0.16638072,1,1
0.0003052055,0,0
0.09051353,1,1
0.36710605,1,1
0.00035090186,0,0
0.0004443681,0,0
0.006483761,0,0
0.005706986,1,0
0.0011439485,0,0
0.028193576,1,0
0.24607605,1,1
0.00025896754,0,0
0.17238766,1,1
0.0063846475,0,0
0.01857107,1,0
0.0027240962,0,0
0.23142403,1,1
0.00031069387,0,0
0.1892466,1,1
0.00024338675,0,0
0.0033671255,1,0
0.8140949,1,1
0.001130784,0,0
0.0003575244,0,0
0.26831946,1,1
0.00040211683,0,0
0.1623481,1,1
0.27749938,1,1
0.00043622463,0,0
0.35693187,1,1
0.006555861,1,0
0.22566314,1,1
0.14083065,1,1
0.28037435,1,1
0.016451668,1,0
0.24367112,1,1
0.26441792,1,1
0.24235567,1,1
0.1015608,1,1
0.0006903141,0,0
0.056824807,1,1
0.1607789,1,1
0.11981224,1,1
0.037806068,0,0
0.0077742725,1,0
0.036343195,1,0
0.19453338,1,1
0.15386908,1,1
0.23913693,1,1
0.50075644,1,1
0.0002476289,0,0
0.0023527541,0,0
0.0077902717,1,0
0.0019429562,0,0
0.24266757,1,1
0.15103671,1,1
0.00031721347,0,0
0.0006672737,0,0
0.0064837933,1,0
0.15458544,1,1
0.08163979,1,1
0.45852095,1,1
0.15613776,0,1
0.006444758,1,0
0.009387179,1,0
0.005119465,1,0
0.20526077,1,1
0.00029179023,0,0
0.21300311,1,1
0.14511815,1,1
0.00025070185,0,0
0.00025926885,0,0
0.0013338681,1,0
0.9490791,1,1
0.22145984,1,1
0.0002439608,0,0
0.0018521359,0,0
0.21671025,1,1
1.0368286,1,1
0.0018914887,0,0
0.0024933475,1,0
0.24530832,1,1
0.16780466,1,1
0.4613013,1,1
0.0014922849,0,0
0.00063815643,0,0
0.007663062,0,0
0.0010694367,0,0
0.011008766,1,0
0.40702868,1,1
0.4577686,1,1
0.28486708,1,1
0.0024623405,1,0
0.16510549,1,1
0.00025688883,0,0
0.36640853,1,1
0.73120296,1,1
0.11971182,1,1
0.15001944,0,1
0.0003067712,0,0
0.0017783862,0,0
0.006721709,1,0
0.00059588987,0,0
0.0058088778,1,0
0.00035413154,0,0
0.011975429,1,0
0.02352118,1,0
0.14850757,1,1
0.16223873,1,1
0.0037914035,1,0
0.14892893,1,1
0.00032360642,0,0
0.1468705,1,1
0.39890507,1,1
0.00034673963,0,0
0.14933883,1,1
0.19991899,1,1
0.11959126,1,1
0.0067917844,1,0
0.15054204,1,1
0.00174473,0,0
0.0005445273,0,0
0.0066862497,1,0
0.11440771,1,1
0.14794506,1,1
0.027746951,1,0
0.22256379,1,1
0.0002611352,0,0
0.15796949,1,1
0.001544095,0,0
0.13640666,1,1
0.3710113,1,1
0.0002319217,0,0
0.10967714,1,1
0.23531073,1,1
0.020072605,1,0
0.035010755,0,0
0.00024947617,0,0
0.1119549,1,1
0.27690995,1,1
0.009128408,0,0
0.3128971,1,1
0.00030111178,0,0
0.0038949186,1,0
0.41088068,1,1
0.000221397,0,0
0.0023866764,1,0
0.00070649444,0,0
0.7429339,1,1
0.0062664878,1,0
0.00023159278,0,0
0.00031352276,0,0
0.00036961422,0,0
0.00022485208,0,0
0.18294922,1,1
0.00034687182,0,0
0.3303499,1,1
0.5510594,1,1
0.0005869639,0,0
0.042452566,1,1
0.16825955,1,1
0.2796534,1,1
0.14160226,1,1
0.00069087616,0,0
0.22576883,1,1
0.3668241,1,1
0.2736512,1,1
0.007921006,0,0
0.16110253,1,1
0.23557349,1,1
0.009990615,1,0
0.21942782,1,1
0.0035237935,0,0
0.36626714,1,1
0.21152803,1,1
0.20177995,1,1
0.44532496,1,1
0.0006925199,0,0
0.00048318188,0,0
0.086972386,1,1
0.14588587,1,1
0.36781076,1,1
0.000326884,0,0
0.0208589,0,0
0.22079094,1,1
0.0004473345,0,0
0.07050315,1,1
0.3024633,1,1
0.0019609379,0,0
0.27638704,1,1
0.12281939,1,1
0.00027424662,0,0
0.06319442,1,1
0.00044321796,0,0
0.00032412348,0,0
0.0144865615,1,0
0.003266185,0,0
0.0021843563,0,0
0.0124804815,1,0
0.27308062,1,1
0.0012875046,0,0
0.00035454502,0,0
0.00048515652,0,0
0.017275812,0,0
0.21797448,1,1
0.03501076,0,0
0.005889004,1,0
0.025233507,0,0
0.40719637,1,1
0.22712812,1,1
0.0013863844,0,0
0.0015680292,0,0
0.25938842,1,1
0.0003872858,0,0
0.00041633437,0,0
0.00022077776,0,0
0.12453631,1,1
0.49737903,1,1
0.5686288,1,1
0.0006602813,0,0
0.008493887,1,0
0.31696483,1,1
0.00499137,0,0
0.20674138,1,1
0.16151004,1,1
0.15562056,1,1
0.34308243,1,1
0.12511986,1,1
0.22065797,1,1
0.00029504983,0,0
0.013142186,0,0
0.21469165,1,1
0.005791408,0,0
0.39797407,1,1
0.0010528243,0,0
0.40658885,1,1
0.3486419,1,1
0.46426928,1,1
0.00039684415,0,0
0.00024094635,0,0
0.059647635,1,1
0.00027510864,0,0
0.11178512,1,1
0.007762483,0,0
0.0010721593,0,0
0.0002751473,0,0
0.21449727,1,1
0.0015007145,0,0
0.06918403,1,1
0.0013104941,1,0
0.00024220071,0,0
5.7581267,1,1
0.4946138,1,1
0.38062623,1,1
0.45669752,1,1
0.2733783,1,1
0.00049938995,0,0
0.40143976,1,1
0.038281977,0,0
0.02344371,0,0
0.179985,1,1
0.06783052,1,1
0.00025404617,0,0
0.006444747,1,0
0.4589661,1,1
0.04218392,1,1
0.2278226,1,1
0.09456,1,1
0.028564727,1,0
0.0004949724,0,0
0.00025170043,0,0
0.00035616348,0,0
0.032971803,1,0
0.2507126,1,1
0.0034294524,0,0
0.0004258278,0,0
0.0007044555,0,0
0.16115633,1,1
0.00024302676,0,0
0.00043556522,0,0
0.0007657083,0,0
0.005519769,0,0
0.003688682,0,0
0.029475175,1,0
0.0066970973,0,0
0.100010954,1,1
0.00029872812,0,0
0.0005770384,0,0
0.00033158602,0,0
0.00025386357,0,0
9.507285,1,1
0.0002857758,0,0
0.26316267,1,1
0.79265314,1,1
0.24036749,1,1
25.486345,1,1
0.0004909599,0,0
0.38036636,1,1
0.33821642,1,1
0.013510095,1,0
0.92539775,1,1
0.003379354,0,0
0.055135574,1,1
0.46189782,1,1
0.07594549,1,1
0.007047467,1,0
0.25075662,1,1
0.39076066,0,1
0.00033681482,0,0
0.00021556095,0,0
0.0038246713,0,0
0.31597343,1,1
0.12908462,1,1
0.15516032,1,1
0.00059889734,0,0
0.03780611,0,0
0.011052987,1,0
0.14029568,1,1
0.025574615,1,0
0.13955425,1,1
0.0002955916,0,0
0.00022017094,0,0
0.0015643094,1,0
0.037650395,1,0
0.94035286,1,1
0.38514298,1,1
0.13209017,0,1
0.0013240336,0,0
0.2554539,1,1
0.00023288163,0,0
0.14917484,1,1
0.09843918,1,1
0.026343958,1,0
0.002331774,1,0
0.29160696,1,1
0.0017632502,0,0
0.22806127,1,1
0.13876593,1,1
0.0002852254,0,0
0.010071252,0,0
0.85157365,1,1
0.4837129,1,1
0.00041810147,0,0
0.067092724,1,1
0.09078237,1,1
0.0014862283,0,0
0.002217762,1,0
0.00937137,1,0
0.15152156,1,1
0.23807746,1,1
0.16108568,1,1
0.00039104972,0,0
0.592153,1,1
0.0015736924,0,0
0.00037288314,0,0
0.00036056558,0,0
0.016543692,1,0
0.005461642,1,0
0.00025931408,0,0
0.00039124207,0,0
0.21734905,1,1
0.0008817981,0,0
0.007276983,1,0
0.22401865,1,1
0.1789545,1,1
0.2168637,1,1
0.0003403558,0,0
0.0008371287,0,0
0.015856024,0,0
0.15586549,1,1
0.16245483,1,1
0.007941333,1,0
0.2204427,1,1
0.0025481237,0,0
0.00036273638,0,0
0.00030717067,0,0
0.00022199115,0,0
0.00026681297,0,0
0.00023523974,0,0
0.00174452,0,0
0.0051800683,1,0
0.0005863323,0,0
0.3167234,1,1
0.36431223,1,1
0.07450921,1,1
0.16904467,1,1
0.0007017011,0,0
0.53791785,1,1
0.019840218,1,0
0.00048130224,0,0
0.037830096,1,0
0.0076952605,0,0
0.12163276,0,1
0.23562278,1,1
0.016252626,1,0
0.44607428,1,1
0.17885926,1,1
0.0003732136,0,0
0.016824365,1,0
0.47803083,1,1
0.0006750211,0,0
0.011774672,0,0
0.0005174327,0,0
0.23031546,1,1
0.00028384093,0,0
0.13614088,1,1
0.00024327902,0,0
0.00052105356,0,0
0.0002747343,0,0
0.0002460719,0,0
0.020722058,1,0
0.2544135,1,1
0.00039795437,0,0
0.159327,1,1
0.11671044,1,1
0.00030730522,0,0
0.0022033395,0,0
0.03694188,1,0
0.26782167,1,1
0.00039754357,0,0
0.0023498659,0,0
0.368944,1,1
0.22675173,1,1
0.029564898,1,0
0.026211219,1,0
0.0003077261,0,0
0.043248832,1,1
0.0066862004,1,0
0.25157836,1,1
0.00036946958,0,0
0.0138777,0,0
0.0028810622,1,0
0.22107767,1,1
0.007467828,0,0
0.29091668,1,1
0.069204554,1,1
0.022430819,0,0
0.3840779,1,1
0.07149041,1,1
0.0005613728,0,0
0.21072376,1,1
0.00031756304,0,0
0.24202435,1,1
0.20484352,1,1
0.026716718,1,0
0.35784218,1,1
0.00031332407,0,0
0.0017822566,1,0
0.14860962,1,1
0.0004656127,0,0
0.91209346,1,1
0.00029896921,0,0
0.03592987,0,0
0.0018935943,0,0
0.002344754,0,0
0.00036360396,0,0
0.030766932,1,0
0.0018917867,0,0
0.00031082795,0,0
0.010235314,0,0
0.0017303644,0,0
0.23214057,1,1
0.22812985,1,1
0.0003578457,0,0
0.013638333,0,0
0.07652468,1,1
0.00042978988,0,0
0.11573033,1,1
0.1749781,1,1
0.013262158,1,0
0.0005113359,0,0
0.1626917,1,1
0.116757,1,1
0.08295308,1,1
0.005588216,0,0
0.018573036,1,0
0.0067462833,0,0
0.19857365,1,1
0.0003239294,0,0
0.36571223,1,1
0.0082782265,0,0
0.0072737066,1,0
0.1804105,1,1
0.003917584,0,0
0.09922643,1,1
0.34283954,1,1
0.0029707123,1,0
0.15575565,0,1
0.00026450466,0,0
0.40010276,1,1
0.0013837882,0,0
0.18852995,1,1
0.0038453129,0,0
0.00068190007,0,0
0.22452511,1,1
0.2324332,1,1
0.2726772,0,1
0.00039589504,0,0
0.3677551,1,1
0.013726934,1,0
0.19291842,1,1
0.0054074824,1,0
0.17534252,1,1
0.0047464375,0,0
0.23144825,1,1
0.40440914,1,1
0.0034095673,0,0
0.013718175,1,0
0.027606748,1,0
0.17665091,1,1
0.0027683757,1,0
0.443656,1,1
0.15135214,1,1
0.9211006,1,1
0.36558825,1,1
0.00046567546,0,0
0.006074053,0,0
0.19342491,1,1
0.1604005,1,1
0.06534882,1,1
0.24315174,1,1
0.4133552,1,1
0.0015013402,0,0
0.30428568,1,1
0.0009844289,0,0
0.00046258062,0,0
0.010404763,0,0
0.0003334224,0,0
0.25205553,1,1
0.0067759324,1,0
0.2818593,1,1
0.26692042,1,1
0.053106632,1,1
0.4705652,1,1
0.2526045,1,1
0.00035865692,0,0
0.0017744617,0,0
0.00032246232,0,0
0.029720938,1,0
0.016514508,1,0
0.00029392823,0,0
0.035010833,0,0
0.006571723,1,0
0.001778074,0,0
0.00056143827,0,0
0.24344133,1,1
0.00029537882,0,0
0.9340135,1,1
0.00047256134,0,0
0.25776434,1,1
0.00075619976,0,0
0.00024384883,0,0
0.29692847,1,1
0.16571862,1,1
0.0003839485,0,0
0.00036393307,0,0
0.2035532,1,1
0.15773293,1,1
0.0013317256,1,0
0.006401877,1,0
0.027305137,0,0
0.02989403,1,0
0.23540716,1,1
0.00023820167,0,0
0.20207272,1,1
0.051342208,1,1
0.31971854,1,1
0.3180032,1,1
0.8532932,1,1
0.1904765,1,1
0.24423602,1,1
0.21487215,1,1
0.038380615,0,0
0.00030730318,0,0
0.014687932,1,0
0.024079118,1,0
0.08334753,1,1
0.00088447804,0,0
0.24227284,1,1
0.00027072,0,0
0.15980215,1,1
0.00025674663,0,0
0.112895735,1,1
0.000291188,0,0
0.2629376,1,1
0.006182342,0,0
0.0003029262,0,0
0.0005213879,0,0
0.00045900128,0,0
0.21216008,1,1
0.96378106,1,1
0.48788527,1,1
0.0070640575,1,0
0.0024783318,0,0
1.0768731,1,1
0.00043021125,0,0
0.1747827,1,1
0.02611374,1,0
0.00041397096,0,0
0.21024695,1,1
0.23853216,1,1
0.0020503688,0,0
0.20474629,1,1
0.0011625573,1,0
0.0017061053,0,0
0.2960898,1,1
0.00521699,1,0
0.2822691,1,1
0.0002336826,0,0
0.23739533,1,1
0.00043235125,0,0
0.21764371,1,1
0.08889498,1,1
0.0349596,1,0
0.43650395,1,1
0.92957574,1,1
0.08988084,1,1
0.28303772,1,1
0.20418444,1,1
0.062149838,1,1
0.21988426,1,1
0.018101089,0,0
0.006532735,1,0
0.12170684,1,1
0.13936922,1,1
0.00041645646,0,0
0.22543202,1,1
0.16270709,1,1
0.96519434,1,1
0.09587496,1,1
0.019778611,0,0
0.35356814,1,1
0.006601204,0,0
0.00023952858,0,0
0.013322087,1,0
0.06761225,1,1
0.4055434,1,1
0.004877339,1,0
0.00027963586,0,0
0.9321477,1,1
0.0002899599,0,0
0.31377622,1,1
0.0067870393,1,0
0.0003832412,0,0
0.21902077,1,1
0.0017321139,0,0
0.2836064,1,1
0.22625369,1,1
0.014726991,1,0
0.18768102,1,1
0.026032276,1,0
0.07961025,1,1
0.20868674,1,1
0.0020042257,0,0
0.0003072297,0,0
0.5904169,1,1
0.00069347996,0,0
0.367389,1,1
0.0008099602,0,0
0.000339913,0,0
0.15130714,1,1
0.15543903,1,1
0.00035560262,0,0
0.0033459805,0,0
0.0003469948,0,0
0.19416472,1,1
0.02502229,1,0
0.0017608952,1,0
0.00024392131,0,0
0.4770846,1,1
0.00033864361,0,0
0.0015373781,0,0
0.00024387808,0,0
0.00040084383,0,0
0.03031866,0,0
0.10983487,1,1
0.0014298237,1,0
0.49480578,1,1
0.0014280963,1,0
0.00026690398,0,0
0.49685386,1,1
0.34784228,1,1
0.30468342,1,1
0.004693784,0,0
0.0020833432,0,0
0.3279982,1,1
0.297854,1,1
0.00023185098,0,0
0.0027546934,0,0
0.00025169546,0,0
0.2639502,1,1
0.00026924702,0,0
0.00023654233,0,0
0.02502143,1,0
0.0066633807,1,0
0.0013429956,0,0
0.11867951,1,1
0.00028311653,0,0
0.00025446503,0,0
0.00044602138,0,0
0.15213345,1,1
0.14024332,1,1
0.0002766609,0,0
0.00028140226,0,0
0.0067290417,1,0
0.14963494,1,1
0.20180508,1,1
0.00021957736,0,0
0.23138618,1,1
0.26439452,1,1
0.0011056286,0,0
0.9031356,1,1
0.0013015668,0,0
0.10437565,1,1
0.00024938746,0,0
0.0519701,1,1
0.25168625,1,1
0.00024816257,0,0
0.025420517,1,0
0.14757533,1,1
0.30040452,1,1
0.00675994,1,0
0.002002575,1,0
0.058688287,1,1
0.001068383,0,0
0.32005566,1,1
0.0041264147,0,0
0.5007838,1,1
0.23755156,1,1
0.0014136883,1,0
0.44600788,1,1
0.23325962,1,1
0.257303,1,1
0.037414942,0,0
0.22304472,1,1
0.7202565,1,1
0.38543174,1,1
0.00044125417,0,0
0.16295442,1,1
0.00028117734,0,0
0.36552596,1,1
0.00027400727,0,0
0.259683,1,1
0.00024188214,0,0
0.22461137,1,1
0.001028886,0,0
0.004562596,0,0
0.21318124,1,1
0.10937981,1,1
0.002126633,0,0
0.0030419254,0,0
0.0064715757,1,0
0.018446073,1,0
0.00071970694,0,0
0.20794687,1,1
0.00032197245,0,0
0.29471242,1,1
0.36137268,1,1
0.00031316472,0,0
0.016061425,1,0
0.0011727628,0,0
0.01857176,0,0
0.00024396388,0,0
0.16278043,1,1
0.14028133,1,1
0.00028912397,0,0
0.026755277,1,0
0.024998052,1,0
0.11201332,1,1
0.00047657426,0,0
0.005558173,1,0
0.15406622,1,1
0.006729046,1,0
0.00065509,0,0
0.0005644191,0,0
0.0009916177,0,0
0.14738733,1,1
0.23827392,1,1
0.0015045055,0,0
0.52464473,1,1
0.02448524,1,0
0.10426549,1,1
0.36727974,1,1
0.21984892,1,1
0.062029276,1,1
0.18853772,1,1
0.10289432,1,1
0.005626795,1,0
0.26032776,1,1
0.13063014,1,1
0.39710793,1,1
0.45376605,1,1
0.38825357,1,1
0.001310852,0,0
0.0004711535,0,0
0.038793184,1,0
0.00038215704,0,0
0.051725503,0,1
0.90980417,1,1
0.0055454983,1,0
0.00028414722,0,0
0.106414884,1,1
0.0018955058,0,0
0.17043091,1,1
0.050025173,1,1
0.34179258,1,1
0.00034278582,0,0
0.071008496,1,1
0.13493891,1,1
0.09787393,1,1
0.03173862,1,0
0.10225417,1,1
0.21555887,1,1
0.0005348039,0,0
0.00022775278,0,0
0.00024513033,0,0
0.2161296,1,1
0.26246724,1,1
0.13403566,1,1
0.18854198,1,1
0.0012926594,0,0
0.00032356108,0,0
0.7145924,1,1
0.0064837546,1,0
0.051057216,1,1
0.010452909,0,0
0.22862177,1,1
0.006630654,1,0
0.002661226,0,0
0.037806127,0,0
0.0070949765,1,0
0.16366449,1,1
0.00063398544,0,0
0.00024258155,0,0
0.010023012,0,0
0.0022658447,1,0
0.19384547,1,1
0.25500122,1,1
0.15680861,1,1
0.00022413796,0,0
0.0025868986,0,0
0.20495863,1,1
0.00024957806,0,0
0.0019472488,1,0
0.001225814,1,0
0.00025652422,0,0
0.49805996,1,1
0.26025778,1,1
0.024861345,1,0
0.17899187,1,1
0.0005957986,0,0
0.0002518299,0,0
0.00056130526,0,0
0.37096506,0,1
0.2733244,1,1
0.23717062,1,1
0.0003810743,0,0
0.31376442,1,1
0.0064322976,1,0
0.0003561649,0,0
0.010406683,0,0
0.032654807,1,0
0.22697118,1,1
0.41589314,1,1
0.00036567703,0,0
0.1751427,1,1
0.099847406,1,1
0.009019412,0,0
0.016443934,1,0
0.00023815608,0,0
0.025168018,1,0
0.35828596,1,1
0.02522508,1,0
0.000661626,0,0
0.0065783057,1,0
0.14097922,1,1
0.22498749,1,1
0.435843,1,1
0.09524219,0,1
0.21949038,1,1
0.8208776,1,1
0.27946928,1,1
0.00027480177,0,0
0.013317088,1,0
0.00022436475,0,0
0.07337823,1,1
0.00033827245,0,0
0.0025593669,0,0
0.0005535346,0,0
0.0002953795,0,0
0.00024441714,0,0
0.16075435,1,1
0.21449424,1,1
0.22598767,1,1
0.21457502,1,1
0.00064421265,0,0
0.07976218,1,1
0.27760452,1,1
0.22264278,1,1
0.02427765,1,0
0.0007057008,0,0
0.112682566,1,1
0.3349114,1,1
0.013231047,1,0
0.95860773,1,1
0.4534762,1,1
0.20694947,1,1
0.1747832,1,1
0.00035968088,0,0
0.009331633,0,0
0.37756443,1,1
0.0006841476,0,0
0.048345547,1,1
0.038679563,0,0
0.23187323,1,1
0.0064749033,1,0
0.050979987,1,1
0.00027088972,0,0
0.00033729125,0,0
0.16515608,1,1
0.003198673,0,0
0.066084474,1,1
0.26180172,1,1
0.24938646,1,1
0.0008014748,0,0
0.000298964,0,0
0.00024929736,0,0
0.0002275047,0,0
0.0005822977,0,0
0.00025704328,0,0
0.13656586,1,1
0.027769027,1,0
0.19908966,1,1
0.26798102,1,1
0.0015948806,0,0
0.0034121322,0,0
0.024562648,1,0
0.16169432,1,1
0.040279172,1,0
0.0002709428,0,0
0.23874259,1,1
0.00023298274,0,0
0.00029960027,0,0
0.2572416,1,1
0.0064837765,1,0
0.3190311,1,1
0.009784078,0,0
0.00022833259,0,0
0.008561758,0,0
0.0065268767,1,0
0.0007367604,0,0
0.00025750243,0,0
0.03613517,0,0
0.0014532418,0,0
0.89042914,1,1
0.088226885,0,1
0.87465507,1,1
0.1292397,1,1
0.0010624038,0,0
0.01709797,1,0
0.18290502,1,1
0.0003874186,0,0
0.00039145024,0,0
0.00091135595,0,0
0.0023810272,0,0
0.24393398,1,1
0.013853118,0,0
0.00021765867,0,0
0.38995683,1,1
0.00030125765,0,0
0.14477462,1,1
0.19516481,1,1
0.00043938917,0,0
0.0073304633,1,0
0.00022445219,0,0
0.36671823,1,1
0.07269696,1,1
1.07391,1,1
0.00085971615,0,0
0.36061496,1,1
0.14329065,1,1
0.0003850064,0,0
0.5002684,1,1
0.15507661,1,1
0.16162531,1,1
0.0003882906,0,0
0.16858575,1,1
0.00024895745,0,0
0.0009113213,0,0
0.050826445,1,1
0.00047319973,0,0
0.20827845,1,1
0.0066208504,1,0
0.00038263583,0,0
0.014460277,1,0
0.0061437082,0,0
0.00050510647,0,0
0.23331973,1,1
0.00030771075,0,0
0.001454734,1,0
0.7188279,1,1
0.67700005,1,1
0.24488235,1,1
0.0003581865,0,0
0.00029894867,0,0
0.0003942001,0,0
0.0012992511,0,0
0.0015693189,0,0
0.05090167,1,1
0.02450903,1,0
0.0003920769,0,0
0.22631592,1,1
0.02503351,0,0
0.026717072,1,0
0.0014291649,0,0
0.0002671814,0,0
0.00077609235,0,0
0.00575768,0,0
0.4911507,1,1
0.07027679,1,1
0.00031499277,0,0
0.23475784,1,1
0.025173804,1,0
0.003163748,0,0
0.081062436,1,1
0.25714666,1,1
0.00044247048,0,0
0.26137233,1,1
0.03856094,1,0
0.052986726,1,1
0.0024659124,1,0
0.00033998318,0,0
0.28825358,1,1
0.0019737487,0,0
0.0077125095,0,0
0.0056568566,1,0
0.17329596,1,1
0.4440933,0,1
0.00021857655,0,0
0.0016511063,0,0
0.03411094,0,0
0.32757524,1,1
0.0003566061,0,0
0.9218496,1,1
0.0002632366,0,0
0.30456978,1,1
0.00029686576,0,0
0.006483749,1,0
0.16465676,1,1
0.00025395124,0,0
0.0014692347,0,0
0.0004426632,0,0
0.15490964,1,1
0.12758715,1,1
0.10142986,1,1
0.006738594,1,0
0.05499403,1,1
0.03301601,0,0
4.11967,0,1
0.0016702944,0,0
0.004917788,0,0
0.019886073,1,0
0.054381203,1,1
0.00038939842,0,0
0.0066472306,1,0
0.34267622,1,1
0.0010608862,0,0
0.0025346046,1,0
0.013005146,1,0
0.0013415326,0,0
0.0017483397,0,0
0.9583555,1,1
0.006223105,1,0
0.00087371666,0,0
0.24200235,1,1
0.0066371174,1,0
0.17566657,1,1
0.253455,1,1
0.007799173,0,0
0.14022169,1,1
0.27208927,1,1
0.21339801,1,1
0.16382022,1,1
0.41730234,1,1
0.006809709,1,0
0.00024943633,0,0
0.00038148987,0,0
0.00024395363,0,0
0.17577545,1,1
0.055588327,1,1
0.00080811506,0,0
0.18685842,1,1
0.294769,1,1
0.0005041712,0,0
0.2464425,1,1
0.19797488,1,1
0.0003064574,0,0
0.109376654,0,1
0.04727692,0,1
0.09066517,1,1
0.008950175,1,0
0.9529301,1,1
0.0063860323,1,0
0.28166905,1,1
0.00046655323,0,0
0.8956631,1,1
0.00027100035,0,0
0.30333462,1,1
0.40355116,1,1
0.01764031,1,0
0.0176337,0,0
0.23351662,1,1
0.056456346,1,1
0.006571732,0,0
0.1209838,0,1
0.0024101897,0,0
0.2249954,1,1
0.00035050974,0,0
0.24663669,1,1
0.2375558,1,1
0.00037885093,0,0
0.22034945,1,1
0.0052097198,0,0
0.00025015534,0,0
0.00028713144,0,0
0.003161205,0,0
0.00025921475,0,0
0.0068571917,1,0
0.006532736,1,0
0.3611106,1,1
0.00024768442,0,0
0.00026638442,0,0
0.013550654,1,0
0.00023792774,0,0
0.16606368,1,1
0.004894375,0,0
0.08760965,1,1
0.0003090909,0,0
0.0003068998,0,0
0.008814131,1,0
0.66308594,1,1
0.39809287,1,1
0.00674077,0,0
0.00079774245,0,0
0.17585534,1,1
0.0038689899,0,0
0.96811664,1,1
0.18347743,1,1
0.00030514633,0,0
0.00024280502,0,0
0.2601062,1,1
0.006775966,1,0
0.0058712186,1,0
0.18439402,1,1
0.19216229,1,1
0.24814896,1,1
0.0013969961,1,0
0.0032689567,0,0
0.30574307,1,1
0.17471443,1,1
0.000397677,0,0
0.00040207923,0,0
0.00033510986,0,0
0.4570267,1,1
0.0012788031,1,0
0.00022073326,0,0
0.009696723,0,0
0.32417706,1,1
0.06537397,1,1
0.17696959,1,1
0.332095,1,1
0.31724378,1,1
0.005464877,0,0
0.00043712207,0,0
0.00037698544,0,0
0.15243371,1,1
0.122781605,1,1
0.20788948,1,1
0.00038407656,0,0
0.05664238,1,1
0.0017482346,0,0
0.10150771,1,1
0.00027521822,0,0
0.0033846174,0,0
0.2157791,1,1
0.041200574,1,1
0.31816202,1,1
0.011863846,1,0
0.34868616,1,1
0.016511315,1,0
0.00028809588,0,0
0.00052073493,0,0
0.06679915,1,1
0.79929554,1,1
0.00056519493,0,0
0.0004814548,0,0
0.40027434,1,1
0.34603634,1,1
0.00042148316,0,0
0.23372783,1,1
0.0002918433,0,0
0.0031574084,0,0
0.21147268,0,1
0.00025523372,0,0
0.0015703718,0,0
0.0030767235,0,0
0.16764513,1,1
0.0003773657,0,0
0.00024792206,0,0
0.23017311,1,1
0.0005416284,0,0
0.30937287,1,1
0.0064765653,1,0
0.006491038,1,0
0.0013159545,0,0
0.9348791,1,1
0.0014199715,0,0
0.0021605587,0,0
0.000684036,0,0
0.00042658977,0,0
0.006438413,1,0
0.09608902,1,1
0.0066941585,1,0
0.06315706,1,1
0.0002563286,0,0
0.9181893,1,1
0.006453464,1,0
0.16077866,1,1
0.2837794,1,1
0.011996717,1,0
0.19668902,1,1
0.00029530824,0,0
0.0042109485,0,0
0.42651558,1,1
0.0018534295,0,0
0.0008588039,0,0
0.00346847,0,0
0.00061801204,0,0
0.016194995,1,0
0.00030655775,0,0
0.1576325,1,1
0.006817016,1,0
0.020103507,0,0
0.19862731,1,1
0.14227457,1,1
0.0054380917,1,0
0.006578466,0,0
0.26556352,1,1
0.034698308,1,0
0.054101106,1,1
0.00024598083,0,0
0.00028314197,0,0
0.0023805855,1,0
0.2248511,1,1
0.045435347,1,1
0.00033786206,0,0
0.3663926,1,1
0.03870773,0,0
0.22783993,1,1
0.00026276914,0,0
0.0005199141,0,0
0.009131412,1,0
0.00051991775,0,0
0.17465146,1,1
0.19659607,1,1
0.00024936965,0,0
0.28706032,1,1
0.44100687,1,1
0.0009934261,0,0
0.0018801253,0,0
0.054098267,1,1
0.00024551759,0,0
0.22291356,1,1
0.25141022,1,1
0.32092452,1,1
0.0032866118,0,0
0.18215603,1,1
0.001393087,1,0
0.00021864647,0,0
0.0011711052,0,0
0.21840845,1,1
0.04566273,1,1
0.00024338023,0,0
0.30477974,1,1
0.23433511,0,1
1.3139303,1,1
0.2401384,1,1
0.040614203,0,0
0.00021384287,0,0
0.00027077814,0,0
0.15658844,1,1
0.041065976,1,1
0.0075053815,0,0
0.00093395973,0,0
0.028420094,1,0
0.03727271,1,0
0.0003005215,0,0
0.0065327315,1,0
0.07739514,1,1
0.014429354,1,0
0.0062187486,0,0
0.08623345,1,1
0.024882441,1,0
0.00036769328,0,0
0.00033933614,0,0
0.21660618,1,1
0.00025676528,0,0
0.0010234318,0,0
0.0002841962,0,0
0.0035255358,0,0
0.16739552,1,1
0.35938504,1,1
0.20928253,1,1
0.0018673426,0,0
0.16120118,1,1
0.23420538,1,1
0.00035745575,0,0
0.011412688,1,0
0.0014386757,1,0
0.22222342,1,1
0.26561812,1,1
0.03634729,0,0
0.20740332,1,1
0.0011687117,1,0
0.031191649,1,0
0.004460529,0,0
0.00028156227,0,0
0.23241575,1,1
0.43767035,1,1
0.0005219323,0,0
0.020741982,1,0
0.08740168,1,1
0.1250066,1,1
0.16005376,1,1
0.0018004666,0,0
0.22618592,1,1
0.0030136064,0,0
0.0004993684,0,0
0.0017797516,0,0
0.0003066972,0,0
0.25459093,1,1
0.0005818894,0,0
0.0005189583,0,0
0.21884932,1,1
0.8618484,1,1
0.03769618,0,0
0.00027730133,0,0
0.0003740549,0,0
0.82857376,1,1
0.00024755998,0,0
0.03761054,1,0
0.3854055,1,1
0.17714173,1,1
0.15237248,1,1
0.00046981525,0,0
0.00054685544,0,0
0.007844284,1,0
0.00036955407,0,0
0.18634944,1,1
0.26056385,1,1
0.010148181,0,0
0.00020806192,0,0
0.0032461798,0,0
0.25615874,1,1
0.16916595,0,1
0.0012638265,0,0
0.35963008,1,1
0.86748123,1,1
0.024766289,1,0
0.00027513938,0,0
0.009562772,1,0
0.016327253,1,0
0.20777117,1,1
0.19878899,1,1
0.00080901675,0,0
0.03554597,1,0
0.1623932,1,1
0.025302855,0,0
0.21101266,1,1
0.005470414,1,0
0.90256566,1,1
0.21712773,1,1
0.27621984,1,1
0.0408516,1,0
0.00030854542,0,0
0.00042901988,0,0
0.20466833,1,1
0.0002911325,0,0
0.3445246,1,1
0.00041294965,0,0
0.0002550821,0,0
0.2686726,1,1
0.0013878332,1,0
0.20733991,1,1
0.0033791817,0,0
0.29840064,1,1
0.1822536,1,1
0.00033086078,0,0
0.0016015163,0,0
0.08274877,1,1
0.00033151064,0,0
0.28592446,1,1
0.0055493796,1,0
0.00024396536,0,0
0.10915829,1,1
0.3998629,1,1
0.045121044,0,1
0.1779383,1,1
0.0002663705,0,0
0.00036790172,0,0
0.0014298153,1,0
0.0056979414,0,0
0.34093216,1,1
0.0030198924,0,0
0.00036353836,0,0
0.05440823,1,1
0.037414957,0,0
0.05519818,1,1
0.00027190556,0,0
0.362302,1,1
0.00024336806,0,0
0.050864168,1,1
0.18283515,1,1
0.050970275,1,1
0.00077746256,0,0
0.0013287653,1,0
0.00027944183,0,0
0.32785583,1,1
0.7723436,1,1
0.26692206,1,1
0.034275748,0,0
0.00042325535,0,0
0.19345915,0,1
0.0015958288,0,0
0.0373071,0,0
0.48923898,1,1
0.43716985,1,1
0.3574344,1,1
0.00024691768,0,0
0.0042717955,1,0
0.04245235,1,1
0.0037042557,0,0
0.0014517409,0,0
0.13724121,1,1
0.44250664,1,1
0.2397611,1,1
0.007702975,0,0
0.22501692,1,1
0.0002663479,0,0
0.0012341181,1,0
0.025003854,0,0
0.0012235586,1,0
0.037806105,0,0
0.0004437445,0,0
0.006882618,0,0
0.22385325,1,1
0.0005871665,0,0
0.15922084,1,1
0.3458581,1,1
0.011025454,1,0
0.013363587,0,0
0.14447606,1,1
0.22290681,1,1
0.24545614,1,1
0.0014280993,1,0
0.27470532,1,1
0.0025248653,0,0
0.0010931755,0,0
0.00041391418,0,0
0.0011421978,1,0
0.037806094,0,0
0.00038355312,0,0
0.0015173306,0,0
0.0007802974,0,0
0.24295567,1,1
0.0002490956,0,0
0.0003614973,0,0
0.00040940318,0,0
0.0030879073,0,0
0.16389209,1,1
0.08450592,1,1
0.0006006219,0,0
0.06210979,1,1
0.00059308234,0,0
0.36656678,1,1
0.45205367,1,1
0.006504393,1,0
0.26351574,1,1
0.00027977486,0,0
0.13821217,1,1
0.0012522275,1,0
0.02567386,1,0
0.0024125082,0,0
0.0067216926,1,0
0.0031326276,0,0
0.0007859961,0,0
0.084764495,1,1
0.17606616,1,1
0.022815248,1,0
0.00040393896,0,0
0.0018466915,0,0
0.0013444163,1,0
0.12100552,1,1
0.011221515,1,0
0.2466181,1,1
0.9097113,1,1
0.0009106028,0,0
0.15282492,1,1
0.11234965,1,1
0.44182974,1,1
0.19241986,1,1
0.000555391,0,0
0.25555047,1,1
0.12687181,1,1
0.044617653,1,1
0.20115273,1,1
0.03828197,0,0
0.00064637593,0,0
0.00036412972,0,0
0.00030479213,0,0
0.0017859566,1,0
0.17266266,1,1
0.17366965,1,1
0.0016098476,0,0
0.001479549,1,0
0.171617,1,1
0.18667707,1,1
0.37979034,1,1
0.23073237,1,1
0.00021572465,0,0
0.00038276275,0,0
0.00032169616,0,0
0.51983964,1,1
0.0067132157,1,0
0.25070608,1,1
0.15679651,1,1
0.025131118,1,0
0.12720762,1,1
0.8722128,1,1
0.0008069275,0,0
0.0064910227,1,0
0.00034123758,0,0
0.2881933,1,1
0.010559569,1,0
0.013061181,0,0
0.0065054866,1,0
0.15439963,1,1
0.103142366,1,1
0.37201822,1,1
0.04728241,1,1
0.4541775,1,1
0.22782393,1,1
0.00028450516,0,0
0.22076772,1,1
0.0012820676,0,0
0.19324923,1,1
0.006395454,1,0
0.058544315,1,1
0.17187312,1,1
0.0005415199,0,0
0.22872634,1,1
0.20635961,1,1
0.11448988,1,1
0.15168126,1,1
0.00043042586,0,0
0.00054923515,0,0
0.14236555,1,1
0.017344765,1,0
0.44025695,1,1
0.0005233646,0,0
0.30843502,1,1
0.0059550446,0,0
0.09668256,1,1
0.06649169,1,1
0.19831628,1,1
0.4491325,1,1
0.1593776,1,1
0.0065738712,1,0
0.0002216681,0,0
0.16268604,1,1
0.0006340225,0,0
0.9027591,1,1
0.00025405234,0,0
0.117559366,1,1
0.038537357,1,0
0.037307017,0,0
0.92156863,1,1
0.0012914765,0,0
0.46809652,1,1
0.00026675742,0,0
0.0002459405,0,0
0.0013272072,1,0
0.06608476,1,1
0.1514363,1,1
0.00046123055,0,0
1.4173038,1,1
0.20824005,1,1
0.22861569,1,1
0.00033073977,0,0
0.000296808,0,0
0.33337405,1,1
0.22435221,1,1
0.0013782206,0,0
0.27420852,1,1
0.002321624,0,0
0.21648228,1,1
0.0018945595,0,0
0.86158884,1,1
0.23929223,1,1
0.0064837793,1,0
0.39746135,1,1
0.16825035,1,1
0.0005751786,0,0
0.0003358099,0,0
0.039984625,1,0
0.00032955792,0,0
0.82179445,1,1
0.00060936215,0,0
0.00039814075,0,0
0.08899236,1,1
0.69196457,1,1
0.95986474,1,1
0.03730702,0,0
0.279532,1,1
0.00042098598,0,0
0.25151646,1,1
0.13948275,1,1
0.16130884,1,1
0.111987315,0,1
0.23047987,1,1
0.00027979354,0,0
0.00040982818,0,0
0.37178642,1,1
0.23783165,1,1
0.000350044,0,0
0.07248713,1,1
0.39049846,1,1
0.15834957,1,1
1.1329498,1,1
0.0011299743,0,0
0.22813624,1,1
0.078013204,1,1
0.0153103415,1,0
0.00021831246,0,0
0.00030073963,0,0
0.0019388503,0,0
0.0062168217,1,0
0.005433016,1,0
0.008707335,1,0
0.009714612,0,0
0.17172928,1,1
0.25506857,1,1
0.20448084,1,1
0.00043068544,0,0
0.070204176,1,1
0.0007323241,0,0
0.004443267,0,0
0.025999982,0,0
0.45789054,1,1
0.0003891918,0,0
0.2416954,1,1
0.25717095,1,1
0.012565732,1,0
0.23843658,1,1
0.0015866153,0,0
0.38946858,1,1
0.0003229512,0,0
0.008192814,0,0
0.5052731,1,1
0.0017151661,0,0
0.00052648166,0,0
0.0013814033,0,0
0.39553732,1,1
3.7087016,0,1
0.005751568,0,0
0.1508474,1,1
0.0004379694,0,0
0.30758736,1,1
0.25204307,1,1
0.22866775,1,1
0.0058916714,1,0
0.0065326914,0,0
0.94136465,1,1
0.0394003,1,0
0.36329788,1,1
0.039311875,0,0
0.45922816,1,1
0.0014437006,1,0
0.045565493,1,1
0.00565925,0,0
0.2595364,1,1
0.0005878509,0,0
0.11086147,1,1
0.0006072061,0,0
0.00028924333,0,0
0.43448147,1,1
0.18489951,1,1
0.0002945691,0,0
0.50729823,1,1
0.100328535,1,1
3.6664603,0,1
0.1651429,1,1
0.05677759,1,1
0.0002557137,0,0
0.00027482896,0,0
0.00036431843,0,0
0.00024611197,0,0
0.006427602,1,0
0.8573302,1,1
0.00035041472,0,0
0.0024942632,0,0
0.15284407,1,1
0.05238511,1,1
0.16035633,1,1
0.0010724771,0,0
0.00029882236,0,0
0.06108772,1,1
0.00066525023,0,0
0.039058268,1,0
0.00035780214,0,0
0.00028336392,0,0
0.03224709,1,0
0.43249545,1,1
0.0078033158,0,0
0.40693757,1,1
0.0014033018,0,0
0.036135096,0,0
0.24180242,1,1
0.020345962,0,0
0.00048013535,0,0
0.9336692,1,1
0.3820689,1,1
0.00024314379,0,0
0.00031279135,0,0
0.21402924,1,1
0.0002422466,0,0
0.035324413,1,0
0.24407639,1,1
0.00028570677,0,0
0.017228024,1,0
0.00040586092,0,0
0.18873277,1,1
0.0028895815,0,0
0.89457667,1,1
0.0048575695,1,0
0.00077029556,0,0
0.0009114739,0,0
0.0003341125,0,0
0.00028456163,0,0
0.16234803,1,1
0.24721117,1,1
0.0059902794,0,0
0.02735235,0,0
0.23803553,1,1
0.017647209,0,0
0.2597509,1,1
0.3741031,1,1
0.16085832,1,1
0.0067706797,0,0
0.20567773,1,1
0.36414963,1,1
0.05427662,1,1
0.00033866437,0,0
0.00021205761,0,0
0.39476782,1,1
0.0119082555,0,0
0.09985138,1,1
0.05880164,1,1
0.10934882,1,1
0.28842422,1,1
0.4890824,1,1
0.19813895,1,1
0.23255478,1,1
0.011975416,1,0
0.00024600202,0,0
0.10267888,1,1
0.15362069,1,1
0.00023815154,0,0
0.00721115,1,0
0.00030216257,0,0
0.0022383693,0,0
0.15182796,1,1
0.17484704,1,1
0.0003015872,0,0
0.11583334,1,1
0.30228814,1,1
0.06371926,1,1
0.11083201,1,1
0.00054714136,0,0
0.00021782944,0,0
0.23425952,1,1
0.0055992133,0,0
0.0002374625,0,0
0.00029152332,0,0
0.1546845,1,1
0.025128504,1,0
0.0003493852,0,0
0.34322464,1,1
0.22766751,1,1
0.4485986,1,1
0.0015048332,0,0
0.19561192,1,1
0.00039523136,0,0
0.0243987,0,0
0.051764302,1,1
0.91119015,1,1
0.003613827,0,0
0.21515498,1,1
0.2586783,1,1
0.38287458,1,1
0.135449,1,1
0.036658257,1,0
0.20934919,1,1
0.0002991456,0,0
0.18834418,1,1
0.0004872398,0,0
0.029298605,1,0
0.00051321846,0,0
0.00029533906,0,0
0.039311867,0,0
0.30703935,1,1
0.00023751025,0,0
0.13447338,1,1
0.00022996213,0,0
0.21192136,1,1
0.2145175,1,1
0.0010912396,0,0
0.0013692718,1,0
0.029503103,1,0
0.00087270676,0,0
0.00039378693,0,0
0.0027950604,0,0
0.00045183432,0,0
0.22741409,1,1
0.09778742,1,1
0.37936863,1,1
0.35730636,1,1
0.0010284024,0,0
0.0005467354,0,0
0.0003068792,0,0
0.2173231,1,1
0.030016571,1,0
0.7945068,1,1
0.00028466145,0,0
0.3512469,1,1
0.016847884,1,0
0.025222167,1,0
0.000672576,0,0
0.0011200137,1,0
0.0062623126,0,0
0.001221958,0,0
0.003246411,0,0
0.06717248,1,1
0.015973538,1,0
0.15954971,1,1
0.25812954,1,1
0.22504409,1,1
0.00028396613,0,0
0.013287285,1,0
0.004436297,1,0
0.0007144499,0,0
0.15491393,1,1
0.22155555,1,1
0.0002953221,0,0
0.12938152,1,1
0.33735836,1,1
0.0003957891,0,0
0.15741055,1,1
0.0016998053,0,0
0.0005304831,0,0
0.19574258,1,1
0.02685732,1,0
0.00043719108,0,0
0.17644773,1,1
0.26612553,1,1
0.057248343,1,1
0.00025388174,0,0
0.0013829388,1,0
0.023637678,1,0
0.028145319,1,0
0.3429581,1,1
0.01563556,1,0
0.00036647668,0,0
0.12925087,1,1
0.0013131143,0,0
0.000248507,0,0
0.0002485265,0,0
0.00044472597,0,0
0.0053788424,1,0
0.17803608,1,1
0.820513,1,1
0.11911803,1,1
0.19831051,1,1
1.1359408,1,1
0.00030177692,0,0
0.2953789,1,1
0.17556618,1,1
0.0024723208,0,0
0.00033764017,0,0
0.00040817406,0,0
0.38816464,1,1
0.0002798929,0,0
0.22405134,1,1
0.12883848,1,1
0.26864752,1,1
0.22578914,1,1
0.014103949,1,0
0.15680873,1,1
0.22380222,1,1
0.00030892316,0,0
0.47371542,1,1
0.0075597726,1,0
0.12336443,1,1
0.058793806,1,1
0.39181197,1,1
0.43930304,1,1
0.11172855,1,1
0.16049714,1,1
0.0056576603,1,0
0.9466916,1,1
0.0003605054,0,0
0.0002439729,0,0
0.00047527425,0,0
0.0006196131,0,0
0.00028462062,0,0
0.0016350095,0,0
0.0002431957,0,0
0.15394641,1,1
0.3622608,1,1
0.00025404364,0,0
0.057324324,1,1
0.2073287,1,1
0.014152713,1,0
0.00076371385,0,0
0.0005503023,0,0
0.00029842855,0,0
0.00040006943,0,0
0.23680864,1,1
0.0006642382,0,0
0.3496853,1,1
0.008877233,1,0
0.00030201886,0,0
0.015736166,0,0
0.00043838852,0,0
0.00030654494,0,0
0.49365392,1,1
0.6635838,1,1
0.3854608,0,1
0.042095788,0,1
0.007330306,1,0
0.0065785,1,0
0.7190721,1,1
0.972466,1,1
0.28097785,1,1
0.00047861395,0,0
0.023664974,1,0
0.2131951,1,1
0.27853918,1,1
0.007541032,1,0
0.007929802,0,0
0.35667145,1,1
0.0005996899,0,0
0.0024964758,0,0
0.006697156,1,0
0.5958039,1,1
0.00048221298,0,0
0.18072486,1,1
0.024460912,1,0
0.23109153,1,1
0.00032271934,0,0
0.066814594,1,1
0.0003839826,0,0
0.21492246,1,1
0.04708779,1,1
0.0003873007,0,0
0.0050481725,1,0
0.119440846,1,1
0.0064091748,1,0
0.21177222,1,1
0.005648684,0,0
0.007947947,1,0
0.95420074,1,1
0.006478902,1,0
1.0430149,1,1
0.000245539,0,0
0.41121626,1,1
0.0015843856,0,0
0.25837862,1,1
0.00050668686,0,0
0.18479869,1,1
0.020720053,1,0
0.00085012015,0,0
0.37532154,1,1
0.006581347,1,0
0.059700634,1,1
0.12530221,1,1
0.95533484,1,1
0.06330225,1,1
0.4837916,1,1
0.000600944,0,0
0.00028907793,0,0
0.16658966,1,1
0.44326732,0,1
0.44203144,1,1
0.69941384,1,1
0.27387422,1,1
0.00025153917,0,0
0.11724009,1,1
0.006677414,1,0
0.22390664,1,1
0.00031515816,0,0
0.00030047493,0,0
0.00045380727,0,0
0.16012529,1,1
0.014615466,1,0
0.0010419574,0,0
0.0003638259,0,0
0.44155115,1,1
0.025682252,1,0
0.11418809,1,1
0.20019117,1,1
0.033585336,1,0
0.112587094,1,1
0.00080440793,0,0
0.18924187,1,1
0.0002702145,0,0
0.0015417926,0,0
0.0003749104,0,0
0.14182232,1,1
0.3608531,1,1
0.44018307,1,1
0.00027814435,0,0
0.00034333637,0,0
0.0009796616,0,0
0.25638536,1,1
0.00024436635,0,0
0.00043902078,0,0
0.0010874417,0,0
0.46665666,1,1
0.00034497865,0,0
0.03335262,0,0
0.21170239,1,1
0.20780157,1,1
0.030062173,0,0
0.006646551,1,0
0.26252782,1,1
0.00485045,0,0
0.0014683851,1,0
0.025217496,1,0
0.13401572,1,1
0.00024942285,0,0
0.0010507014,0,0
0.15978083,1,1
0.23727113,1,1
0.0009495218,0,0
0.513629,1,1
0.0012744716,0,0
0.17027564,1,1
0.35760337,1,1
0.08613402,1,1
0.0063693663,0,0
0.95100236,1,1
0.0065267603,0,0
0.1552049,0,1
0.22000438,1,1
0.40298164,1,1
0.15766178,1,1
0.025343122,1,0
0.00035228237,0,0
0.2410079,1,1
0.0073538367,0,0
0.00048784475,0,0
0.166886,1,1
0.0147270225,1,0
0.023688909,1,0
0.00033596667,0,0
0.0030277926,0,0
0.00027446164,0,0
0.00055526604,0,0
0.0014239895,1,0
0.010735072,1,0
0.055041812,1,1
0.048877645,0,1
0.053001165,0,1
0.11319384,1,1
0.17699869,1,1
0.024727242,1,0
0.00024867206,0,0
0.19881691,1,1
0.00026731816,0,0
0.0002667085,0,0
0.14768863,1,1
0.006601204,1,0
0.00046341406,0,0
0.0005064144,0,0
0.00030979735,0,0
0.00024298501,0,0
0.0018656136,0,0
0.0008496744,0,0
0.00025395612,0,0
0.03368637,1,0
0.0007210158,0,0
0.24149543,1,1
0.17317735,1,1
0.00052262854,0,0
0.00062418065,0,0
0.03459214,0,0
0.006296469,1,0
0.00027515957,0,0
0.35086724,1,1
0.22055183,1,1
0.21925656,1,1
0.0047934433,1,0
0.029718429,1,0
0.00030719888,0,0
0.07903271,0,1
0.013083519,1,0
0.2267671,1,1
0.118577644,1,1
0.90248406,1,1
0.00657386,1,0
0.0006171394,0,0
0.43999273,1,1
0.00053039845,0,0
0.00036617994,0,0
0.23322494,1,1
0.0014563018,0,0
0.95865303,1,1
0.00086151954,0,0
0.25974226,1,1
0.5694439,1,1
0.0065269195,1,0
0.09726336,1,1
0.0014942687,0,0
0.38194928,1,1
0.00053406483,0,0
0.19466583,1,1
0.19925076,1,1
0.00030974517,0,0
0.7671314,0,1
0.04136403,1,1
0.00074671785,0,0
0.029203411,1,0
0.0014308196,0,0
0.23695499,1,1
0.001866181,0,0
0.00027593796,0,0
0.25710565,1,1
0.21319477,1,1
0.2685755,1,1
0.025347348,1,0
0.00020487093,0,0
0.00035210495,0,0
0.00059994706,0,0
0.29087698,1,1
0.38764328,1,1
0.0010739911,0,0
0.23739044,1,1
0.00845732,0,0
0.0037162688,0,0
0.72421145,1,1
0.13137783,1,1
0.92456234,1,1
0.1590462,1,1
0.16218247,1,1
0.057154093,0,1
0.00029368108,0,0
0.20298506,1,1
0.005406846,1,0
0.00023485027,0,0
0.97110885,1,1
0.015209944,0,0
0.00063999946,0,0
0.035584025,0,0
0.23033819,1,1
0.007600353,0,0
0.053346988,1,1
0.24167915,1,1
0.00022177782,0,0
0.00027451557,0,0
0.006659531,0,0
0.00048763,0,0
0.5867013,1,1
0.00045800323,0,0
0.41106498,1,1
0.00024609512,0,0
0.0006548418,0,0
0.0023671726,0,0
0.011710522,0,0
0.030048868,1,0
0.000501923,0,0
0.00056360726,0,0
0.0854896,0,1
0.0002832337,0,0
0.24321191,1,1
0.15581717,1,1
0.00901992,1,0
0.00028799614,0,0
0.00033983725,0,0
0.13260826,1,1
0.011991986,1,0
0.15724342,1,1
0.0008561715,0,0
0.15101027,1,1
0.09194021,1,1
0.116761625,1,1
0.14956576,1,1
0.0009977857,0,0
0.00029853696,0,0
0.16160947,1,1
0.17559281,1,1
0.007526453,0,0
0.00044645104,0,0
0.00031420053,0,0
0.00044726057,0,0
0.18308122,1,1
0.0004053392,0,0
0.00029013414,0,0
0.22288994,1,1
0.16730714,1,1
0.011987797,1,0
0.0005470679,0,0
0.00028919827,0,0
0.0022051595,0,0
0.21148303,1,1
0.00022492565,0,0
0.03842357,0,0
0.00036739485,0,0
0.034640875,0,0
0.21556978,1,1
0.15265527,1,1
0.0007870813,0,0
0.4500287,1,1
0.22166887,1,1
0.00024099789,0,0
0.4445886,1,1
0.9187478,1,1
0.9804013,1,1
0.21624179,1,1
0.005420093,0,0
0.00023456427,0,0
0.3818089,1,1
0.00030730694,0,0
0.19097912,1,1
0.015655765,1,0
0.0035855733,0,0
0.007288392,0,0
0.0003759489,0,0
0.00039231605,0,0
0.0004286797,0,0
0.10012295,1,1
0.16302142,1,1
0.037497446,1,0
0.00995761,1,0
0.00035025124,0,0
0.21125467,1,1
0.27571154,1,1
0.090273775,1,1
0.14339066,1,1
0.0032734126,0,0
0.0002433518,0,0
0.27911234,1,1
0.023486173,1,0
0.0018547132,0,0
0.21411054,1,1
0.06144643,1,1
0.0002712733,0,0
0.16694476,1,1
0.11114469,1,1
0.29890907,1,1
0.4185996,1,1
0.2980579,1,1
0.16862665,1,1
0.00036330166,0,0
0.38791808,1,1
0.00024764857,0,0
0.41151136,1,1
0.007976402,0,0
0.0154147195,1,0
0.0059859585,0,0
0.5114014,1,1
0.03078905,1,0
3.6516,0,1
0.00861503,0,0
0.00037381088,0,0
0.0012292413,0,0
0.2094202,1,1
0.0012990648,0,0
0.0031526762,0,0
0.20093656,1,1
0.00023988509,0,0
0.09901399,1,1
0.0002739226,0,0
0.004730464,0,0
0.0004661433,0,0
0.00038498722,0,0
0.00047191168,0,0
0.00073754427,0,0
0.28059804,1,1
0.0015359117,0,0
0.16344817,1,1
0.0015816521,0,0
0.0066595464,1,0
0.12730597,1,1
0.040614173,0,0
0.012947401,0,0
0.16344813,1,1
0.36732984,1,1
0.41711807,1,1
0.025105974,1,0
0.8880912,1,1
0.0064095864,1,0
3.7310028,0,1
0.51183575,1,1
0.00022086671,0,0
0.3695675,1,1
0.006697138,1,0
0.29863372,1,1
0.00047661745,0,0
0.34114003,1,1
0.53149116,1,1
0.17840303,1,1
0.42806524,1,1
0.00033637037,0,0
0.19840302,1,1
0.021441236,0,0
0.078586414,1,1
0.02518589,1,0
0.00553893,0,0
0.00036580802,0,0
0.0005530741,0,0
0.0077203396,0,0
0.09812449,1,1
0.037307087,0,0
0.51519716,1,1
0.011939507,1,0
0.4822974,1,1
0.0010556565,0,0
3.660758,1,1
0.33130845,1,1
0.27464822,1,1
0.28956482,1,1
0.00064368243,0,0
0.122951046,1,1
0.2249406,1,1
0.0017995193,0,0
0.0033514495,0,0
0.041564994,0,1
0.0002712445,0,0
0.0002455038,0,0
0.006935656,0,0
0.96793646,1,1
0.1620831,1,1
0.32919967,1,1
0.22419018,1,1
0.08140588,1,1
0.0002342409,0,0
0.019767899,1,0
0.0013954928,1,0
0.16840763,1,1
0.00029970112,0,0
0.02231932,0,0
0.024578763,1,0
0.00040253194,0,0
0.008295975,1,0
0.8865383,1,1
0.010112512,0,0
0.00046251822,0,0
0.21990034,1,1
0.25151396,1,1
0.27014652,1,1
0.006034943,1,0
0.1490558,1,1
0.0003507269,0,0
0.001152162,0,0
0.16250154,1,1
0.00040131027,0,0
0.19228892,1,1
0.0013730879,1,0
0.001340487,0,0
0.2282267,1,1
0.0066208607,1,0
0.24224114,1,1
0.0002438812,0,0
0.3761615,1,1
0.0018664702,0,0
0.12666135,1,1
0.0011840207,0,0
0.0065367664,0,0
0.00033310952,0,0
0.00035432214,0,0
0.0018868875,0,0
0.000290045,0,0
0.0018287421,0,0
0.9677315,1,1
0.00022887463,0,0
0.016371552,1,0
0.00026682834,0,0
0.12840095,1,1
0.285031,1,1
0.0064447187,0,0
0.0023152784,0,0
0.0066371444,1,0
0.0066633383,0,0
0.008910133,1,0
0.24740945,1,1
0.033141434,1,0
0.00084618106,0,0
0.32989272,1,1
0.4313053,1,1
0.020668583,0,0
0.05456957,1,1
0.2380957,1,1
0.00050276116,0,0
0.038605075,1,0
0.6180608,1,1
0.21767259,1,1
0.16807033,1,1
0.00025603993,0,0
0.22528753,1,1
0.42554334,1,1
0.00025381322,0,0
0.00029534905,0,0
0.011060498,1,0
0.00051043206,0,0
0.00022074516,0,0
0.0008528668,0,0
0.0050171264,0,0
0.17767124,1,1
0.0011639625,1,0
0.0002178579,0,0
0.00024322676,0,0
0.4405954,0,1
0.1593776,1,1
0.23956287,1,1
0.09955074,1,1
0.024972765,0,0
0.27807435,1,1
0.001824046,1,0
0.9657522,1,1
0.038111072,0,0
0.18861915,1,1
0.0005165679,0,0
0.24742322,1,1
0.15480046,1,1
0.03741494,0,0
0.04241744,1,1
0.02796158,1,0
0.00046932025,0,0
0.0036273445,0,0
0.05308092,1,1
0.033578116,1,0
0.012870934,0,0
0.00048410599,0,0
0.18211198,0,1
0.20776503,1,1
0.019806096,0,0
0.9261395,1,1
0.5176485,1,1
0.0021581,0,0
0.3465499,1,1
0.00022027853,0,0
0.00041701726,0,0
0.14310554,1,1
0.26139027,1,1
0.24113499,1,1
0.22756933,1,1
0.0055760597,0,0
0.0012733217,1,0
0.0029714664,0,0
0.011956104,0,0
0.0013910447,0,0
0.00030706296,0,0
0.00032631986,0,0
0.001090434,0,0
0.2740955,1,1
0.16649768,1,1
0.0002795043,0,0
0.00027040346,0,0
0.00029465076,0,0
0.0023408933,1,0
0.17662936,1,1
0.09131187,1,1
0.00030307638,0,0
0.029475626,1,0
0.00078176905,0,0
0.0015664413,0,0
0.18010668,1,1
0.37504154,1,1
0.022258604,0,0
0.00027472727,0,0
0.005591013,1,0
0.24887872,1,1
0.22280277,1,1
0.040051762,1,0
0.0005051455,0,0
0.0031127504,0,0
0.2652919,1,1
0.44738472,1,1
0.3700852,1,1
0.0005643033,0,0
0.26021317,1,1
0.0014547347,1,0
0.42069653,1,1
0.01154611,1,0
0.856967,1,1
0.30974802,1,1
0.0009669208,0,0
0.006438421,1,0
0.17200693,1,1
0.13412859,1,1
0.00025159,0,0
0.0012595404,1,0
0.006578506,1,0
0.9679635,1,1
0.25345674,1,1
0.19819832,1,1
0.00036875767,0,0
0.12703702,1,1
0.16438954,1,1
0.33831275,1,1
0.064779304,1,1
0.0002525097,0,0
0.19132762,1,1
0.00025987136,0,0
0.014709786,0,0
0.001301866,0,0
0.4537866,1,1
0.00058141246,0,0
0.012464035,1,0
0.39892393,1,1
0.15863356,1,1
1.0460643,1,1
0.015209926,1,0
0.006483779,1,0
0.00037747904,0,0
0.0021393986,0,0
0.15569392,1,1
0.0010356694,0,0
0.007001309,0,0
0.043048404,1,1
0.311481,1,1
0.00039513473,0,0
0.19934075,1,1
0.0003369889,0,0
0.17970653,1,1
0.0761824,1,1
0.00038881114,0,0
0.15675361,1,1
0.050132852,1,1
0.0011486914,0,0
0.037806094,0,0
0.0019286647,1,0
0.13347673,1,1
0.037530415,0,0
0.0006191787,0,0
0.00058578316,0,0
0.00047073787,0,0
0.15785512,1,1
0.03436923,1,0
0.0011436213,0,0
0.0031931454,0,0
0.24342223,1,1
0.2319324,1,1
0.39918292,1,1
0.22399016,1,1
0.11353186,1,1
0.00030673874,0,0
0.23787594,1,1
0.2303026,1,1
0.00030767775,0,0
0.03427572,0,0
0.25131598,1,1
0.00028607424,0,0
0.23850636,1,1
0.026387468,1,0
0.012490796,1,0
0.38604984,1,1
0.0010169457,0,0
0.00033169836,0,0
0.010475148,0,0
0.21430935,1,1
0.0024320914,0,0
0.06878469,1,1
0.00022905365,0,0
0.00045698948,0,0
0.0020824173,0,0
0.27942878,1,1
0.15049106,1,1
0.00032677499,0,0
0.024635576,1,0
0.12993665,1,1
0.23379138,1,1
0.14546023,1,1
0.04061416,0,0
0.00024650386,0,0
0.0005475532,0,0
0.34698784,1,1
0.15835242,1,1
0.13846543,1,1
0.23779093,1,1
0.21474324,1,1
0.01019421,0,0
0.00024386164,0,0
0.3642465,1,1
0.30441374,1,1
0.06324208,1,1
0.47401875,1,1
0.068952516,1,1
0.38932055,1,1
0.0036765584,0,0
0.00025323173,0,0
0.5215089,1,1
0.12551369,1,1
0.37403387,1,1
0.00033531827,0,0
0.18235305,1,1
0.0066155763,1,0
0.003307781,0,0
0.0008151574,0,0
0.0017356353,0,0
0.0029527785,1,0
0.43743366,1,1
0.16343357,1,1
0.11337263,1,1
0.2761697,1,1
0.3271596,1,1
0.0002949555,0,0
0.009691912,1,0
0.017669564,1,0
0.0008136656,0,0
0.21809363,1,1
0.9541805,1,1
0.008063588,0,0
0.09489084,1,1
0.0002847894,0,0
0.83658487,1,1
0.0020524685,0,0
0.006571724,1,0
0.0018561152,0,0
0.2386851,1,1
0.00025273472,0,0
0.15752323,1,1
0.010575494,0,0
0.0051874267,1,0
0.04628165,1,1
0.00025404277,0,0
0.17499772,1,1
0.000527703,0,0
0.0011373907,0,0
0.23094185,1,1
0.15671092,1,1
0.00046467021,0,0
0.024429772,1,0
0.0017636755,1,0
0.0018071522,0,0
0.007851884,0,0
0.0003677631,0,0
0.00033341427,0,0
0.00042909337,0,0
0.23501557,1,1
0.0043710447,1,0
0.00024381652,0,0
0.01064074,1,0
0.13161647,1,1
0.00022794561,0,0
0.00048490879,0,0
0.0015649777,0,0
0.0013569915,1,0
0.11967954,1,1
0.2857608,1,1
0.1623932,1,1
0.0013014652,0,0
0.00026943986,0,0
0.06937746,0,1
0.23854665,1,1
0.8488616,1,1
0.001653121,0,0
0.0074534765,0,0
3.7557127,0,1
0.7174244,1,1
0.00096648623,0,0
0.0066472474,1,0
0.00025980378,0,0
0.20503049,1,1
0.28744704,1,1
0.16473147,1,1
0.15679687,1,1
0.15418588,1,1
0.00053116324,0,0
0.034983344,0,0
0.1683771,1,1
0.43234733,1,1
0.00047846558,0,0
0.262513,1,1
0.00032565437,0,0
0.39416295,1,1
0.07176929,1,1
0.00046376963,0,0
0.1620836,1,1
0.22394317,1,1
0.013129144,1,0
0.0018657494,0,0
0.28446478,1,1
0.033717535,0,0
0.032612238,1,0
0.0005706707,0,0
0.060307294,1,1
0.40897426,1,1
0.0009003246,0,0
0.18800084,1,1
0.00035108897,0,0
3.744451,0,1
0.0014642477,1,0
0.00024307454,0,0
0.0064544734,1,0
0.40226886,1,1
0.2718672,1,1
0.263631,1,1
0.14931332,1,1
0.21748233,1,1
0.28747743,1,1
0.017740192,1,0
0.001947251,1,0
0.12191215,1,1
0.19605951,1,1
0.096115075,1,1
0.14375237,1,1
0.00024939695,0,0
0.005641145,0,0
0.9473164,1,1
0.0018528289,0,0
0.00029492166,0,0
0.4401703,1,1
0.02908829,0,0
0.0033927588,0,0
0.00031568186,0,0
0.00075812085,0,0
0.00026407908,0,0
0.010702814,1,0
0.0005440893,0,0
0.0004486542,0,0
0.005852803,0,0
0.011066876,0,0
0.006507548,0,0
0.19910306,1,1
0.00047699182,0,0
0.00039817335,0,0
0.15943313,1,1
0.39257658,1,1
0.005320195,1,0
0.006828521,1,0
0.086432524,1,1
0.20472366,1,1
0.39381814,1,1
0.0002668894,0,0
0.14049666,1,1
0.0012581021,0,0
0.0015751192,0,0
0.0021309194,0,0
0.0003360215,0,0
0.0110021755,0,0
0.51148945,1,1
0.00024936578,0,0
0.582664,1,1
0.030086262,1,0
0.00024600836,0,0
0.014689758,1,0
0.034020413,1,0
0.41093227,1,1
0.0006429637,0,0
0.036135096,0,0
0.14613912,1,1
0.025204409,1,0
0.22792786,1,1
0.0008841375,0,0
0.00025962156,0,0
0.81013244,1,1
0.01593294,1,0
0.008057973,0,0
0.0013217417,1,0
0.0002806687,0,0
0.00046162185,0,0
0.0139551805,0,0
0.2638929,1,1
0.009114615,0,0
0.085253336,1,1
0.26011005,1,1
0.0014346498,1,0
0.37072727,1,1
0.0015516932,0,0
0.0011568448,0,0
0.0005735551,0,0
0.00028938227,0,0
0.0003162719,0,0
0.024546348,1,0
0.036399476,1,0
0.001019932,0,0
0.00024303199,0,0
0.012048779,1,0
0.0012713873,0,0
0.00030720665,0,0
0.0002472016,0,0
0.0014626647,0,0
0.03753045,0,0
0.00065059523,0,0
0.00028348097,0,0
0.046898812,1,1
0.27274016,1,1
0.9198574,1,1
0.00033336584,0,0
0.012082326,1,0
0.27516115,1,1
0.0008723431,0,0
0.001683629,0,0
0.006606589,0,0
0.12980485,1,1
0.4224735,1,1
0.00039945275,0,0
0.006994605,1,0
0.9533684,1,1
0.00066187815,0,0
0.00025394448,0,0
0.0055656275,1,0
0.00091971795,0,0
0.00035823794,0,0
0.16917402,1,1
0.36651066,1,1
0.15664847,1,1
0.0003215938,0,0
0.15643959,1,1
0.1676348,1,1
0.15577944,1,1
0.16716924,1,1
0.0012753722,0,0
0.40081033,1,1
0.0066862013,1,0
0.1616441,1,1
0.015829837,1,0
0.00034004622,0,0
0.0778397,1,1
0.18201523,1,1
0.0015619074,0,0
0.034395035,1,0
0.20959033,1,1
0.00026974335,0,0
0.2393606,1,1
0.20735513,1,1
0.02651109,1,0
0.12149682,1,1
0.22217625,1,1
0.05049145,1,1
0.10034557,0,1
0.15580747,1,1
0.0072127166,0,0
0.003701718,0,0
0.00022775437,0,0
0.0017461206,1,0
0.0018816282,0,0
0.035002965,0,0
0.27113962,1,1
0.0014903942,0,0
0.18568155,1,1
0.098390184,1,1
0.005643619,1,0
0.0019905274,1,0
0.27360412,1,1
0.25632387,1,1
0.02576678,0,0
0.00034410978,0,0
0.00050962425,0,0
0.34470192,1,1
0.05594343,1,1
0.0023218272,0,0
0.0012287202,0,0
0.00028431916,0,0
0.0019169531,0,0
0.1647518,1,1
0.22812289,1,1
0.0005065647,0,0
0.0064534107,0,0
0.8071939,1,1
0.16531143,1,1
0.93352324,1,1
0.23879996,1,1
0.05465118,1,1
0.17405994,1,1
0.15947722,1,1
0.0003127777,0,0
0.14820568,1,1
0.0003706956,0,0
0.42997533,1,1
3.6333864,0,1
0.23053151,1,1
0.00054665364,0,0
0.35366973,1,1
0.32421836,1,1
0.00024602047,0,0
0.018074384,1,0
0.007330442,1,0
0.16843963,1,1
0.0002751701,0,0
0.01330971,1,0
0.006606597,0,0
0.12940866,1,1
0.21436773,1,1
0.0003237711,0,0
0.09630248,1,1
0.0019596214,1,0
0.010663981,0,0
0.006738589,1,0
0.0007696242,0,0
0.32498434,1,1
0.3753316,1,1
0.17280719,1,1
0.24880491,1,1
0.00027801536,0,0
0.103572905,1,1
82.861015,1,1
0.001778878,1,0
0.00063388556,0,0
0.0060843993,1,0
0.22799031,1,1
0.0022215713,0,0
0.0010196859,0,0
0.05875239,1,1
0.2848037,1,1
0.0016810772,1,0
0.0005930592,0,0
0.07283005,1,1
0.0064910077,1,0
0.094518594,1,1
0.1612868,1,1
0.026325433,0,0
0.010231642,0,0
0.0066655977,0,0
0.00195962,1,0
0.0066774124,1,0
0.255891,1,1
0.0026732357,0,0
0.19365197,0,1
0.0012960966,0,0
0.20992652,1,1
0.0009462548,0,0
0.8637538,1,1
0.16332072,1,1
0.0003938124,0,0
0.00027729102,0,0
0.00028464658,0,0
0.0014775122,0,0
0.0007825063,0,0
0.0017728353,0,0
0.0002952312,0,0
0.21502888,1,1
0.0015994232,0,0
0.0003542403,0,0
0.0005090801,0,0
0.00044336787,0,0
0.0013951989,0,0
0.00672913,0,0
0.005464727,1,0
0.28985703,1,1
0.000243277,0,0
0.0018696691,0,0
0.06597569,0,1
0.0016024073,0,0
0.24512205,1,1
0.28282952,1,1
0.00032868763,0,0
0.23136146,1,1
0.4554622,1,1
0.0033290412,0,0
0.0069464585,1,0
0.0002540449,0,0
0.28402945,1,1
0.0018397828,0,0
0.010241548,0,0
0.000807296,0,0
0.007512448,1,0
0.00030638618,0,0
0.30622053,1,1
0.0015925085,0,0
0.070982285,1,1
0.20317912,1,1
0.24286228,1,1
0.03905296,1,0
0.18951376,1,1
0.19706374,1,1
0.00059279957,0,0
0.0011692579,1,0
0.00138779,1,0
0.94060445,1,1
0.15228453,1,1
0.0065717376,0,0
0.23213506,1,1
0.17860919,1,1
0.17667636,1,1
0.0020025515,1,0
0.15656835,1,1
0.0002583331,0,0
0.4325407,1,1
0.0002953354,0,0
0.0033988128,0,0
0.0007458916,0,0
0.00028140622,0,0
0.00037310898,0,0
0.00022489019,0,0
0.000834746,0,0
0.07911503,1,1
0.4794946,1,1
0.37678418,1,1
0.00039008041,0,0
0.0017060494,1,0
0.80149424,1,1
0.9100607,1,1
0.0008040942,0,0
0.4451855,1,1
0.0019895216,0,0
0.0024076533,1,0
0.00085724983,0,0
0.102928765,1,1
0.2871439,1,1
0.00047335256,0,0
0.03209159,0,0
0.17807183,1,1
0.1984917,1,1
0.008602049,1,0
0.00027481516,0,0
0.0065268693,1,0
0.0002725548,0,0
0.31034762,0,1
0.24804479,1,1
0.20781828,1,1
0.0002439548,0,0
0.09787566,1,1
0.00032285045,0,0
0.024652626,1,0
0.22845973,1,1
0.0073361616,1,0
0.00087877456,0,0
0.0016695396,0,0
0.40768278,1,1
0.022759553,0,0
0.00034803335,0,0
0.30448487,1,1
0.0015687881,0,0
0.19023065,1,1
0.00032907462,0,0
0.00032049455,0,0
0.0009261857,0,0
0.043822974,1,1
0.27812284,1,1
0.00028599452,0,0
0.2055936,1,1
0.00024306978,0,0
0.02514321,1,0
0.00041690434,0,0
0.0020317254,0,0
0.0006563006,0,0
0.006329609,1,0
0.0084009785,1,0
0.0005374343,0,0
0.00030410828,0,0
0.22373734,1,1
0.12181975,1,1
0.00034825044,0,0
0.17147104,1,1
0.16335581,1,1
0.039795734,1,0
0.0008042053,0,0
0.17505588,1,1
0.056301624,1,1
0.24319762,1,1
0.17326051,1,1
0.0014386735,1,0
0.0059526144,0,0
0.61296505,1,1
0.32946858,1,1
0.43645296,1,1
0.006578519,1,0
0.0008332595,0,0
0.00026551678,0,0
0.013071618,1,0
0.22661223,1,1
0.12725562,1,1
0.12843151,1,1
0.0038044357,1,0
0.01747439,1,0
0.18199357,1,1
0.005648071,1,0
0.0064447587,1,0
0.0005896328,0,0
0.0010755425,0,0
0.0037354368,0,0
0.0016331426,0,0
0.0005539126,0,0
0.0006422412,0,0
0.006792654,0,0
0.20727609,1,1
0.35111088,1,1
0.14531146,1,1
0.2389077,1,1
0.0056116683,1,0
0.02338632,1,0
0.09536082,1,1
0.14519224,1,1
0.0015505416,0,0
0.0026894324,0,0
0.00029348728,0,0
0.30411795,1,1
0.75042117,1,1
0.00025430298,0,0
0.010422871,0,0
0.0019000823,0,0
0.00022216205,0,0
0.2648675,1,1
0.0011024784,1,0
0.0003832794,0,0
0.31427813,1,1
0.0015373762,0,0
0.07305859,1,1
0.042586945,1,1
0.39794648,1,1
0.1465696,1,1
0.00025934598,0,0
0.23315783,1,1
0.001502322,0,0
0.0011233392,0,0
0.00025398564,0,0
0.009669051,0,0
0.0066971453,1,0
0.0015342871,0,0
0.00027827427,0,0
0.16344817,1,1
0.0014532603,1,0
0.004335515,1,0
0.17646056,1,1
0.002079816,0,0
0.00026363684,0,0
0.0017475517,0,0
0.04212584,1,1
0.009737629,0,0
0.23485309,1,1
0.45463556,1,1
0.23606347,1,1
0.008529219,1,0
0.00030518463,0,0
0.16791299,0,1
0.00024300108,0,0
0.27976683,1,1
0.0017446597,0,0
0.15046361,1,1
0.006532672,0,0
0.11117547,0,1
0.65692276,1,1
0.11387286,1,1
0.16757727,1,1
0.00050968205,0,0
0.1615111,1,1
0.00024790096,0,0
3.6498983,1,1
0.24487081,1,1
0.35794422,1,1
0.086536616,1,1
0.468309,1,1
0.00053836184,0,0
0.059521206,1,1
0.1198334,1,1
0.3708987,1,1
0.00039023402,0,0
0.118759714,1,1
0.089470364,1,1
0.40917274,1,1
0.00027513385,0,0
0.00027359143,0,0
0.24639735,1,1
0.00028459347,0,0
0.00093688344,0,0
0.00033286505,0,0
0.0050587156,1,0
0.0002457828,0,0
0.17421073,1,1
0.12060286,1,1
0.25559697,1,1
0.3774655,1,1
0.0065268823,1,0
0.0035682796,0,0
0.00024945821,0,0
0.0014722854,0,0
0.0002677851,0,0
0.00027533108,0,0
0.16568084,1,1
0.21710442,1,1
0.00035144738,0,0
0.00024939323,0,0
0.00039762066,0,0
0.15127894,1,1
0.0004600361,0,0
0.17209251,1,1
0.0009433258,0,0
0.0006895801,0,0
0.0025729649,1,0
0.0013835065,1,0
1.1506765,1,1
0.36709222,1,1
0.54330957,0,1
0.00088454876,0,0
0.120887056,1,1
0.040570233,1,0
0.00025680984,0,0
0.2429484,1,1
0.63255554,1,1
0.000999366,0,0
0.0670692,1,1
0.0010528497,0,0
0.39539924,1,1
0.00026671973,0,0
0.016631376,0,0
0.0002474434,0,0
0.00051116745,0,0
0.19745362,1,1
0.0015787682,0,0
0.0002518157,0,0
0.24466813,1,1
0.00024346239,0,0
0.2368229,1,1
0.21638243,1,1
0.0025754343,1,0
0.21818508,1,1
0.00031376822,0,0
0.34869313,1,1
0.41005218,1,1
0.026106834,1,0
0.0010595227,0,0
0.2830633,1,1
0.095149316,1,1
0.003704126,0,0
0.017746301,1,0
0.29709095,1,1
0.0012407207,1,0
0.35077122,1,1
0.00036322212,0,0
0.4469849,1,1
0.33146518,1,1
0.001126925,0,0
0.15406232,1,1
0.0002439665,0,0
0.00026935272,0,0
0.37718186,1,1
0.3840544,1,1
0.12324395,1,1
0.97561765,1,1
0.21598367,1,1
0.28129077,1,1
0.14662941,1,1
0.0018629675,1,0
0.010661447,0,0
0.0006826207,0,0
0.0025044982,0,0
0.03553082,1,0
0.0003070834,0,0
0.0008628806,0,0
0.1129501,1,1
0.061477643,1,1
0.82186073,1,1
0.3526845,1,1
0.11873007,1,1
0.00027514712,0,0
0.15020443,1,1
0.00021518691,0,0
0.3465053,1,1
0.2783686,1,1
0.00024301649,0,0
0.48469102,1,1
0.009393046,0,0
0.0065783057,0,0
0.00024949506,0,0
0.18419798,1,1
0.031937435,1,0
0.00030573696,0,0
0.0023024108,0,0
0.09244558,1,1
0.0022182127,0,0
0.20949954,1,1
0.03801311,1,0
0.006667329,1,0
0.00058832177,0,0
0.026384301,1,0
0.00028818747,0,0
0.0018657264,0,0
0.1047452,1,1
0.073942676,1,1
0.20765205,1,1
0.034078352,0,0
0.18653724,1,1
0.0008842896,0,0
0.00043820735,0,0
0.028656742,1,0
0.053957563,1,1
0.00069541455,0,0
0.0013011898,0,0
0.00027518484,0,0
0.0008423542,0,0
0.0012686204,1,0
0.2635131,1,1
0.002249135,0,0
0.32498553,1,1
0.2613444,1,1
0.006876909,1,0
0.00031857513,0,0
0.0066011976,1,0
0.00027838344,0,0
0.09323657,1,1
0.33836645,1,1
0.10945611,1,1
0.0002413107,0,0
0.14203809,0,1
0.0018875479,0,0
0.054211512,1,1
0.0004100615,0,0
0.14058176,1,1
0.006488148,0,0
0.00123962,1,0
0.0068550217,0,0
0.0023189066,0,0
0.00024947457,0,0
0.16452385,1,1
0.00029745244,0,0
0.0016122399,0,0
0.27293366,1,1
0.0007169132,0,0
0.14008707,1,1
0.39432144,1,1
0.21611868,1,1
0.31963414,1,1
0.0023602764,0,0
0.0017302774,0,0
0.234462,1,1
0.19491096,1,1
0.039666537,1,0
0.0029546197,0,0
0.17384578,1,1
0.014452751,1,0
0.006438429,1,0
0.37133148,1,1
0.446253,1,1
0.0056591295,1,0
0.04531843,1,1
0.00036080403,0,0
0.031634238,1,0
0.0035924101,0,0
0.24588773,1,1
0.020755978,1,0
0.00069853966,0,0
0.14675362,1,1
0.022383794,1,0
0.00029084444,0,0
0.013983261,0,0
0.15206198,1,1
0.0055316496,1,0
0.025221743,1,0
0.0016612881,0,0
0.0064837686,0,0
0.24346614,1,1
0.001439245,0,0
0.006526931,1,0
0.0010096125,0,0
0.00021780784,0,0
0.20945017,1,1
0.00032700054,0,0
0.9047448,1,1
0.0032685166,0,0
0.0017156365,0,0
0.0006862171,0,0
0.005546521,0,0
0.0005444032,0,0
0.2248946,1,1
0.0002910416,0,0
0.2881777,1,1
0.20964949,1,1
0.1895676,1,1
0.47236308,1,1
0.23008354,1,1
0.00843061,0,0
0.21120307,1,1
0.00022196506,0,0
0.031151133,1,0
0.00027507715,0,0
0.00033626665,0,0
0.011251213,1,0
0.060203016,1,1
0.00023715045,0,0
0.00040394926,0,0
0.0016755934,0,0
0.00037639053,0,0
0.0002897333,0,0
0.35551488,1,1
0.001338009,0,0
0.2459307,1,1
0.00022144227,0,0
0.20099023,1,1
0.007950492,0,0
0.31935814,1,1
0.4957595,1,1
0.1689787,1,1
0.22006524,1,1
0.2443231,1,1
0.20373161,1,1
0.0005788231,0,0
0.1999975,1,1
0.00032268214,0,0
0.052549716,1,1
0.1875137,1,1
0.2600387,1,1
0.00022420283,0,0
0.0069656,1,0
0.2235282,1,1
0.00048675566,0,0
0.17702979,1,1
0.15545246,1,1
0.0065673613,1,0
0.00045055887,0,0
0.037414942,0,0
0.19615722,1,1
0.00036768196,0,0
0.2022863,1,1
0.105283536,1,1
0.15366508,1,1
0.08818097,1,1
0.23970538,1,1
0.0015906884,1,0
0.15911137,1,1
0.03603695,1,0
0.006113615,1,0
0.8684055,1,1
0.00023395519,0,0
0.008149012,0,0
0.006438437,1,0
0.24483655,1,1
0.82956386,1,1
0.035010763,0,0
0.15831989,1,1
0.8375896,1,1
0.00082872243,0,0
0.00024385707,0,0
0.00023195673,0,0
0.00065352884,0,0
0.0003067772,0,0
0.17935793,0,1
0.0020289868,0,0
0.92937183,1,1
0.14178386,1,1
0.00042102963,0,0
0.036116466,0,0
0.0041087125,0,0
0.0014923284,1,0
0.0013290875,0,0
0.37509167,1,1
0.00023244754,0,0
0.000299174,0,0
0.18470155,0,1
0.029949669,1,0
0.00041508497,0,0
0.00030664494,0,0
0.00915684,1,0
0.0008939526,0,0
0.21660928,1,1
0.0035363785,0,0
0.8938534,1,1
0.0035024984,0,0
0.0003758026,0,0
0.4306921,1,1
0.0006178579,0,0
0.1747165,1,1
0.00037531272,0,0
0.36080277,1,1
0.00030362117,0,0
0.00047709694,0,0
0.0011694486,0,0
0.22933815,1,1
0.0661955,1,1
0.00032335013,0,0
0.3501489,1,1
0.2590768,1,1
0.20718466,1,1
0.89865273,1,1
0.0002704699,0,0
0.0025101537,1,0
0.012392718,1,0
0.0065268683,1,0
0.08051092,1,1
0.25355086,1,1
0.00047135554,0,0
0.012435856,0,0
0.00025676438,0,0
0.39198527,1,1
0.10520286,1,1
0.2212941,1,1
0.00024699455,0,0
0.003423854,0,0
0.14033955,1,1
0.30743545,1,1
0.33812582,1,1
0.0015371841,0,0
0.103216134,0,1
0.0010510614,0,0
0.13225013,1,1
0.0064203856,0,0
0.20717476,1,1
0.00037913682,0,0
0.00031197688,0,0
0.2177355,1,1
0.4811034,1,1
0.0002534912,0,0
0.36972824,1,1
0.07208765,1,1
0.00022430398,0,0
0.0025101465,1,0
0.23494703,1,1
0.19456051,1,1
0.036843557,0,0
0.005361878,1,0
0.39606807,1,1
0.00105573,0,0
0.46845007,1,1
0.35433456,1,1
1.1466936,1,1
0.003381155,0,0
0.0062383073,1,0
0.7133826,1,1
0.2195243,1,1
0.22802441,1,1
0.0004509749,0,0
0.30104303,1,1
0.1765289,1,1
0.15999597,1,1
0.19785662,1,1
0.0073303143,1,0
0.015526045,0,0
0.15282728,1,1
0.0012636441,1,0
0.0017200038,0,0
0.02568034,1,0
0.001921184,0,0
0.07568961,1,1
0.012475501,1,0
0.0042245374,0,0
0.1381982,1,1
0.17050771,1,1
0.00022300487,0,0
0.29611167,1,1
0.16575158,1,1
0.0703807,1,1
0.20864154,1,1
0.001435287,1,0
0.006729054,1,0
0.17488506,1,1
0.2491288,1,1
0.0011561592,0,0
0.014536116,0,0
0.95828795,1,1
0.03600536,1,0
0.00040608805,0,0
0.024443703,1,0
0.15863301,1,1
0.16011381,1,1
0.00065775815,0,0
0.00031290037,0,0
0.36168894,1,1
0.009824131,1,0
0.03300481,1,0
0.39698628,1,1
0.40911642,1,1
0.004539824,0,0
0.11266528,1,1
0.002560811,1,0
0.28776038,1,1
0.006491021,0,0
0.9036042,1,1
0.00035934497,0,0
0.17671484,1,1
0.00024275894,0,0
0.06934394,1,1
0.15036371,1,1
0.0002747871,0,0
0.00033624642,0,0
0.81944054,1,1
0.016443942,1,0
0.0019677281,0,0
0.04759627,1,1
0.22750792,1,1
0.37969625,1,1
0.21130043,1,1
0.00046900986,0,0
0.0029453682,1,0
0.0009803481,0,0
0.16614927,1,1
0.035732064,0,0
0.015313784,1,0
0.4258602,1,1
0.0023982394,0,0
0.16120124,1,1
0.00036424838,0,0
0.00028970005,0,0
0.0002475755,0,0
0.042091716,0,1
0.05911209,1,1
0.27900615,1,1
0.14669345,1,1
0.00087526476,0,0
0.013402019,1,0
0.11602995,1,1
0.016507583,1,0
0.00041445432,0,0
0.00033998757,0,0
0.0005667618,0,0
0.065535,1,1
0.034640875,0,0
0.06939585,1,1
0.35459718,1,1
0.05583136,1,1
0.0032493544,0,0
0.15210553,1,1
0.013678393,0,0
0.0015933297,0,0
0.9283026,1,1
0.0028661618,0,0
0.00033849358,0,0
0.00033825205,0,0
0.41864696,1,1
0.3689893,1,1
0.005693835,0,0
0.006354569,0,0
0.00031506649,0,0
0.00069635117,0,0
0.00025399058,0,0
0.0057200585,1,0
0.21180113,1,1
1.3382822,1,1
0.016752906,1,0
0.00026690753,0,0
0.0018021023,0,0
0.0002941752,0,0
0.0065738684,1,0
0.035010763,0,0
0.0004537011,0,0
0.0070262128,0,0
0.12531878,1,1
0.00037305625,0,0
0.44759375,1,1
0.0012069669,0,0
0.00048456647,0,0
0.18616037,1,1
0.09110871,1,1
0.22643247,1,1
0.0060657617,1,0
0.0002650202,0,0
0.10022655,1,1
0.035010755,0,0
0.22337519,1,1
0.16120124,1,1
0.00044478104,0,0
0.0055791554,1,0
0.9427235,1,1
0.0017366303,0,0
0.8909006,1,1
0.00028935855,0,0
0.010103677,1,0
0.00030105325,0,0
0.14007343,1,1
0.934911,1,1
0.00030411867,0,0
0.20975004,1,1
0.28028122,1,1
0.0017569142,1,0
0.22590098,1,1
0.2840331,1,1
0.005059306,1,0
0.044606924,1,1
0.0018362319,0,0
0.027981566,1,0
0.23336986,1,1
0.0010141213,0,0
0.00028957208,0,0
0.0013120489,1,0
0.02019313,0,0
0.0020769613,0,0
0.9235344,1,1
0.0020025603,1,0
0.00037455582,0,0
0.0012555853,0,0
0.014359959,0,0
0.19585738,1,1
0.22465628,1,1
0.053970866,1,1
0.45949936,1,1
0.23247914,1,1
0.23236445,1,1
0.0003891422,0,0
0.00050827005,0,0
0.24958345,0,1
0.02490944,1,0
0.008125524,1,0
0.006697138,1,0
0.0012999158,0,0
0.0061285235,0,0
0.37936532,1,1
0.05901874,1,1
0.032914925,1,0
0.0064447057,0,0
0.0020276215,1,0
0.00042538255,0,0
0.22269407,1,1
0.32482836,1,1
0.14835207,1,1
0.00024269383,0,0
0.13660608,1,1
0.35996643,1,1
0.048043802,0,1
0.012611285,1,0
0.00029527664,0,0
0.0002228271,0,0
0.25184748,1,1
0.0003875864,0,0
0.00021439698,0,0
0.00025348167,0,0
0.0010031033,0,0
0.13775523,1,1
0.013817432,1,0
0.00027516636,0,0
0.0016897,0,0
0.00038466294,0,0
0.9472862,1,1
0.07031768,1,1
0.4293003,1,1
0.06842223,1,1
0.0002806238,0,0
0.09837544,1,1
0.00026037288,0,0
0.105712004,1,1
0.0013883875,1,0
0.1840659,1,1
0.03456572,1,0
0.0062082238,1,0
0.028217167,1,0
0.0003517255,0,0
0.00068906596,0,0
0.024880307,1,0
0.098893166,1,1
0.00027251267,0,0
0.0060202354,1,0
0.0032986181,0,0
0.006444742,0,0
0.0002163336,0,0
0.001775163,0,0
0.1668624,1,1
0.1006777,1,1
0.4052459,1,1
0.010163839,1,0
0.00035140937,0,0
0.02951152,0,0
0.0013930082,1,0
0.36210236,1,1
0.00036551067,0,0
0.95735335,1,1
0.00030125643,0,0
0.00027482567,0,0
0.27851692,1,1
0.0064367596,0,0
0.00031313574,0,0
0.23230492,1,1
0.001462706,0,0
0.5036613,1,1
0.015056946,1,0
0.055652756,1,1
0.26637518,1,1
0.39945787,1,1
0.23010303,1,1
0.029708209,1,0
0.006420348,1,0
0.17062275,1,1
0.32681316,1,1
0.067706205,1,1
0.21750255,1,1
0.7942767,1,1
0.00021803811,0,0
0.90637887,1,1
0.0006418264,0,0
0.0018788122,0,0
0.23269358,1,1
0.050156448,1,1
0.0003212438,0,0
0.23031068,1,1
0.0018341995,0,0
0.62796515,1,1
0.3619759,1,1
0.4580939,1,1
0.15915552,1,1
0.00044369715,0,0
0.0002178451,0,0
0.0016853506,0,0
0.21460184,1,1
0.00030731803,0,0
0.00043113908,0,0
0.00024955734,0,0
0.25590652,1,1
0.0012686201,1,0
0.0030878498,0,0
0.18154003,1,1
0.0020188512,0,0
0.3040744,1,1
0.078187406,1,1
0.16740216,1,1
0.27065104,1,1
0.00028014043,0,0
0.0002559782,0,0
0.0012036671,0,0
0.52490246,1,1
0.006532765,1,0
0.025227375,1,0
0.0002586922,0,0
0.36281314,1,1
0.013468809,1,0
0.0054381946,1,0
0.0016550014,0,0
0.00041324328,0,0
0.047481403,1,1
0.36486244,1,1
0.16711338,1,1
0.019468322,0,0
0.05372383,1,1
0.0065327315,0,0
0.00024947012,0,0
0.14663039,1,1
0.0002461167,0,0
0.056415454,1,1
0.00026674467,0,0
0.003231765,0,0
0.070584424,0,1
0.005858092,1,0
0.37313712,1,1
0.32393768,1,1
0.17533119,1,1
0.0007656733,0,0
0.2714733,1,1
0.90406305,1,1
0.89156395,1,1
0.00020697709,0,0
0.00045134523,0,0
0.06751432,0,1
0.014307784,0,0
0.43795973,1,1
0.013266711,0,0
0.31165043,1,1
0.030061914,0,0
0.0012267889,1,0
0.00080698944,0,0
0.2498262,1,1
0.2089335,1,1
0.20438194,1,1
0.003006015,0,0
0.011839538,1,0
0.23147427,1,1
0.026462758,1,0
0.006626037,1,0
0.23237701,1,1
0.23669918,1,1
0.16764814,1,1
0.21828157,1,1
0.92787653,1,1
0.00063459465,0,0
0.1862561,1,1
0.0022866284,1,0
0.21876708,1,1
0.36250904,1,1
0.00096556963,0,0
0.010404549,0,0
0.29653797,1,1
0.0016570665,0,0
0.32531434,1,1
0.0002771142,0,0
0.17170107,1,1
0.00031526072,0,0
0.109103665,1,1
0.0006361757,0,0
0.21297187,1,1
0.21184844,1,1
0.49289024,1,1
0.0006139365,0,0
0.9299771,1,1
0.2217317,1,1
0.16652025,1,1
0.00039718027,0,0
0.8673804,1,1
0.00022728251,0,0
0.0004772861,0,0
0.0014821421,0,0
0.15879744,1,1
0.00024069336,0,0
0.00036548122,0,0
0.2522062,1,1
0.007466841,0,0
0.00022431779,0,0
0.009371403,1,0
0.28017807,1,1
0.13976482,1,1
0.006162199,1,0
0.00041436768,0,0
0.0004981035,0,0
0.0011924194,0,0
0.00033241112,0,0
0.0002846033,0,0
0.006564052,0,0
0.011489716,0,0
0.00025400732,0,0
0.027730983,1,0
0.42767805,1,1
0.00024247964,0,0
0.00021957578,0,0
0.00027887727,0,0
0.0010203538,0,0
0.3843925,1,1
0.002021686,0,0
1.134704,1,1
0.0002406386,0,0
0.0018709039,0,0
0.27358878,1,1
0.0064789136,1,0
0.0004823672,0,0
0.0014561738,0,0
0.36027598,1,1
0.10350327,1,1
0.0002629304,0,0
0.0035463222,0,0
0.0065267603,1,0
0.38483825,1,1
0.057297114,1,1
0.07729373,1,1
0.26712078,1,1
0.0008967415,0,0
0.8637073,1,1
0.13025059,1,1
0.43469703,1,1
0.0384929,0,0
0.023818476,1,0
0.00023557691,0,0
0.00033398895,0,0
0.14490925,1,1
0.0003229343,0,0
0.008311091,1,0
0.21747735,1,1
0.3465218,1,1
0.19804735,1,1
0.018122796,1,0
0.00779086,0,0
0.00044783205,0,0
0.008368847,0,0
0.06254034,1,1
0.14127365,1,1
0.24667168,1,1
0.00026645034,0,0
0.0052661262,1,0
0.00028465356,0,0
0.20116834,1,1
0.0002749179,0,0
0.22629412,1,1
0.0013185092,1,0
0.0002186903,0,0
0.0012650575,1,0
0.023405403,0,0
0.21682678,1,1
0.014564602,0,0
0.26099655,1,1
0.005577229,1,0
0.00028456858,0,0
0.0009817862,0,0
0.3745354,1,1
0.0006294831,0,0
0.0006177427,0,0
0.18924218,1,1
0.00048006122,0,0
0.27410352,1,1
0.8319619,1,1
0.1662663,1,1
0.22231425,1,1
0.083419204,1,1
0.0003513508,0,0
0.0017245145,0,0
0.025551341,1,0
0.052445285,1,1
0.0003156407,0,0
0.00025067606,0,0
0.00048364652,0,0
0.0013135645,1,0
0.015178788,1,0
0.89199334,1,1
0.0020115045,0,0
0.037187338,1,0
0.16159195,1,1
0.33885467,1,1
0.013165979,0,0
0.000682197,0,0
0.001359909,1,0
0.00023638048,0,0
0.006600805,1,0
0.00025166062,0,0
0.45930165,1,1
0.000289696,0,0
0.007384604,1,0
0.25170708,1,1
0.21875107,1,1
0.13604733,1,1
0.011814003,1,0
0.0010612098,0,0
0.0014245634,1,0
0.021851301,0,0
0.00096331973,0,0
0.14984775,1,1
0.47446582,1,1
0.20272648,1,1
0.03169067,1,0
0.30894613,1,1
0.003617557,0,0
0.15546414,0,1
0.30516812,1,1
0.4014152,1,1
0.00034598997,0,0
0.41020077,1,1
0.0018574897,0,0
0.09130524,1,1
0.0003152322,0,0
0.42646816,1,1
0.15097438,1,1
0.16961423,1,1
0.0017554588,0,0
0.024514053,1,0
0.0008774098,0,0
0.10812629,1,1
0.018591613,1,0
0.2200788,1,1
0.14353503,1,1
0.001355707,0,0
0.16537149,1,1
0.00034526546,0,0
0.00038202052,0,0
0.00024337914,0,0
0.1200191,1,1
0.8457927,1,1
0.39497402,1,1
0.00034826875,0,0
0.28783932,1,1
0.09871377,1,1
0.18418784,1,1
0.00049856456,0,0
0.00021860978,0,0
0.05683771,1,1
0.263225,1,1
0.006058462,1,0
0.001222798,0,0
0.3313523,1,1
0.0066260165,1,0
0.0002586776,0,0
0.00648374,1,0
0.3192292,1,1
0.00054983597,0,0
0.2067509,1,1
0.00042355125,0,0
0.006686181,1,0
0.18114617,0,1
0.022063365,1,0
0.0067290403,1,0
0.0002602419,0,0
0.2530104,1,1
0.0017645287,0,0
0.18553445,1,1
0.0002449091,0,0
0.0017729006,0,0
0.0065326914,1,0
0.0016868721,0,0
0.01284399,1,0
0.7214848,1,1
0.46530557,1,1
0.00040900699,0,0
0.1646198,1,1
0.4454836,1,1
0.06262074,1,1
0.08112546,1,1
0.44684917,1,1
0.00216494,0,0
0.23154001,1,1
0.0014013456,1,0
0.19528008,1,1
0.005708218,1,0
0.09145871,1,1
0.22501096,1,1
0.001176391,0,0
0.21224009,1,1
0.00031498494,0,0
0.32792377,1,1
0.3222146,1,1
0.14417802,1,1
0.03867956,0,0
0.05088915,1,1
0.0002633191,0,0
0.43385008,1,1
0.006369999,0,0
0.19880313,1,1
0.17773996,1,1
0.05378667,1,1
0.2429581,1,1
0.038281977,0,0
0.00127413,1,0
0.07658019,1,1
0.26008782,1,1
0.22734807,1,1
0.003585408,0,0
0.13729765,1,1
0.24457338,1,1
0.03898616,0,0
0.3791981,1,1
0.032887824,1,0
0.001978766,0,0
0.00031251827,0,0
0.03867957,0,0
0.00022145915,0,0
0.0010977195,0,0
0.038380615,0,0
0.45213366,1,1
0.36772597,1,1
0.00225103,0,0
0.049382355,0,1
0.14688359,1,1
0.5823524,1,1
0.0032553717,0,0
0.044404622,1,1
0.27297068,1,1
0.0005531215,0,0
0.1113134,1,1
0.27654827,1,1
0.0002593198,0,0
0.2991942,1,1
0.03830977,0,0
0.27624127,1,1
0.00035313747,0,0
0.35558918,1,1
0.2657273,1,1
0.20483187,1,1
0.00033517767,0,0
0.0005406403,0,0
0.024476243,1,0
0.14890337,1,1
0.0078007225,1,0
0.17360494,1,1
0.00034682377,0,0
0.0002844911,0,0
0.0016133977,1,0
0.03898616,0,0
0.0005157055,0,0
0.15519413,1,1
0.14251554,1,1
0.22982486,1,1
0.20771559,1,1
0.35583782,1,1
0.16347627,1,1
0.2616981,1,1
1.0056646,1,1
0.015136276,0,0
0.14512658,1,1
0.2518348,1,1
0.22809634,1,1
0.000221908,0,0
0.02487559,1,0
0.0028147928,0,0
0.002375825,0,0
0.43783054,1,1
0.0005726579,0,0
0.008011155,0,0
0.21078579,1,1
0.75494474,1,1
0.0067159454,0,0
0.0002569034,0,0
0.2913354,1,1
0.43782625,1,1
0.00041015772,0,0
0.0004482955,0,0
0.18704389,1,1
0.20888394,1,1
0.8064296,1,1
0.3855289,1,1
0.006729039,0,0
0.26986825,1,1
0.002655215,0,0
0.0012780273,1,0
0.13557759,1,1
0.0144519545,1,0
0.0002633522,0,0
0.006256683,0,0
0.26541293,1,1
0.00079439615,0,0
0.30053014,1,1
0.18527348,1,1
0.1527733,1,1
0.2830859,1,1
0.00067058473,0,0
0.00029537533,0,0
0.59643203,0,1
0.00029526828,0,0
0.0019852729,0,0
0.23715086,1,1
0.23854566,1,1
0.00056655053,0,0
0.0006381009,0,0
0.30713034,1,1
0.08232738,0,1
0.8279991,1,1
0.17348193,1,1
0.00024277088,0,0
0.066516414,1,1
0.12860286,1,1
0.00656735,1,0
0.011239166,1,0
0.00025387795,0,0
0.0067290408,1,0
0.12667349,1,1
0.05185915,1,1
0.2690887,1,1
0.00030419836,0,0
0.2441513,1,1
0.00027777423,0,0
0.00026204364,0,0
0.0063319127,1,0
0.16920586,1,1
0.11846422,1,1
0.004875031,0,0
0.05745275,1,1
0.18200374,1,1
0.2231979,1,1
0.006729038,0,0
0.006483769,1,0
0.0012643074,0,0
0.17306007,1,1
0.0005424125,0,0
0.0012936753,0,0
0.0013127943,1,0
0.119760185,1,1
0.00059368147,0,0
0.0012803469,1,0
0.28194043,1,1
0.23249216,1,1
0.073416814,1,1
0.0011554706,0,0
0.2680939,1,1
0.19251773,1,1
0.0064534456,1,0
0.24517983,1,1
0.00030721087,0,0
0.06645888,1,1
0.20882125,1,1
0.0003370848,0,0
0.41665715,1,1
0.9628858,1,1
0.32992214,1,1
0.12826493,1,1
0.16476133,1,1
0.011243669,0,0
0.00026929032,0,0
0.00025164388,0,0
1.0902098,1,1
0.004199839,0,0
0.22606398,1,1
0.00050898094,0,0
0.023461435,1,0
0.025844818,1,0
0.037414946,0,0
0.005752369,0,0
0.37371927,1,1
0.37165803,1,1
0.09887243,1,1
0.14935863,1,1
0.16120122,1,1
0.26590708,1,1
0.00023058141,0,0
0.12954365,1,1
0.0066530695,1,0
0.04831234,1,1
0.0002539656,0,0
0.22318575,1,1
0.137302,1,1
0.0067672124,0,0
0.00022073588,0,0
0.0016316548,1,0
0.0013640722,1,0
0.00030879214,0,0
0.06625058,1,1
0.005522429,1,0
0.00022989763,0,0
0.18351935,1,1
0.24227378,1,1
0.18634525,1,1
0.2002225,1,1
0.008220209,0,0
0.0005297633,0,0
0.0002664408,0,0
0.072973765,1,1
0.00052873633,0,0
0.16764702,1,1
0.024922246,1,0
0.0006874439,0,0
0.004516251,0,0
0.05721313,1,1
0.00039747104,0,0
0.0006031724,0,0
0.006409584,1,0
0.16654159,1,1
0.0011229226,0,0
0.0002430358,0,0
0.0070128725,0,0
0.3437448,1,1
0.043325406,1,1
0.17045039,1,1
0.03718153,1,0
0.00034093758,0,0
0.0009910401,0,0
0.39032066,1,1
0.09494361,1,1
0.42340675,1,1
0.035010792,0,0
0.0011877421,0,0
0.21745604,1,1
0.0062863305,0,0
0.0027076683,0,0
0.0017869326,0,0
0.15417562,1,1
0.24963816,1,1
0.0004498336,0,0
0.42579052,1,1
0.25497818,1,1
0.18424273,1,1
0.00044570223,0,0
0.04534192,1,1
0.51351124,1,1
0.024733217,1,0
0.36189476,1,1
0.0015265093,0,0
0.0045647463,0,0
0.00043607154,0,0
0.30009538,1,1
0.06346008,1,1
0.00044934516,0,0
0.038568538,1,0
0.00028037117,0,0
0.16128685,1,1
0.35069615,1,1
0.20189604,1,1
0.023606542,1,0
0.03370468,0,0
0.08441784,0,1
0.00034525187,0,0
0.0033033788,0,0
0.0010744571,0,0
0.0002965121,0,0
0.006535099,1,0
0.13235864,1,1
0.22218722,1,1
0.95680684,1,1
3.717684,0,1
0.0004966166,0,0
0.00030395552,0,0
0.13065155,1,1
0.107738376,1,1
0.057040576,1,1
0.09356534,1,1
0.009778029,0,0
0.19169354,0,1
0.22994341,1,1
0.20384507,1,1
0.014176049,0,0
0.00024184467,0,0
0.43893018,1,1
0.002198216,0,0
0.009862117,0,0
0.21155031,1,1
0.28311408,1,1
0.030461378,0,0
0.0002633726,0,0
0.020706331,0,0
0.00037091447,0,0
0.032034125,1,0
0.00046225378,0,0
0.00024937323,0,0
0.0049116095,1,0
0.15789908,1,1
0.011722127,0,0
0.21801446,1,1
0.0004912566,0,0
0.17621465,1,1
0.15345113,1,1
0.18591754,1,1
0.00080746267,0,0
0.0005123558,0,0
0.025237668,1,0
0.026008517,1,0
0.15473019,1,1
0.00029022706,0,0
0.0013310364,1,0
0.0031938087,0,0
0.03898616,0,0
0.27460268,1,1
0.0015163224,0,0
0.0002765301,0,0
0.0043381453,1,0
0.005082736,1,0
0.49792615,1,1
0.12857518,0,1
0.23697771,1,1
0.0012801535,0,0
0.00025396916,0,0
0.00047506214,0,0
0.09240385,1,1
0.17000662,1,1
0.3445898,1,1
1.0962129,1,1
0.8375579,1,1
0.22175968,1,1
0.40100273,1,1
0.058732092,1,1
0.0013366019,0,0
0.24045177,1,1
0.0004957221,0,0
0.00032987367,0,0
0.28616497,1,1
0.14241707,1,1
0.2657072,1,1
0.16018035,1,1
0.008444737,0,0
0.0005958934,0,0
0.21199673,1,1
0.025886059,1,0
0.022163305,0,0
0.00021882186,0,0
0.00021320718,0,0
0.00042507157,0,0
0.2624208,1,1
0.41401464,1,1
0.07223581,1,1
0.25126228,1,1
0.006118605,1,0
0.30389515,1,1
0.00056353887,0,0
0.041642275,1,1
0.0056591276,1,0
0.05577021,1,1
0.026137954,0,0
0.06545552,1,1
0.0014779796,0,0
0.0004559326,0,0
0.00048386012,0,0
0.00025676092,0,0
0.15933697,1,1
0.02089223,1,0
0.33314824,1,1
0.053928446,1,1
0.00037629966,0,0
0.04592421,1,1
0.0014374051,0,0
0.16087955,1,1
80.5755,1,1
0.37409556,1,1
0.048285324,1,1
0.024511794,0,0
0.0002558804,0,0
0.0063522225,1,0
0.9089332,1,1
0.23235752,1,1
0.0003751834,0,0
0.073288284,1,1
0.000293243,0,0
0.0003365058,0,0
0.46470717,1,1
0.15630636,1,1
0.0003195102,0,0
0.32233566,1,1
0.1944303,1,1
0.23890756,1,1
0.24102125,1,1
0.35322186,1,1
0.36193767,1,1
0.0010259295,0,0
0.0005363102,0,0
0.00064178463,0,0
0.0006845297,0,0
0.2029957,1,1
0.06944626,0,1
0.9285998,1,1
0.00023548251,0,0
0.17172645,1,1
0.94614995,1,1
0.060508948,1,1
0.0002493457,0,0
0.3308215,1,1
0.37071756,1,1
0.00049983204,0,0
0.09629789,1,1
0.0007062305,0,0
0.048838332,0,1
0.1819757,1,1
0.007102986,0,0
0.0018457685,0,0
0.005817836,0,0
0.0017219477,0,0
0.024691012,1,0
0.015329774,0,0
0.008666686,0,0
0.02633387,1,0
0.0024443604,0,0
0.032209244,0,0
0.016491592,0,0
0.0126811685,1,0
0.9020001,1,1
0.09442607,1,1
0.0004549361,0,0
0.017589696,0,0
0.028821986,1,0
0.006526928,1,0
0.0003295473,0,0
0.3405013,1,1
3.6931305,0,1
0.03780611,0,0
0.02607106,1,0
0.3158237,1,1
0.00024388176,0,0
0.25897482,1,1
0.035357267,0,0
0.00809975,0,0
0.22458923,1,1
0.006483801,1,0
0.025476627,0,0
0.040309727,1,0
0.00044405687,0,0
0.36242762,1,1
0.01390204,0,0
0.059565853,1,1
0.00022775533,0,0
0.01849232,0,0
0.10296939,1,1
0.0005204627,0,0
0.000837639,0,0
0.0014716305,1,0
0.81291646,1,1
0.29968783,1,1
0.017176047,0,0
0.38520235,1,1
0.00033510564,0,0
0.0035162184,1,0
0.22055452,1,1
0.47353828,1,1
0.009856736,0,0
0.00032402304,0,0
0.0009789997,0,0
0.00023579347,0,0
0.21522199,1,1
0.1276846,1,1
0.037696227,0,0
0.025949826,1,0
0.04509266,0,1
0.00039865714,0,0
0.28137046,1,1
0.00074050715,0,0
0.00022871127,0,0
0.28922528,1,1
0.00024291736,0,0
0.019186553,0,0
0.00037241157,0,0
0.30043566,1,1
0.0060808235,1,0
0.35019666,1,1
0.0010320282,0,0
0.44802448,1,1
0.00040380584,0,0
0.0070371353,1,0
0.3891098,1,1
0.2241197,1,1
0.2163543,1,1
0.00034611925,0,0
0.28882852,1,1
0.30187476,1,1
0.47570625,1,1
0.0015832623,0,0
0.0014174355,0,0
0.089074165,1,1
0.04595055,1,1
0.41315567,1,1
0.00028611135,0,0
0.15084396,1,1
0.00027632096,0,0
0.016506534,1,0
0.19945717,1,1
0.30463767,1,1
0.00094433076,0,0
0.0018191662,1,0
0.00052955234,0,0
0.43755955,1,1
0.20879558,1,1
0.3936867,1,1
0.0033769545,0,0
0.16259816,1,1
0.13795562,1,1
0.18786384,1,1
0.0012876332,0,0
0.001077525,0,0
0.00029538185,0,0
0.20202231,1,1
0.010760071,0,0
0.0065267864,1,0
0.00023204242,0,0
0.00030490878,0,0
0.006688368,1,0
0.00026736132,0,0
0.025122989,1,0
0.09882767,1,1
0.00053027,0,0
0.00035052316,0,0
0.23134579,1,1
0.0002859429,0,0
0.5934097,1,1
0.00048245222,0,0
0.00022436763,0,0
0.16234809,1,1
0.0005309229,0,0
0.7304227,1,1
0.31680897,1,1
0.0074583166,1,0
0.63573116,1,1
0.39783007,1,1
0.49743414,1,1
0.002141815,0,0
0.06931033,1,1
0.0008508208,0,0
0.001015242,0,0
0.00034249917,0,0
0.016625782,1,0
0.00033266266,0,0
0.079560496,1,1
0.056180537,1,1
0.0007375498,0,0
0.09980857,1,1
0.05733068,1,1
0.021471137,1,0
0.00022951752,0,0
0.00023806831,0,0
0.0074894675,0,0
0.0030525837,0,0
0.1881772,1,1
0.07609707,1,1
0.00046386814,0,0
0.010018839,0,0
0.0002304893,0,0
0.18946764,1,1
0.21325094,1,1
0.17268153,1,1
0.0012737659,1,0
0.016552353,0,0
0.0035612462,0,0
0.049559146,1,1
0.23492366,1,1
0.00025986592,0,0
0.32213,1,1
0.035395935,1,0
0.0002973325,0,0
0.120677926,1,1
0.0011653227,1,0
0.00049069925,0,0
0.35492596,1,1
0.0005020259,0,0
0.00026366624,0,0
0.23176938,1,1
0.24651328,1,1
0.036556322,1,0
0.23606001,1,1
0.006798455,0,0
0.047753144,1,1
0.03729617,1,0
0.0005304494,0,0
0.03685414,1,0
0.0003136415,0,0
0.001901028,1,0
0.23154487,1,1
0.097025506,1,1
0.023754207,1,0
0.0002408967,0,0
0.00045762403,0,0
0.0038352616,0,0
0.23745516,1,1
0.16169204,1,1
0.2515275,1,1
0.109259725,1,1
0.24285975,1,1
0.14368969,1,1
0.00022186026,0,0
0.13619633,1,1
0.00023812974,0,0
0.41177616,1,1
0.2084926,1,1
0.4374438,1,1
0.007676937,0,0
0.00055049686,0,0
0.23119855,1,1
0.059531827,1,1
0.052707817,1,1
0.0002539589,0,0
0.22979811,1,1
0.2218149,1,1
0.00027421408,0,0
0.00021431489,0,0
0.07123811,0,1
0.2271901,1,1
0.024502588,1,0
0.001953387,0,0
0.026210656,1,0
0.00026877984,0,0
0.0025292973,1,0
0.1567968,1,1
0.0002243944,0,0
0.37915128,1,1
0.16363296,1,1
0.24731337,1,1
39.44552,1,1
0.0002542171,0,0
0.00029466144,0,0
0.9589749,1,1
0.006397253,1,0
0.15677257,1,1
0.00024191565,0,0
0.0025607352,0,0
0.02064567,0,0
0.00023427888,0,0
0.13204783,1,1
0.0002668639,0,0
0.0019168832,0,0
0.005254918,1,0
0.09891906,1,1
0.44091132,1,1
0.3212951,1,1
0.000274671,0,0
0.00025168055,0,0
0.0002446109,0,0
0.39842173,1,1
0.00023780062,0,0
0.0032271815,0,0
0.37829474,1,1
0.03870771,0,0
0.001634605,0,0
0.2701728,1,1
0.0006552439,0,0
0.15804806,1,1
0.0028979746,0,0
0.03898628,0,0
0.07200616,1,1
0.0017749991,0,0
0.24646722,1,1
0.3648648,1,1
0.00047485717,0,0
0.031459443,0,0
0.1248986,1,1
0.4434594,1,1
0.34685817,1,1
0.25235742,1,1
0.24498774,1,1
0.0027817665,0,0
0.01650755,0,0
0.17754135,1,1
0.001204436,0,0
0.043549374,1,1
0.008292059,0,0
0.00030844525,0,0
0.0004680689,0,0
0.21509543,1,1
0.00036950473,0,0
0.003938129,0,0
0.1644626,1,1
0.00055938086,0,0
0.038679544,0,0
0.0003606899,0,0
0.09875662,1,1
0.003878412,0,0
0.008696233,0,0
0.44047436,1,1
0.000743831,0,0
0.015908003,1,0
0.22158515,1,1
0.084529154,1,1
0.21911375,1,1
0.00037604483,0,0
0.2309769,1,1
0.00648374,0,0
0.0002709515,0,0
0.15770485,1,1
0.00024289962,0,0
0.18284328,1,1
0.005794441,1,0
0.112932704,1,1
3.17352,1,1
0.0013306449,0,0
0.00031255893,0,0
0.16753188,1,1
0.14323187,1,1
0.39174104,1,1
0.26359925,1,1
0.16441703,1,1
0.0015354225,0,0
0.00023882002,0,0
0.22412865,1,1
0.09728038,1,1
0.01984468,1,0
0.36564645,1,1
0.11661465,1,1
0.09931434,1,1
0.019629283,0,0
0.00031806284,0,0
0.39948994,1,1
0.0015281973,0,0
0.12175869,1,1
0.39543188,1,1
0.0067462795,1,0
3.7539635,0,1
0.006844515,0,0
0.010451494,0,0
0.015990943,1,0
0.39351454,1,1
0.00037857905,0,0
0.10112027,1,1
0.0007484979,0,0
0.09240065,1,1
0.5911028,1,1
0.3758267,1,1
0.26078993,1,1
0.14064372,1,1
0.00028413953,0,0
0.00024336072,0,0
0.00074538856,0,0
0.035732,0,0
0.24712135,1,1
0.00029340174,0,0
0.000270983,0,0
0.23094866,1,1
0.058799278,1,1
0.47987464,1,1
0.0015734661,0,0
0.00031052617,0,0
0.25461867,1,1
0.00055637956,0,0
0.0007820076,0,0
0.18238743,1,1
0.0029358158,0,0
0.1776096,1,1
0.0018142118,1,0
0.5016846,1,1
0.006574644,1,0
0.40668014,1,1
0.16105141,0,1
0.0067290757,1,0
0.13595313,1,1
0.0017621906,0,0
0.2314417,1,1
0.18504815,1,1
0.0003095635,0,0
0.00665954,1,0
0.000248102,0,0
0.20140581,1,1
0.08287123,1,1
0.36588868,1,1
0.014853695,1,0
0.02067316,1,0
0.00097219204,0,0
0.060722753,1,1
0.00025733712,0,0
0.39908722,1,1
0.0014121816,1,0
0.0017905193,0,0
0.0012190015,0,0
0.013094732,1,0
0.00026186777,0,0
0.0016416173,0,0
0.0008996171,0,0
0.93278337,1,1
0.00028020045,0,0
0.03518043,0,0
0.43621334,0,1
0.00030870922,0,0
0.104179345,1,1
0.0005619169,0,0
0.00022211176,0,0
0.090835966,1,1
0.0018800884,0,0
0.23951145,1,1
0.00064754323,0,0
0.0013761807,1,0
3.6998782,0,1
0.00074153114,0,0
0.2346721,1,1
0.017624011,1,0
0.22582105,1,1
0.005874417,0,0
0.122826144,1,1
0.00040293613,0,0
0.19111435,1,1
0.00030125625,0,0
0.014185024,1,0
0.011643242,1,0
0.0608659,1,1
0.006578506,1,0
0.00026690768,0,0
0.0014024916,0,0
0.0013924327,0,0
0.0009234904,0,0
0.04098217,1,1
0.22302419,1,1
0.22990501,1,1
0.11979002,1,1
0.016429326,1,0
0.00022438739,0,0
0.00031837184,0,0
0.038707666,0,0
0.00021728862,0,0
0.07065048,1,1
0.30267853,1,1
0.34582967,1,1
0.00023768608,0,0
0.0002825775,0,0
0.12962964,1,1
0.2099053,1,1
0.9564977,1,1
0.090297155,1,1
0.0037669518,1,0
0.00027488027,0,0
0.00025404032,0,0
0.16207491,1,1
0.00064179575,0,0
0.19237167,1,1
0.0066122883,1,0
0.26048023,1,1
0.0007857313,0,0
0.043853182,1,1
0.0056755138,0,0
0.0040959944,0,0
0.20046926,1,1
0.012271397,1,0
0.00026691033,0,0
0.22414003,1,1
0.10146398,1,1
0.27351162,1,1
0.0010498856,0,0
0.03920409,0,0
0.17500432,1,1
0.006784133,1,0
0.22645213,1,1
0.00040158012,0,0
0.41073254,1,1
0.23226161,1,1
0.05963258,1,1
0.01381802,0,0
0.0687432,1,1
0.09683219,0,1
0.15924716,1,1
0.24141577,1,1
0.0066175684,1,0
0.122605234,1,1
0.17202067,1,1
0.26594126,1,1
0.20859809,1,1
0.3632393,1,1
0.3102101,1,1
0.02633625,1,0
0.081551276,1,1
0.00025154874,0,0
0.002550743,0,0
0.0016656285,0,0
0.029194972,1,0
0.00045815896,0,0
0.0032537223,0,0
0.31417316,1,1
0.20460105,1,1
0.0011035296,0,0
0.027274702,1,0
0.4534352,1,1
0.0005144637,0,0
0.049916163,1,1
0.018266913,0,0
0.1886295,1,1
0.00024154421,0,0
0.0039713113,0,0
0.00027098745,0,0
0.27837285,1,1
0.0002568803,0,0
0.00044891876,0,0
0.20730764,1,1
0.0016415917,0,0
0.00039177516,0,0
0.21091083,1,1
0.21457282,1,1
0.43536893,1,1
0.00030097525,0,0
0.0014586981,0,0
0.0002999612,0,0
0.0002597989,0,0
0.48401996,1,1
0.0057306727,0,0
0.003584254,1,0
0.00023840443,0,0
0.1095968,1,1
0.120772876,0,1
0.1978365,1,1
0.00027396105,0,0
0.21619402,1,1
0.13782145,1,1
0.10094804,0,1
0.96373266,1,1
0.0002953853,0,0
0.09845893,1,1
0.00032728002,0,0
0.00026013417,0,0
0.9547202,1,1
0.0005633334,0,0
0.0022609285,0,0
0.27385908,1,1
0.0678479,1,1
0.03558409,0,0
0.046484675,1,1
0.000731342,0,0
0.2025193,1,1
0.2539376,1,1
0.0008292137,0,0
0.007541991,0,0
0.007336107,1,0
0.00040888388,0,0
0.0013366982,0,0
0.0115828775,0,0
0.0065963822,1,0
0.005315682,1,0
0.0013632545,1,0
0.4469302,1,1
0.25417578,1,1
0.119229816,1,1
0.00031482335,0,0
0.0013603634,1,0
0.43171933,1,1
0.14509639,1,1
0.0013913993,1,0
0.0010437684,0,0
0.032858457,0,0
0.37052068,1,1
0.00024605027,0,0
0.00812581,0,0
0.00072683714,0,0
0.10165524,1,1
0.2016903,1,1
0.06956735,1,1
0.038550522,1,0
0.0036004223,0,0
0.00026262377,0,0
0.00041301193,0,0
0.0021696968,0,0
0.002404073,0,0
0.013028728,1,0
0.0002634921,0,0
0.00030702614,0,0
0.0003357781,0,0
0.057875738,1,1
0.00023441536,0,0
0.00061059505,0,0
0.22681855,1,1
0.00036200692,0,0
0.117641136,1,1
0.0024079196,0,0
0.0005342177,0,0
0.0019472513,1,0
0.27244252,1,1
0.21453775,1,1
0.00064964866,0,0
0.028529039,1,0
0.3431039,1,1
0.0042374693,0,0
0.6988819,1,1
0.0013564756,0,0
0.0002431226,0,0
0.0036271305,0,0
0.22218816,1,1
0.0011958437,0,0
0.3868327,1,1
0.0005183056,0,0
0.29587695,1,1
0.00045675208,0,0
0.05456341,1,1
0.017991852,0,0
0.012131318,1,0
0.0010635016,0,0
0.378865,1,1
0.06350004,1,1
0.0014131133,0,0
0.14423156,1,1
0.18128964,1,1
0.36962152,1,1
0.00030494947,0,0
0.00024939954,0,0
0.006769165,1,0
0.23002961,1,1
0.25668827,1,1
0.15489028,1,1
0.0019852864,0,0
0.26449147,1,1
0.24513634,1,1
0.0003573458,0,0
0.00026327005,0,0
0.0063714874,0,0
0.17555226,1,1
0.15487249,1,1
0.2567711,1,1
0.44850492,1,1
0.20966595,1,1
0.08215912,1,1
0.0066862414,1,0
0.0012396175,1,0
0.0002845687,0,0
0.44246474,1,1
0.007849116,1,0
0.10598143,1,1
0.3444657,1,1
0.019392196,0,0
0.39924347,1,1
0.11729632,1,1
0.00023360153,0,0
0.36570945,1,1
0.0005098218,0,0
0.0003038416,0,0
0.27778503,1,1
0.15180066,1,1
0.14899543,1,1
0.009318895,1,0
0.0013571882,0,0
0.1704069,1,1
0.00036099047,0,0
0.17823376,1,1
0.0009521734,0,0
0.016945327,0,0
0.00033302122,0,0
0.16868053,1,1
0.00062259514,0,0
0.00026957746,0,0
0.0018657264,0,0
0.0013609602,1,0
0.0011817422,0,0
0.0006196794,0,0
0.00026333646,0,0
0.00039068688,0,0
0.93472755,1,1
0.02666291,1,0
0.49354696,1,1
0.00063684245,0,0
0.0408869,1,1
0.0018909574,0,0
0.00061879674,0,0
0.00037074112,0,0
0.00066483865,0,0
0.0002476639,0,0
0.24070963,1,1
0.0003365001,0,0
0.00035860247,0,0
0.094446965,1,1
0.00024803274,0,0
0.00023560024,0,0
0.00026654717,0,0
0.1628316,1,1
0.13999578,1,1
0.00041124935,0,0
0.0002169575,0,0
0.03214741,1,0
0.0007158324,0,0
0.9492481,1,1
0.0066723204,1,0
0.13489734,1,1
0.044693276,1,1
0.20175587,1,1
0.0031605996,0,0
0.307057,1,1
0.0023603858,0,0
0.00026671594,0,0
0.00666733,0,0
0.23229773,1,1
0.064769045,1,1
0.00023005846,0,0
0.0014054073,0,0
0.20407711,1,1
0.0064910194,1,0
0.00043173967,0,0
0.00038140177,0,0
0.0748116,1,1
0.00026322785,0,0
0.16980569,1,1
0.0067216596,0,0
0.00031845924,0,0
0.1552118,1,1
0.0066472474,1,0
0.8721441,1,1
0.24278118,1,1
0.13950552,1,1
0.001865685,0,0
0.00030018497,0,0
0.0012054797,0,0
0.0024915996,1,0
0.0012576602,1,0
0.10434804,1,1
0.032504477,0,0
0.00026422375,0,0
0.19488856,1,1
0.00030021614,0,0
0.011162117,0,0
0.1969034,1,1
0.23717187,1,1
0.21855396,1,1
0.90866226,1,1
0.3610784,1,1
0.3580534,1,1
0.037696227,0,0
0.4650981,1,1
0.2694927,1,1
0.0005952452,0,0
0.0002794785,0,0
0.3250303,1,1
0.005827431,1,0
0.993134,1,1
0.00036440563,0,0
0.15798217,1,1
0.0002487412,0,0
0.26869622,1,1
0.36189285,1,1
0.00091553904,0,0
0.00024301198,0,0
0.0030351172,0,0
0.00027991206,0,0
0.4992379,1,1
0.003866966,0,0
0.00027090585,0,0
0.00052871415,0,0
0.071727835,1,1
0.039311834,0,0
0.0013355496,1,0
0.15680878,1,1
0.0065717273,1,0
0.00070774526,0,0
0.17973493,0,1
0.13352796,1,1
0.05099284,1,1
0.12058164,1,1
0.00024537955,0,0
0.22613809,1,1
0.0018530083,0,0
0.11835183,1,1
0.00033218195,0,0
0.027645199,0,0
0.0008435868,0,0
0.046987854,1,1
0.008799107,0,0
0.0002537814,0,0
0.0016491987,0,0
0.22594374,1,1
0.30664578,1,1
0.01335222,1,0
0.23456815,1,1
0.23440787,1,1
0.116717756,1,1
0.26256302,1,1
0.06347487,1,1
0.000535143,0,0
0.055075668,1,1
0.08688235,0,1
0.0011092986,0,0
0.02349738,1,0
0.07273288,1,1
0.16116208,1,1
0.46212402,1,1
0.00025686764,0,0
0.022783129,1,0
0.22139749,1,1
0.0006830993,0,0
0.1486662,1,1
0.23408176,1,1
0.00059442007,0,0
0.19850408,1,1
0.00030140346,0,0
0.0066472515,1,0
0.042618904,1,1
0.033795685,1,0
0.00036059303,0,0
0.02945552,1,0
0.006738603,1,0
0.14270306,1,1
0.0067291,1,0
0.8151618,1,1
0.45466492,1,1
0.0046735266,0,0
0.07508768,1,1
0.0018072751,0,0
0.0011444446,0,0
0.03726728,0,0
0.15407169,1,1
0.0019483758,0,0
0.055524327,0,1
0.0007083814,0,0
0.0066774087,1,0
0.0017858522,0,0
0.3412407,1,1
0.03592988,0,0
0.00064738665,0,0
0.00037077055,0,0
0.00025098817,0,0
0.0066472655,1,0
0.00026923392,0,0
0.0003887176,0,0
0.19778433,1,1
0.9105955,1,1
0.01993551,1,0
0.20852664,1,1
0.2569385,1,1
0.0034967195,0,0
0.00028292768,0,0
0.33026662,1,1
0.0066862376,1,0
0.0003902477,0,0
0.00031290707,0,0
0.0073699965,0,0
0.007359663,1,0
0.25674847,1,1
9.781089,1,1
0.00076404924,0,0
0.26967862,1,1
0.18952763,1,1
0.00027504776,0,0
0.0096828,0,0
0.2719582,1,1
0.4376539,1,1
0.07934771,1,1
0.0006457948,0,0
0.303278,1,1
0.20508668,1,1
0.0067385873,1,0
0.12724426,1,1
0.019546047,0,0
0.006483802,1,0
0.0008962894,0,0
0.45023173,1,1
0.011908476,0,0
0.3303845,1,1
0.0015456984,0,0
0.00047305357,0,0
0.024553273,1,0
0.0021796655,0,0
0.0003356243,0,0
0.0036888046,0,0
0.041726857,1,1
0.001780259,0,0
0.49778417,1,1
0.27732462,1,1
0.0010329846,0,0
0.00033757955,0,0
0.49092627,1,1
0.0017622884,1,0
0.0003203611,0,0
0.00025120372,0,0
0.39859897,1,1
0.0022406732,0,0
0.031358737,1,0
0.00032716285,0,0
0.0003589237,0,0
0.047964107,1,1
0.38069183,1,1
0.00035784586,0,0
0.00033042388,0,0
0.16998315,1,1
0.197069,1,1
0.0025285105,1,0
0.12606025,1,1
0.001307775,0,0
0.15321647,1,1
0.1678601,1,1
0.37481657,1,1
0.0023476006,0,0
0.17012341,1,1
0.10391851,1,1
0.33765683,1,1
0.02494978,0,0
0.009356398,1,0
0.0006489289,0,0
0.22905529,1,1
0.35571885,1,1
0.2816273,1,1
0.00048701075,0,0
0.0030627567,0,0
0.00025154423,0,0
0.15754217,1,1
0.0064910674,1,0
0.00026834325,0,0
0.21762192,1,1
0.0005302391,0,0
0.16600877,1,1
0.0005199491,0,0
0.9103438,1,1
0.24535245,1,1
0.00029531893,0,0
0.40145725,1,1
0.94363767,1,1
0.0036326991,0,0
0.09104793,1,1
0.27844432,1,1
0.001687421,0,0
0.0067954683,1,0
0.895225,1,1
0.3025568,1,1
0.00026212062,0,0
0.03411948,1,0
0.17208093,1,1
0.14028019,1,1
0.0003360829,0,0
0.44120148,1,1
0.23758885,1,1
0.016514508,0,0
0.3570312,1,1
0.0018798653,0,0
0.0066490695,0,0
0.023477107,1,0
0.30189797,1,1
0.0004851869,0,0
0.18548623,1,1
0.1540802,1,1
0.09817353,1,1
0.38307345,1,1
0.22809866,1,1
0.00028899795,0,0
0.20690925,1,1
0.030388646,1,0
0.003921511,1,0
0.0012396201,1,0
0.009791629,0,0
0.44132522,1,1
0.21972547,1,1
0.15743719,1,1
0.016976181,1,0
0.42543936,1,1
0.7774409,1,1
0.000311151,0,0
0.015983218,1,0
0.00021661339,0,0
0.0017190786,1,0
0.22519214,1,1
0.0016586198,0,0
0.0005958568,0,0
0.0007730299,0,0
0.057452857,1,1
0.20438534,1,1
0.28252777,1,1
0.08942857,1,1
0.0002425547,0,0
0.0066123083,1,0
0.00028516902,0,0
0.96972877,1,1
0.0006851091,0,0
0.00024606992,0,0
0.31777704,1,1
0.0012202816,0,0
0.958379,1,1
0.20477055,1,1
0.015150265,1,0
0.16038643,1,1
0.2258134,1,1
0.058480687,1,1
0.19283605,1,1
0.00036000105,0,0
0.00027601415,0,0
0.36499622,1,1
0.0002343423,0,0
0.028807968,1,0
0.0070096175,1,0
0.0014058861,1,0
0.00048800244,0,0
0.0016839942,0,0
0.12365115,1,1
0.00025179397,0,0
0.09289432,1,1
0.01195906,1,0
0.0013763158,1,0
0.0009279964,0,0
0.16763115,1,1
0.0019377117,0,0
0.00885758,0,0
0.00040310953,0,0
0.2049818,1,1
0.00024737982,0,0
0.0066472185,0,0
0.22227967,1,1
0.09188786,1,1
0.13148946,1,1
0.024993144,1,0
0.00046636455,0,0
0.0017671952,0,0
0.00024937128,0,0
0.0010713465,0,0
0.05100244,1,1
0.0003306495,0,0
0.006491017,1,0
0.15683386,1,1
0.0002872127,0,0
0.00038290897,0,0
0.3235456,1,1
0.009267151,1,0
0.0003055408,0,0
0.21835127,1,1
0.038008213,1,0
0.15865475,1,1
0.49802035,1,1
0.16485423,1,1
0.08110335,1,1
0.00050375867,0,0
0.007136,1,0
0.16198103,1,1
0.38502032,1,1
0.006093963,0,0
0.0003874142,0,0
0.1612868,1,1
0.0002878302,0,0
0.0058981036,0,0
0.0013694807,1,0
0.357954,1,1
0.38198844,1,1
0.43771526,1,1
0.20713629,1,1
0.001599837,1,0
0.005603355,1,0
0.0005867608,0,0
0.0011542984,0,0
0.010397477,0,0
0.1426927,1,1
0.0003806467,0,0
0.0003979666,0,0
0.0019456974,0,0
0.00026031764,0,0
0.0016632446,1,0
0.00025954272,0,0
0.00030702565,0,0
0.00030230384,0,0
0.0015236234,0,0
0.4652958,1,1
0.00024328056,0,0
0.00060451153,0,0
0.02842506,1,0
0.43766353,1,1
0.19196281,1,1
0.21530882,1,1
0.14992568,1,1
0.00031149725,0,0
0.23000103,1,1
0.2753542,1,1
0.21749252,1,1
0.1313928,1,1
0.16525437,1,1
0.0022314722,0,0
0.28075784,1,1
0.00030678287,0,0
0.31681848,1,1
0.14936127,1,1
0.0074707903,0,0
0.034640886,0,0
0.37650657,1,1
0.007188415,0,0
0.0017258482,0,0
0.48356918,1,1
0.00021544241,0,0
0.0037266216,0,0
0.00034032366,0,0
0.007207716,1,0
0.9363664,1,1
0.00037264076,0,0
0.21196055,1,1
0.020010356,1,0
0.16091534,1,1
0.45756814,1,1
0.0034870934,0,0
0.0026108334,0,0
0.94420886,1,1
0.0006337266,0,0
0.006276193,1,0
0.16227862,1,1
0.0027007482,1,0
0.14387271,1,1
0.0008289386,0,0
0.0011073494,0,0
0.03847469,1,0
0.22902414,1,1
0.008726675,0,0
0.00041797975,0,0
0.0018664547,0,0
0.00025094958,0,0
0.00045436854,0,0
0.00042231262,0,0
0.00033808497,0,0
0.00025240876,0,0
0.00025915873,0,0
0.00074102293,0,0
0.15206654,1,1
0.16901705,1,1
0.11421481,1,1
0.13383879,1,1
0.24451709,1,1
0.24566688,1,1
0.00030003398,0,0
0.14719267,1,1
0.0002597738,0,0
0.16598277,1,1
0.0018350071,0,0
0.00027358654,0,0
0.006483773,1,0
0.00024216145,0,0
0.0017859103,0,0
0.020441806,1,0
0.15362743,1,1
0.00035766832,0,0
0.043408565,1,1
0.20991321,1,1
0.0029701402,0,0
0.16358903,0,1
0.000372524,0,0
0.27212837,1,1
0.30046815,1,1
0.11321721,1,1
0.037578873,1,0
0.07183503,0,1
0.0007069906,0,0
0.3469365,1,1
0.6724596,1,1
0.002120622,0,0
0.0008594797,0,0
0.17877772,1,1
0.12613882,1,1
0.14593385,1,1
0.22091168,1,1
0.006626042,1,0
0.00025985192,0,0
0.0075792978,1,0
0.00026916267,0,0
0.17603274,1,1
0.09493725,1,1
0.00025339864,0,0
0.006582821,0,0
0.0013583124,1,0
0.00035589805,0,0
0.15628202,1,1
0.47786754,1,1
0.31192994,1,1
0.009153538,1,0
0.24111591,1,1
0.9272524,1,1
0.34893382,1,1
0.00068214536,0,0
0.4136842,1,1
0.0066971197,0,0
0.00024358887,0,0
0.00033069044,0,0
0.3691115,1,1
0.0021043012,1,0
0.4282582,1,1
0.007635815,1,0
0.4123866,1,1
0.00035012324,0,0
0.0017849952,0,0
0.00035967756,0,0
0.00040201753,0,0
0.0003538485,0,0
0.00030587587,0,0
0.0027885868,1,0
0.17335555,1,1
0.1772455,1,1
0.030809972,1,0
0.006925287,1,0
0.22180015,1,1
0.1048737,1,1
0.021739047,1,0
0.22019316,1,1
0.2282896,1,1
0.03173866,1,0
0.4496928,1,1
1.0660738,1,1
0.00032482788,0,0
0.005800873,0,0
0.14205144,1,1
0.3561588,1,1
0.0010376088,0,0
0.14626007,1,1
0.00034295185,0,0
0.176294,1,1
0.23574285,1,1
0.0002419018,0,0
0.0053467755,1,0
0.0018145726,0,0
0.024622995,1,0
0.20301607,1,1
0.5866638,1,1
0.1267969,1,1
0.038701285,1,0
0.006578468,0,0
0.27370146,1,1
0.00027367304,0,0
0.0003914193,0,0
0.0030142704,0,0
0.022346664,1,0
0.2149042,1,1
0.000872785,0,0
0.0010580164,0,0
0.3750486,1,1
0.00034305983,0,0
0.36297494,1,1
0.00031850307,0,0
0.00046999444,0,0
0.05836402,1,1
0.37868443,1,1
0.00022448,0,0
0.16847,1,1
0.9165994,1,1
0.00817355,0,0
0.15646665,1,1
0.061741423,1,1
0.23257153,1,1
0.0002396561,0,0
0.00032817936,0,0
0.2962606,1,1
0.25939542,1,1
0.2731836,1,1
0.0011906882,0,0
0.001330291,1,0
0.010017768,1,0
0.00025951143,0,0
0.015653064,0,0
0.011198459,1,0
0.0004967065,0,0
0.3821168,1,1
0.3380581,1,1
0.0005941605,0,0
0.006453475,1,0
0.29908344,1,1
0.014054115,1,0
0.013880032,0,0
0.016054723,1,0
0.0003287161,0,0
0.20029776,1,1
0.23126933,1,1
3.7661943,0,1
0.009434711,0,0
0.00028164388,0,0
0.00050178013,0,0
0.16666867,1,1
0.22909284,1,1
0.066743225,1,1
0.11042696,1,1
0.38066748,1,1
0.1728042,1,1
0.0064203762,1,0
0.0013839845,0,0
0.09787848,1,1
0.37661773,1,1
0.00034158694,0,0
0.00027488472,0,0
0.0002495967,0,0
0.0387364,0,0
0.001432152,1,0
0.01051663,1,0
0.01776977,1,0
0.24797556,1,1
0.00041018205,0,0
0.1634482,1,1
0.29622045,1,1
0.0018503568,0,0
0.0002838981,0,0
0.37041298,1,1
0.00049819745,0,0
0.38983408,1,1
0.00054049754,0,0
0.0002796562,0,0
0.06038382,1,1
0.0066229263,0,0
0.0002426138,0,0
0.015788343,1,0
0.14066312,1,1
0.025728958,1,0
0.0063759596,0,0
0.16678873,1,1
0.23636581,1,1
0.006335761,1,0
0.33918947,1,1
0.00179309,0,0
0.007717178,0,0
0.03718755,1,0
0.035010815,0,0
0.10317528,1,1
0.0009152543,0,0
0.90174556,1,1
0.025429865,1,0
0.00027172943,0,0
0.19540654,1,1
0.00022588974,0,0
0.00030803116,0,0
0.26245484,1,1
0.22082461,1,1
0.12319407,1,1
0.12607837,1,1
0.21522683,1,1
0.014644463,0,0
0.37746942,1,1
0.05198406,1,1
0.00062634697,0,0
0.001976294,0,0
0.0002883288,0,0
0.00030492715,0,0
0.40748897,1,1
0.0017589392,0,0
0.07225026,1,1
0.0020508352,0,0
0.19929323,1,1
0.43895522,1,1
0.00026859515,0,0
0.11294642,1,1
0.21654974,1,1
0.00032401917,0,0
0.024508791,1,0
0.0003040356,0,0
0.0008568331,0,0
0.0021993357,0,0
0.1761423,1,1
0.49750057,1,1
0.00643675,0,0
0.17486636,1,1
0.00030680856,0,0
0.00025400767,0,0
0.25293654,1,1
0.032558713,0,0
0.00046368322,0,0
0.0006606171,0,0
0.0003856692,0,0
0.031245667,1,0
0.00031767087,0,0
0.00032206133,0,0
0.0005628523,0,0
0.00029525065,0,0
0.010902416,0,0
0.42955375,1,1
0.0005280195,0,0
0.4621679,1,1
0.15105484,1,1
0.00022882341,0,0
0.0033618116,0,0
0.21051665,1,1
0.00058816146,0,0
0.20660737,1,1
0.00085110206,0,0
0.25497645,1,1
0.0002370493,0,0
0.2121223,1,1
0.25742495,1,1
0.17893939,1,1
0.003714152,0,0
0.00029896348,0,0
0.00028179126,0,0
0.11014458,1,1
0.036812488,1,0
0.00127788,0,0
0.011213418,0,0
0.0002562457,0,0
0.0003070224,0,0
0.0009015457,0,0
0.11369284,1,1
0.0009820219,0,0
0.037220445,1,0
0.00087891455,0,0
0.00028505136,0,0
0.23216029,1,1
0.2407293,1,1
0.0005793683,0,0
0.0010324509,0,0
0.019675586,1,0
0.0017077958,0,0
0.0038063654,0,0
0.22689968,1,1
0.36596292,1,1
0.14874668,1,1
0.37964812,1,1
0.0014653611,1,0
0.13447255,1,1
0.0038246599,0,0
0.0018332346,0,0
0.00046092618,0,0
0.00039533898,0,0
0.0005365179,0,0
0.26274195,1,1
0.16069986,1,1
0.21873051,1,1
0.15316088,1,1
0.00024039739,0,0
0.26758358,1,1
0.00657386,1,0
0.22335076,1,1
0.0007303628,0,0
0.015280513,1,0
0.002407606,0,0
0.0010553339,0,0
0.0002782828,0,0
0.00053404924,0,0
0.2815479,1,1
0.26395935,1,1
0.00027481822,0,0
0.02989658,1,0
0.19466618,1,1
0.00030730522,0,0
0.0018400731,0,0
0.0004339334,0,0
0.24468406,1,1
0.23555821,1,1
0.15896298,1,1
0.18141393,1,1
0.31117785,1,1
0.24490099,1,1
0.25843036,0,1
0.0067428583,1,0
0.0010106162,0,0
0.2441549,1,1
0.3690816,1,1
0.19665132,1,1
0.001534285,0,0
0.0038488132,1,0
0.30115253,1,1
0.0081313895,1,0
0.00034654333,0,0
0.0005695827,0,0
0.0064837933,1,0
0.0004203603,0,0
0.22967622,1,1
0.000377272,0,0
0.0002832529,0,0
0.00025284692,0,0
0.18828718,1,1
0.0002892309,0,0
0.9471185,1,1
0.0058948835,1,0
0.22931464,1,1
0.43749148,1,1
0.2061799,1,1
0.0011187246,1,0
0.06319463,1,1
0.024974516,1,0
0.0015216237,0,0
0.0005171037,0,0
0.0065931496,0,0
0.22978294,1,1
0.036501314,1,0
0.27559647,1,1
0.07747689,1,1
0.0002433824,0,0
0.00053485925,0,0
0.05883753,1,1
0.00044048287,0,0
0.16605982,1,1
0.2882081,1,1
0.00038885835,0,0
0.15796538,1,1
0.0003420248,0,0
0.10665686,1,1
0.0028523079,0,0
0.16672353,1,1
0.26770535,1,1
0.00032604331,0,0
0.38366377,1,1
0.03898616,0,0
0.86404204,1,1
0.12501973,1,1
0.21311101,1,1
0.21248887,1,1
0.5820716,1,1
0.00046355417,0,0
0.98608154,1,1
0.08712836,1,1
0.00024365325,0,0
0.43275765,1,1
0.00046134953,0,0
0.040220086,1,0
0.47296026,1,1
0.00027493507,0,0
0.017940512,1,0
0.23699217,1,1
0.1472452,1,1
0.0043825344,0,0
2.6950068,1,1
0.0013867234,1,0
0.17740075,1,1
0.0052680075,1,0
0.0018840297,1,0
0.00023817943,0,0
0.14150552,1,1
0.14354378,1,1
0.00023359258,0,0
0.00037993505,0,0
0.2819207,1,1
0.002755659,0,0
0.0002238448,0,0
0.00024946785,0,0
0.44617754,1,1
0.43201092,1,1
0.0005279673,0,0
0.3666568,1,1
0.12799515,1,1
0.00030973973,0,0
0.4620119,1,1
0.0066472436,1,0
0.00049957004,0,0
0.2059957,1,1
0.0003147208,0,0
0.003946335,0,0
0.0019273789,0,0
0.35918406,1,1
0.038389213,1,0
0.00029846805,0,0
0.1501803,1,1
0.21726765,1,1
0.47780335,1,1
0.05688666,1,1
0.26109952,1,1
0.18840106,1,1
0.12743185,1,1
0.0002704825,0,0
0.002493362,1,0
0.0073386054,1,0
0.15280022,1,1
0.0012966575,0,0
0.00033403796,0,0
0.00025393217,0,0
0.008371269,1,0
0.00024274562,0,0
0.022462662,1,0
0.35440043,1,1
3.6580386,0,1
0.0002673846,0,0
0.00048489074,0,0
0.2139052,1,1
0.0023161487,0,0
0.52835584,0,1
0.37022278,1,1
0.45886278,1,1
0.00049194024,0,0
0.00027344053,0,0
0.0018176683,1,0
0.22549632,1,1
0.010509888,0,0
0.00027469159,0,0
0.00047443598,0,0
0.10214343,1,1
0.28514317,1,1
0.5380062,1,1
0.00025619628,0,0
0.00024601904,0,0
0.27794164,1,1
0.0002804225,0,0
0.006659553,1,0
0.00024383342,0,0
0.009854425,1,0
0.00055294245,0,0
0.0035167017,0,0
0.0017065742,0,0
0.0026966056,0,0
0.24059384,1,1
0.00023916434,0,0
0.23041622,1,1
0.0056573623,1,0
0.10219031,1,1
0.0014801425,1,0
0.06268798,1,1
0.0064108633,1,0
0.0064910105,1,0
0.0037315972,0,0
0.18227054,1,1
0.37842786,1,1
0.25835547,1,1
0.00024360954,0,0
0.00042898825,0,0
0.00044874914,0,0
0.099436775,1,1
0.010495323,0,0
0.120667145,1,1
0.16507998,1,1
0.43239394,1,1
0.0005723839,0,0
0.012083952,0,0
0.21070684,1,1
0.26289698,1,1
0.15147078,1,1
0.11873715,1,1
0.3287014,1,1
0.023486866,1,0
0.48386538,1,1
0.00032794007,0,0
0.00026691006,0,0
0.010574601,0,0
0.9421068,1,1
0.00058593013,0,0
0.0004980656,0,0
0.0009479702,0,0
0.005844843,1,0
0.033914845,0,0
0.052538052,1,1
0.24675795,1,1
0.001875214,0,0
0.13301915,1,1
0.024430886,1,0
0.0017110896,0,0
0.008145691,1,0
0.0005775409,0,0
0.38584402,1,1
0.00047945423,0,0
0.00039141325,0,0
0.0035835998,0,0
0.34301287,1,1
0.39784646,1,1
0.04514418,1,1
0.22102253,1,1
0.0003378353,0,0
0.37507814,0,1
0.00043621668,0,0
0.00028449547,0,0
0.00033354826,0,0
0.0013618133,0,0
0.38883224,1,1
0.037696145,0,0
0.0064331465,1,0
0.00026328574,0,0
0.0003263496,0,0
0.0063062077,0,0
0.13947569,1,1
0.019960744,1,0
0.36394078,1,1
0.001421185,0,0
0.13981879,1,1
0.16241321,1,1
0.43761694,1,1
0.00048269212,0,0
0.33458832,1,1
0.17012651,1,1
0.15922254,1,1
0.00024597277,0,0
0.17905135,1,1
0.037307024,0,0
0.20871797,1,1
0.034640886,0,0
0.24974544,1,1
0.001051613,0,0
0.07132396,1,1
0.36611524,1,1
0.154468,1,1
0.36209077,1,1
0.95204216,1,1
0.00027282693,0,0
0.00033467682,0,0
0.00021799504,0,0
0.006526772,1,0
0.0005635221,0,0
0.0032630765,0,0
0.00074895873,0,0
0.007778974,0,0
0.16292672,1,1
0.00025687978,0,0
0.26338843,1,1
0.0073363134,1,0
0.04063342,1,0
0.00111624,1,0
0.1389794,1,1
1.0082734,1,1
0.19000547,1,1
0.00043054306,0,0
0.009171834,0,0
0.0012726189,1,0
0.009348179,0,0
0.0003109313,0,0
0.0016387898,0,0
0.015910544,0,0
0.00024936878,0,0
0.04081834,0,0
0.00029493595,0,0
0.00663714,1,0
0.00071982323,0,0
0.111724146,1,1
0.00026091174,0,0
0.0065399697,1,0
0.3636513,1,1
0.00023816453,0,0
0.007890136,0,0
0.00021820312,0,0
0.17340456,1,1
0.0024221882,0,0
0.00038298382,0,0
0.0015482277,0,0
0.23247267,1,1
0.14889024,1,1
0.008127118,1,0
0.18717194,1,1
0.0011097031,0,0
0.000582852,0,0
0.008545498,1,0
0.0058231056,0,0
0.00026680887,0,0
0.0007260125,0,0
0.0013572435,1,0
0.24221067,1,1
0.32365355,1,1
0.0004763143,0,0
0.46028668,1,1
0.00025398072,0,0
0.005947885,1,0
0.18224698,1,1
0.00030119222,0,0
0.15489952,1,1
0.00025675356,0,0
0.0018120253,0,0
0.038191207,0,0
0.19898596,1,1
0.019316051,1,0
0.0019846442,0,0
0.00023245902,0,0
0.067164436,1,1
0.013441627,1,0
0.15593566,1,1
0.00027302626,0,0
0.0011111783,0,0
0.14479493,1,1
0.013804617,1,0
0.15025783,1,1
0.025212158,1,0
0.0071416046,0,0
0.3759363,1,1
0.0056092404,1,0
0.32156113,1,1
0.00054692605,0,0
0.011183405,1,0
0.00047529975,0,0
0.096177,0,1
0.0128394365,1,0
0.0016505844,0,0
0.026492773,1,0
0.23429962,1,1
0.0022887115,0,0
0.20514807,1,1
0.19368047,1,1
0.014691636,1,0
0.0060799234,0,0
0.24133024,1,1
0.04127387,1,1
0.21445079,1,1
0.087434314,1,1
0.00034870405,0,0
0.00024623607,0,0
0.0003469613,0,0
0.006532683,1,0
0.37915415,1,1
0.15472768,1,1
0.19194242,1,1
0.0040947483,0,0
0.19061773,1,1
0.0003891321,0,0
0.20119216,1,1
0.0015952282,0,0
0.25657332,1,1
0.038679585,0,0
0.038707707,0,0
0.011392483,1,0
0.0008025275,0,0
0.383583,1,1
0.00042428257,0,0
0.038380615,0,0
0.0019918743,0,0
0.35732087,1,1
0.05126922,1,1
0.0003411509,0,0
0.0064537176,1,0
0.1546647,1,1
0.0010805329,0,0
0.06445688,1,1
0.0003162763,0,0
0.0009146133,0,0
0.017836714,1,0
0.00042121462,0,0
0.252326,1,1
0.00090762845,0,0
0.0973267,1,1
0.00023414806,0,0
0.70831203,1,1
0.25027505,1,1
0.17144364,1,1
0.18334301,1,1
0.00045196444,0,0
0.2997401,1,1
0.17648996,1,1
0.1623932,1,1
0.29896587,1,1
0.38776577,1,1
0.016929885,0,0
0.00566571,1,0
0.0128914425,1,0
0.057327457,1,1
0.0005088772,0,0
0.00060967327,0,0
0.0017018131,0,0
0.24763812,1,1
0.27849212,1,1
0.00022060348,0,0
0.0013491133,1,0
0.22595079,1,1
0.272184,1,1
0.0065025743,1,0
0.21374474,1,1
0.00034395672,0,0
0.22925045,1,1
0.00032265653,0,0
0.013162972,1,0
0.38710052,1,1
0.22708689,1,1
0.00029752482,0,0
0.001041688,0,0
0.4401721,1,1
0.36431634,1,1
0.16678411,1,1
0.3017566,1,1
0.00023776657,0,0
0.46398917,1,1
1.1260339,1,1
0.0017260802,0,0
0.03657715,0,0
0.24157198,1,1
0.00028327527,0,0
0.17150944,1,1
0.00021713949,0,0
0.025484158,1,0
0.0033253692,0,0
0.0004580696,0,0
0.00035212343,0,0
0.00034606675,0,0
0.02993639,1,0
0.026306268,0,0
0.4255211,1,1
0.03197885,1,0
0.26863816,1,1
0.063831925,1,1
0.006040339,1,0
0.00037807625,0,0
0.0002836923,0,0
0.00032378704,0,0
0.3865784,1,1
0.006697138,1,0
0.0030629206,0,0
0.00023423386,0,0
0.0052598775,1,0
0.00062062906,0,0
0.006141528,1,0
0.4120983,1,1
0.009066978,1,0
0.00065869937,0,0
0.00023037234,0,0
0.0002597803,0,0
0.91758895,1,1
0.27474704,1,1
0.0003916415,0,0
0.00034667578,0,0
0.025221845,1,0
0.00036801767,0,0
0.025253689,0,0
0.016545624,1,0
0.0018801135,0,0
0.011148269,1,0
0.00030730313,0,0
0.24532348,1,1
0.0004995617,0,0
0.00042326294,0,0
0.37535354,1,1
0.00310265,1,0
0.024428923,1,0
0.06954251,1,1
0.05625763,1,1
0.14729963,1,1
0.0002553588,0,0
0.0064534647,1,0
0.0026362848,0,0
0.0043688505,1,0
0.31971282,1,1
0.0003220486,0,0
0.25253537,1,1
0.14838797,1,1
0.0016542168,0,0
0.0003067897,0,0
0.0008836145,0,0
0.005478513,1,0
0.26381814,1,1
0.00035630283,0,0
0.50292194,1,1
0.00025403773,0,0
0.00026369552,0,0
0.07563576,1,1
0.0005302374,0,0
0.19952242,1,1
0.0007030226,0,0
0.00025156303,0,0
0.01241599,1,0
0.0039786114,0,0
0.001353069,0,0
0.044480767,1,1
0.00026841986,0,0
0.02373096,1,0
0.2576612,1,1
0.00024389912,0,0
0.0066723474,1,0
0.00033669884,0,0
0.25912607,1,1
0.020838669,0,0
0.2170734,1,1
0.0064910264,0,0
0.007865787,0,0
0.0002767349,0,0
0.00645344,1,0
0.00036303478,0,0
0.3878781,1,1
0.006578496,1,0
0.79379255,1,1
0.20453456,1,1
0.0054113823,1,0
0.0003175351,0,0
0.0012384469,1,0
0.000266727,0,0
0.0036960535,0,0
0.10213591,1,1
0.0005081218,0,0
0.00040453463,0,0
0.00038328077,0,0
0.89737755,1,1
0.00036492184,0,0
0.0007401052,0,0
0.22187187,1,1
0.00023986975,0,0
0.29892144,1,1
0.039965678,1,0
0.0002449637,0,0
0.0066673514,0,0
0.21849409,1,1
0.01098284,1,0
0.37178305,1,1
0.0005026958,0,0
0.0018299131,0,0
0.10431578,1,1
0.0010816591,0,0
0.00023813047,0,0
0.16116855,1,1
0.0016761635,0,0
0.6967977,1,1
0.34226617,1,1
0.007253489,1,0
0.0006300034,0,0
0.09432987,1,1
0.27258655,1,1
0.00035853323,0,0
0.0038326771,0,0
0.0018450803,0,0
0.12686235,1,1
0.17095983,1,1
0.20188753,1,1
0.95009714,1,1
0.0035605917,0,0
0.007559628,1,0
0.03702654,0,0
0.00025397007,0,0
0.00409709,0,0
0.025247423,1,0
0.23842433,1,1
0.000650216,0,0
0.0065399734,1,0
0.37160546,1,1
0.00030333057,0,0
0.37607712,1,1
0.001786904,0,0
0.16583288,1,1
0.00028459774,0,0
0.0032132545,0,0
0.05215746,0,1
0.03195694,1,0
0.1577634,1,1
0.24457715,1,1
0.24079484,1,1
0.47334507,1,1
0.37644798,1,1
0.011239203,0,0
0.2349977,1,1
0.24908982,1,1
0.0069433623,0,0
0.003071976,0,0
0.9355545,1,1
0.0013857076,1,0
0.041903835,1,1
0.07748463,1,1
0.032152522,0,0
0.47059616,1,1
0.006495853,1,0
0.3531022,1,1
0.042670578,1,1
0.053125132,1,1
0.0066774166,0,0
0.0016976653,0,0
0.035356477,1,0
0.00030729861,0,0
0.0002212588,0,0
0.0041107717,0,0
0.0053013526,1,0
0.00032331346,0,0
0.009660778,1,0
0.22986649,1,1
0.0004178208,0,0
0.27818277,1,1
0.34422788,1,1
0.28145126,1,1
0.23366281,1,1
0.006121426,1,0
0.23122165,1,1
0.006597366,1,0
0.07909708,1,1
0.039311856,0,0
0.028475005,1,0
0.00030730347,0,0
0.18044469,1,1
0.00078417524,0,0
0.19961864,1,1
0.18745467,1,1
0.18046647,1,1
0.0009942194,0,0
3.6497061,0,1
0.46250924,1,1
0.0015790194,0,0
0.0005600272,0,0
0.027933208,1,0
0.0032744608,0,0
0.0005919119,0,0
0.79165584,1,1
0.041231453,1,1
0.0012378935,0,0
0.03620214,1,0
0.1931033,1,1
0.16762741,1,1
0.4816538,1,1
0.15095507,1,1
0.1478024,1,1
0.00022844544,0,0
0.19936007,1,1
0.081947915,1,1
0.19001438,1,1
0.11662238,1,1
0.00026027992,0,0
0.0012710472,1,0
0.25458646,1,1
0.26681775,1,1
0.00034579952,0,0
0.03460283,1,0
0.00036242546,0,0
0.0010297821,0,0
0.00022092072,0,0
0.00039054634,0,0
0.09696621,1,1
0.4097116,1,1
0.46255443,1,1
0.0443842,1,1
0.13233596,1,1
0.3678046,1,1
0.402569,1,1
0.00054667995,0,0
0.09767655,1,1
0.07661304,1,1
0.0012730762,0,0
0.0019094682,1,0
0.18134272,1,1
0.120199986,1,1
0.22093777,1,1
0.11748913,1,1
0.006573883,1,0
0.0051893233,0,0
0.38162747,1,1
0.00021902221,0,0
0.2771338,1,1
0.0016350127,0,0
0.27121893,0,1
0.00021764936,0,0
0.3951421,1,1
0.00023653322,0,0
0.08833162,1,1
0.0009870064,0,0
0.02290428,1,0
0.28875393,1,1
0.013543587,1,0
0.21239704,1,1
0.006601493,1,0
0.00028109038,0,0
0.009173101,1,0
0.43743086,1,1
0.20242769,1,1
0.00027516473,0,0
0.0005435931,0,0
0.00038588146,0,0
0.053044535,1,1
0.35742107,1,1
0.23070057,1,1
0.45407036,1,1
0.23272812,1,1
0.24324387,1,1
0.03873547,0,0
0.21818492,1,1
0.052791603,1,1
0.2947284,1,1
0.035929836,0,0
0.0012960121,0,0
0.26356256,1,1
0.14422941,1,1
0.00057315733,0,0
0.00035564182,0,0
0.00032718948,0,0
25.803669,1,1
0.010326036,0,0
0.0016241627,0,0
0.008504025,0,0
0.1270692,1,1
0.00025864784,0,0
0.012189234,1,0
0.001426793,1,0
0.4275117,1,1
0.00558406,1,0
0.0065269195,1,0
0.26826447,1,1
0.00037117096,0,0
0.16339384,1,1
0.4474013,1,1
0.22010037,1,1
0.00022504338,0,0
0.00037736626,0,0
0.2362433,1,1
0.010551068,1,0
0.10798531,1,1
0.0055254204,0,0
0.0014169776,1,0
0.05801652,1,1
0.005997338,0,0
0.0030392185,0,0
0.00027514264,0,0
0.18959266,1,1
0.18240587,1,1
0.0005238657,0,0
0.0014850947,0,0
0.00062572845,0,0
0.006017537,1,0
0.019011147,0,0
0.0004054828,0,0
0.0699117,1,1
0.2467026,1,1
0.284263,1,1
0.000289313,0,0
0.22979745,1,1
0.00069063675,0,0
0.0016809026,1,0
0.00035230792,0,0
0.00029539166,0,0
0.22359082,1,1
0.027403127,1,0
0.0022297509,1,0
0.12308482,1,1
0.1919926,1,1
0.0003422103,0,0
0.04098331,1,1
0.00028470403,0,0
0.00033649695,0,0
0.14222322,1,1
0.35584062,1,1
0.0010660057,0,0
0.43649864,1,1
0.00081207213,0,0
0.050731048,1,1
0.00022188181,0,0
0.25241515,1,1
0.00024386577,0,0
0.010052219,1,0
0.5409913,1,1
0.0016815847,0,0
0.0064581675,1,0
0.07624222,1,1
0.0030912205,0,0
0.02286261,1,0
0.005565621,1,0
0.4103279,1,1
0.00025867324,0,0
0.16247751,1,1
0.0065054996,1,0
0.28008074,1,1
0.0023016208,0,0
0.013398162,0,0
0.0025684861,0,0
0.00057382364,0,0
0.054575652,1,1
0.0002796424,0,0
0.03915423,1,0
0.37467542,1,1
0.1632234,1,1
0.00039280986,0,0
0.006438411,0,0
0.24369924,1,1
0.00028226085,0,0
0.35938755,1,1
0.05090975,1,1
0.0002975356,0,0
0.4383771,1,1
0.0065054996,1,0
0.4153681,1,1
0.26020586,1,1
0.00055211503,0,0
0.014727031,1,0
0.00027922867,0,0
0.00024298808,0,0
0.15476894,1,1
0.0002750742,0,0
0.004006425,0,0
0.00024941165,0,0
0.21325293,1,1
0.0063271313,1,0
0.13978219,1,1
0.00024912262,0,0
0.00057220756,0,0
0.25140053,1,1
0.370802,1,1
0.15680887,1,1
0.0003660682,0,0
0.069610655,1,1
0.008045204,0,0
0.037307024,0,0
0.011944812,0,0
0.0005418799,0,0
0.23355852,1,1
0.00074360176,0,0
0.17530029,1,1
0.04738206,1,1
0.26923892,1,1
0.00028609933,0,0
0.260151,1,1
0.00027104575,0,0
0.01077562,1,0
0.102135964,1,1
0.20920616,1,1
0.0004943144,0,0
0.00023347625,0,0
0.030939868,1,0
0.2337812,1,1
0.001397001,1,0
0.1122084,1,1
0.00091693713,0,0
0.1345904,1,1
0.07874325,1,1
0.00046187884,0,0
0.0014532665,1,0
0.00036516035,0,0
0.008775431,0,0
0.00029749697,0,0
0.15651214,1,1
0.93855697,1,1
0.0066633895,0,0
0.4144297,1,1
0.022593392,0,0
0.0013351444,1,0
0.25490272,1,1
0.0002598165,0,0
0.31619662,1,1
0.0037433726,0,0
0.00031612592,0,0
0.44917968,1,1
0.24969673,1,1
0.38988012,1,1
0.24361703,1,1
0.006135219,0,0
0.11975284,1,1
0.0002846468,0,0
0.00047527754,0,0
0.15257835,1,1
0.011904961,0,0
0.0027898054,1,0
0.31185183,1,1
0.005677925,0,0
0.2650514,1,1
0.21959487,1,1
0.43742844,1,1
0.24138144,1,1
0.25395155,1,1
0.037522115,1,0
0.0002490441,0,0
0.16495477,1,1
0.0002144052,0,0
0.00029487963,0,0
0.004111544,0,0
0.29989332,1,1
0.81621933,1,1
0.0018068514,0,0
0.00059177773,0,0
0.0004906858,0,0
0.27754632,1,1
0.02178954,1,0
0.16344833,1,1
0.0016361262,0,0
0.0037519953,0,0
0.00027551752,0,0
0.4387634,1,1
0.23407833,1,1
0.41200632,1,1
0.39097604,1,1
0.00024455073,0,0
0.008682465,0,0
0.00025104146,0,0
0.00025132875,0,0
0.12288432,1,1
0.10768845,1,1
0.46412748,1,1
0.3858141,1,1
0.45687363,1,1
0.0038826976,1,0
0.15394016,1,1
0.00025007196,0,0
0.00021238378,0,0
0.16956905,1,1
0.8323698,1,1
0.0004961739,0,0
0.0064281467,1,0
0.11023967,1,1
0.00024686314,0,0
0.024078194,0,0
0.0015529307,0,0
0.30120388,1,1
0.05048417,1,1
0.21881697,1,1
0.01115343,1,0
0.007212486,1,0
0.0010371541,0,0
0.00025397202,0,0
0.44688207,1,1
0.27105758,1,1
0.00026279732,0,0
0.00464709,0,0
0.91228604,1,1
0.03931184,0,0
0.000685518,0,0
0.15746284,1,1
0.0014330312,1,0
0.19845901,1,1
0.22969943,1,1
0.00036405033,0,0
0.07562043,1,1
0.28080904,1,1
0.21014786,1,1
0.00024609375,0,0
0.0016280153,0,0
0.00072087516,0,0
0.3842398,1,1
0.15712844,1,1
0.0070216088,0,0
0.04028145,1,0
0.0011615357,1,0
0.00032969704,0,0
0.0004103583,0,0
0.30232918,1,1
0.23765348,1,1
0.036756694,1,0
0.036349114,1,0
0.0018657073,0,0
0.0016600479,0,0
0.00024333925,0,0
0.001437936,0,0
0.008249389,0,0
0.0013441071,1,0
0.006615965,0,0
0.0002751489,0,0
0.00031067038,0,0
0.00022058735,0,0
0.00030044443,0,0
0.044253256,1,1
3.7431695,1,1
0.0058606258,0,0
0.33132473,1,1
0.0003492162,0,0
0.0016622485,0,0
0.17330702,1,1
0.000254301,0,0
0.0017190345,0,0
0.0002516772,0,0
0.20816503,1,1
0.00044121838,0,0
0.950214,1,1
0.025816383,1,0
0.0018037732,0,0
0.029122416,1,0
0.14576593,1,1
0.00029389377,0,0
0.029018942,1,0
0.38249105,1,1
0.0002248271,0,0
0.008222325,0,0
0.20242064,1,1
0.081673615,1,1
0.93185306,1,1
0.25547975,1,1
0.22355068,1,1
0.16461393,1,1
0.006483791,1,0
0.36888933,1,1
0.00027524744,0,0
0.00035056946,0,0
0.23321414,1,1
0.11298727,1,1
0.00024050524,0,0
0.14667757,1,1
1.2000755,1,1
0.16241309,1,1
0.46187294,1,1
0.00026453662,0,0
0.00029114686,0,0
0.0002597909,0,0
0.00029572134,0,0
0.00037379868,0,0
0.001439536,0,0
0.0004048528,0,0
0.00081753405,0,0
0.12588477,1,1
0.47373036,1,1
0.02064042,1,0
0.39713594,1,1
0.0015554468,0,0
0.006729073,0,0
0.034975167,1,0
0.002512823,0,0
0.00642036,1,0
0.27921596,1,1
0.04797385,1,1
0.00045958767,0,0
0.17226318,1,1
0.37253544,1,1
0.053044528,1,1
0.15598351,1,1
0.00082282093,0,0
0.10025663,1,1
0.0021899564,0,0
0.00039570642,0,0
0.019265972,0,0
0.27679598,1,1
0.026097784,1,0
0.16755727,1,1
0.27660236,1,1
0.00028362044,0,0
0.00029586328,0,0
0.037136972,0,0
0.001457146,1,0
0.25550434,1,1
0.011841014,1,0
0.08091745,0,1
0.43582517,1,1
0.19072242,1,1
0.30446136,1,1
0.0004278692,0,0
0.00034963005,0,0
0.0002889193,0,0
0.46018827,1,1
0.14426251,1,1
0.21822418,1,1
0.0019649563,0,0
0.818069,1,1
0.0012043013,0,0
0.35342264,1,1
0.00025761552,0,0
0.23293714,1,1
0.43626198,1,1
0.39689496,1,1
0.39498645,1,1
0.6509485,1,1
0.17433847,1,1
0.0015831221,0,0
0.033161543,1,0
0.00030008968,0,0
83.41804,1,1
0.0056275898,1,0
0.007508842,0,0
0.78732944,1,1
0.26560366,1,1
0.25888315,1,1
0.0004997355,0,0
0.33067453,1,1
0.0002443927,0,0
0.14255421,1,1
0.3755716,1,1
0.30831793,1,1
0.1537935,1,1
0.00027130224,0,0
0.000537554,0,0
0.44176078,1,1
0.07684595,1,1
0.00024602056,0,0
0.00032017508,0,0
0.17092119,1,1
0.2688794,1,1
0.010318775,0,0
0.2271151,1,1
0.001698869,0,0
0.024157621,1,0
0.0017246504,0,0
0.030846441,1,0
0.0003061375,0,0
0.00037749644,0,0
0.0064584473,1,0
0.0038838477,1,0
0.46783707,1,1
0.015710894,0,0
0.00039871078,0,0
0.00033986606,0,0
0.2997454,1,1
0.44118077,1,1
0.0031479197,0,0
0.17918096,1,1
0.0057660695,0,0
0.0010552006,0,0
0.0012576615,1,0
0.00072802714,0,0
0.028667843,1,0
0.96126825,1,1
0.017103933,1,0
0.008782999,0,0
0.00649588,1,0
0.098735355,1,1
0.4578985,1,1
0.03769621,0,0
0.012500221,1,0
0.007238013,1,0
0.15095474,1,1
0.036135137,0,0
0.16441047,1,1
0.32611614,1,1
0.066908926,0,1
0.15494142,1,1
0.19123574,1,1
0.00025143274,0,0
0.031648234,0,0
0.0016928266,0,0
0.00032847337,0,0
0.9208127,1,1
0.0002795538,0,0
0.037267286,0,0
0.025212334,1,0
0.28579316,1,1
0.0031108959,1,0
0.17197883,1,1
0.00048695333,0,0
0.0002475815,0,0
0.026786655,1,0
0.0010284189,0,0
0.00051498035,0,0
0.17634271,1,1
0.0003065989,0,0
0.00036656842,0,0
0.0014870894,0,0
0.3992779,1,1
0.0005352008,0,0
0.8497415,1,1
0.1816329,1,1
0.23829535,1,1
0.6452891,1,1
0.25948465,1,1
0.38237628,1,1
0.007624858,1,0
0.26797673,1,1
0.0016398077,0,0
0.024564039,1,0
0.38142443,1,1
0.0004824505,0,0
0.10382592,1,1
0.011824943,1,0
0.00024333523,0,0
0.0003318048,0,0
0.017511774,1,0
0.03993653,1,0
0.15128367,1,1
0.00033266106,0,0
0.09808481,1,1
0.20788758,1,1
0.0004563188,0,0
0.025266752,1,0
0.46241444,1,1
0.07924607,1,1
0.0003082448,0,0
0.29277667,1,1
0.14971712,1,1
0.17608613,1,1
0.88979554,1,1
0.13361438,1,1
0.0065907333,0,0
0.0009704302,0,0
0.0005719688,0,0
0.40747353,1,1
0.008663716,1,0
0.2092716,1,1
0.39905703,1,1
0.0011548614,0,0
5.6163974,1,1
0.024874859,1,0
0.0003072629,0,0
0.032814033,0,0
0.28177986,1,1
0.0004965414,0,0
0.022839602,1,0
0.021502333,1,0
0.06267418,1,1
0.15765822,0,1
0.035325862,1,0
0.009372402,1,0
0.19043103,1,1
0.24496162,1,1
0.0025110862,1,0
0.0079601845,1,0
0.33916694,1,1
0.024465691,1,0
0.23918226,1,1
1.2863848,1,1
0.14962684,1,1
0.17236356,1,1
0.07897198,1,1
0.002522089,1,0
0.0016301618,0,0
0.06422194,1,1
0.0005579137,0,0
0.1923603,1,1
0.14574324,1,1
0.0005422581,0,0
0.0062233224,1,0
0.3795548,1,1
0.25811264,1,1
0.00022233269,0,0
0.0027103613,0,0
0.00030655126,0,0
0.00079473254,0,0
0.930666,1,1
0.011909806,1,0
0.03877915,1,0
0.00040926394,0,0
0.006093355,1,0
0.0018659545,0,0
0.3948016,1,1
0.14600916,1,1
0.09610202,1,1
0.001436201,1,0
0.0006667498,0,0
0.00053494313,0,0
0.9331151,1,1
0.0066774087,1,0
0.19012952,1,1
0.00032119293,0,0
0.042148624,1,1
0.22463138,1,1
0.013145312,0,0
0.022106195,0,0
0.0014522269,1,0
0.18582702,1,1
0.20437555,1,1
0.014507034,1,0
0.1560939,1,1
0.00064579904,0,0
0.00041715373,0,0
0.00022417416,0,0
0.0066595464,1,0
0.12610382,1,1
0.4644422,1,1
0.04375222,1,1
0.03740091,0,0
0.00057381834,0,0
0.20110507,1,1
0.00027041868,0,0
0.39008206,1,1
0.20420916,1,1
0.00030253717,0,0
0.0014806895,0,0
0.075011194,1,1
0.0031922902,0,0
0.39162695,1,1
0.72813946,1,1
0.00069424446,0,0
0.00024461554,0,0
0.0033791796,0,0
0.08016309,1,1
0.035636384,1,0
0.00028904586,0,0
0.00065910426,0,0
0.0011300483,0,0
0.0073020225,1,0
0.3098158,0,1
0.35077205,1,1
0.26079053,1,1
0.00032046146,0,0
0.0008602818,0,0
0.03602176,0,0
0.00031640037,0,0
0.18702607,1,1
0.2866169,1,1
0.00027721017,0,0
0.0006444542,0,0
0.0063376883,1,0
0.14344087,1,1
0.27979806,1,1
0.21422814,1,1
0.4489794,1,1
0.0071184314,0,0
0.00050491054,0,0
0.24704099,1,1
0.42372644,1,1
0.001797966,0,0
0.00043581444,0,0
0.03898625,0,0
0.00027947893,0,0
0.00066428736,0,0
0.006775904,0,0
0.7141893,1,1
0.0009353922,0,0
0.06790171,1,1
0.014727007,1,0
0.0029284586,0,0
0.036594715,1,0
0.00038392324,0,0
0.0019407663,0,0
0.27615643,1,1
0.00029652193,0,0
0.0005144006,0,0
0.00037560088,0,0
0.47062916,1,1
0.00031808263,0,0
0.3038174,1,1
0.48247895,1,1
0.2658605,1,1
0.0064095776,1,0
0.0010356841,0,0
0.09905705,1,1
0.0002299663,0,0
0.025091099,1,0
0.5667075,1,1
0.0007570027,0,0
0.014049703,1,0
0.24088603,1,1
0.24118511,1,1
0.019413032,1,0
0.17817353,1,1
0.00025592538,0,0
0.02581658,1,0
0.006024346,0,0
0.00060471735,0,0
0.4684795,1,1
0.0005249958,0,0
0.0016487325,0,0
0.42687294,1,1
0.0007940511,0,0
0.0003370374,0,0
0.00073339266,0,0
0.17306563,1,1
0.00032389842,0,0
0.006155959,0,0
0.13880727,1,1
0.00041465412,0,0
0.00927278,0,0
0.033131167,1,0
0.050692208,1,1
0.00035649468,0,0
0.03592988,0,0
0.0002756943,0,0
0.24038132,1,1
0.47866806,1,1
0.000552223,0,0
0.0065267864,0,0
0.000754544,0,0
0.048419423,1,1
0.44843203,1,1
0.28527063,1,1
0.21444681,1,1
0.21556917,1,1
0.17808048,1,1
0.0017352233,0,0
0.008544814,1,0
0.0070291553,1,0
0.12418225,1,1
0.00043813785,0,0
0.15448517,1,1
0.0004512657,0,0
0.21063505,1,1
0.13670354,1,1
0.29930204,1,1
0.023325343,1,0
0.038281973,0,0
0.0002598633,0,0
0.00060213264,0,0
0.011990662,1,0
0.0007872941,0,0
0.025350887,1,0
0.11840705,1,1
0.0002882265,0,0
0.0004119346,0,0
0.002435903,0,0
0.0014811312,1,0
0.03427572,0,0
0.20241041,1,1
0.00023268204,0,0
0.034123752,1,0
0.15856053,1,1
0.09228626,1,1
0.22697139,1,1
0.38961613,1,1
0.28308874,1,1
0.16363056,1,1
0.00058661285,0,0
0.00032301995,0,0
0.0064910688,1,0
0.44248223,1,1
0.00053664926,0,0
0.00024612233,0,0
0.14278546,1,1
0.00027516868,0,0
0.00039746563,0,0
0.00022442894,0,0
0.011874787,0,0
0.00031968957,0,0
0.00088219665,0,0
0.0014085191,0,0
0.0013195238,0,0
0.0055760327,1,0
0.42365572,1,1
0.17471491,1,1
0.057745114,1,1
0.0018288363,1,0
0.024958879,1,0
0.6629316,0,1
0.00037084302,0,0
0.0066756033,1,0
0.42162964,1,1
0.077821426,1,1
0.008104318,0,0
0.0002254259,0,0
0.21235336,1,1
0.21603793,1,1
0.2715923,1,1
0.012189056,0,0
0.3998602,1,1
0.34294295,1,1
0.00036903523,0,0
0.00032040576,0,0
0.00023891954,0,0
0.006821587,1,0
0.22936977,1,1
0.00712285,1,0
0.057173368,1,1
0.05292815,0,1
0.00025216065,0,0
0.00028778307,0,0
0.0018087607,0,0
0.00029152448,0,0
0.1852744,1,1
0.00025307215,0,0
0.00046254386,0,0
0.005075727,1,0
0.0075125964,1,0
0.000329729,0,0
0.03697636,1,0
0.00040726276,0,0
0.20445426,1,1
0.05811573,1,1
0.3708862,1,1
0.25579825,1,1
0.00027074758,0,0
0.0034938825,0,0
0.40766916,1,1
0.16568477,1,1
0.121526405,1,1
0.0017222582,1,0
0.42828313,1,1
0.0002649624,0,0
0.0011186139,0,0
0.16120118,1,1
0.119460315,1,1
0.26103437,1,1
0.11825914,1,1
0.7167444,1,1
0.0017432461,0,0
0.0017717673,0,0
0.15937765,1,1
0.0006031858,0,0
0.21115021,1,1
0.0014048365,1,0
0.16410103,1,1
0.0018089404,1,0
0.23953661,1,1
0.0002625849,0,0
0.9392319,1,1
0.00050315604,0,0
0.0005304057,0,0
0.0008695683,0,0
0.0017590163,1,0
0.00033057056,0,0
0.20451093,1,1
0.64840895,1,1
0.0041618776,0,0
0.006578466,1,0
0.18053412,1,1
0.26315227,1,1
0.69270205,1,1
0.00028457612,0,0
0.90548694,1,1
0.8932379,1,1
0.099268585,1,1
0.00092169986,0,0
0.006612311,1,0
0.2302618,1,1
0.24407154,1,1
0.24861199,1,1
0.176245,1,1
0.43747485,1,1
0.028684761,1,0
0.00021031183,0,0
0.00021759298,0,0
0.13462321,1,1
0.22607368,1,1
0.061713345,1,1
0.3525701,1,1
0.0017999042,1,0
0.1466664,1,1
0.025522072,1,0
0.00022324697,0,0
0.033728253,1,0
0.006738589,1,0
0.006571723,1,0
0.4653818,1,1
0.24402605,1,1
0.2575133,1,1
0.22599128,1,1
0.25486508,1,1
0.00035341285,0,0
0.00038397213,0,0
0.21376151,1,1
0.4182555,1,1
0.00039780018,0,0
0.0017406999,0,0
0.00049739174,0,0
0.032537118,0,0
0.0003346938,0,0
0.0015221329,0,0
0.038707715,0,0
0.12445085,1,1
0.38926968,1,1
0.00034680899,0,0
0.77278465,1,1
0.25354937,1,1
0.0963128,1,1
0.0066862004,0,0
0.00030970774,0,0
0.0036076205,0,0
0.011590582,1,0
0.00024048948,0,0
0.00047610208,0,0
0.00025812438,0,0
0.023468304,1,0
0.01678111,1,0
0.00056351046,0,0
0.28637573,1,1
0.0002970315,0,0
0.0002866225,0,0
0.0009174676,0,0
0.9441788,1,1
0.38167587,1,1
0.08559256,1,1
0.0016307199,0,0
0.002340251,1,0
0.00617999,1,0
0.00038384346,0,0
0.000418153,0,0
0.00035078148,0,0
0.00033660058,0,0
0.0018108834,0,0
0.18984044,1,1
0.0019161374,0,0
0.15582834,1,1
0.0002840323,0,0
0.85921997,1,1
0.15022852,1,1
0.14751019,1,1
0.26317325,1,1
0.21366319,1,1
0.1622785,1,1
0.0335556,0,0
0.43529493,1,1
0.00035672527,0,0
0.21319906,1,1
0.006713221,1,0
0.23035815,1,1
0.0018313633,0,0
0.1726464,1,1
0.0077703195,0,0
0.9392219,1,1
0.013757784,0,0
0.14298788,1,1
0.0002518174,0,0
0.0002714573,0,0
0.38798952,1,1
0.09768246,1,1
0.005521237,0,0
0.17811915,1,1
0.03742763,1,0
0.00041180337,0,0
0.00045088728,0,0
0.15979007,1,1
0.15832649,1,1
0.027508233,0,0
0.00032539325,0,0
0.019138698,1,0
0.00084853836,0,0
0.0036628395,0,0
0.017124502,0,0
0.00038214054,0,0
0.005682063,1,0
0.001813343,0,0
0.18511869,1,1
0.28426692,1,1
0.2271364,1,1
0.0020644749,1,0
0.27174234,1,1
0.008474676,0,0
0.0002970971,0,0
0.22601762,1,1
0.38394544,1,1
0.0002494759,0,0
0.00022834903,0,0
0.0056735193,1,0
0.03427575,0,0
0.90793127,1,1
0.0003746717,0,0
0.0018233219,0,0
0.5096442,1,1
0.39952412,1,1
0.05334208,1,1
0.0006418384,0,0
0.00028395906,0,0
0.001501568,0,0
0.22278392,1,1
0.0032701395,0,0
0.005509087,0,0
0.00025507237,0,0
0.038363323,0,0
0.025084827,1,0
0.16548012,1,1
0.37701067,1,1
0.033276092,1,0
0.006423389,1,0
0.0014031903,0,0
0.5781359,1,1
0.19319195,1,1
0.89461017,1,1
0.00029607667,0,0
0.14864565,1,1
0.0002894792,0,0
0.3392443,1,1
0.0004579085,0,0
0.00063882675,0,0
0.49039632,1,1
0.015477881,1,0
0.002288532,0,0
0.0017260709,0,0
0.006729097,1,0
0.22669838,1,1
0.24329093,1,1
0.00024272322,0,0
0.00020697434,0,0
0.0017377051,0,0
0.15887854,1,1
0.0045793327,0,0
0.16176762,1,1
0.25845623,1,1
0.00039725992,0,0
0.00068698335,0,0
0.0002735238,0,0
0.00030730607,0,0
0.36339107,1,1
0.0032734163,0,0
0.004257925,0,0
0.32781717,1,1
0.25197306,1,1
0.36827114,1,1
0.00023267757,0,0
0.00021854295,0,0
0.21576549,1,1
0.0005592621,0,0
0.89334923,1,1
0.21635944,1,1
0.0009514167,0,0
0.20445746,1,1
0.73157954,1,1
0.4430456,1,1
0.013236876,0,0
0.9338588,1,1
0.19553703,1,1
1.0989904,1,1
0.17113413,1,1
0.22294566,1,1
0.00025166216,0,0
0.053995237,1,1
0.11440118,1,1
0.021993568,0,0
0.23275757,1,1
0.15314943,1,1
0.001435812,0,0
0.20907061,1,1
0.44047722,1,1
0.0016789102,0,0
0.12290144,1,1
0.0003378523,0,0
0.38821578,1,1
0.19559151,1,1
0.003267883,0,0
0.0036305988,1,0
0.021724407,0,0
0.008364114,0,0
0.33894682,1,1
0.19093446,1,1
0.006606597,1,0
0.3326057,1,1
0.0067443345,1,0
0.00026654045,0,0
0.03898624,0,0
0.014285761,0,0
0.38503134,1,1
0.001611029,0,0
0.14537962,1,1
0.29750177,1,1
0.00030295638,0,0
0.0016945193,0,0
0.00033649502,0,0
0.00085711497,0,0
0.012937637,1,0
0.068909615,1,1
0.26662862,1,1
0.017342975,1,0
0.0077625047,0,0
0.30486637,1,1
0.057811864,1,1
0.23876716,1,1
0.0013871853,1,0
0.00042833094,0,0
0.008786153,1,0
0.0003174517,0,0
0.00032130186,0,0
0.09242628,1,1
0.0009496751,0,0
0.00045187603,0,0
0.1330193,1,1
0.2177806,1,1
0.008153871,1,0
0.16257049,1,1
0.22851107,1,1
0.17756082,1,1
0.0020142365,1,0
3.7616916,0,1
0.20935763,1,1
0.057511415,1,1
0.003087719,0,0
0.00026678017,0,0
0.0064098886,0,0
0.00031682203,0,0
0.17506877,1,1
0.0003400523,0,0
0.00035983816,0,0
0.017508894,1,0
0.09780873,1,1
0.94689107,1,1
0.00032943932,0,0
0.012273335,1,0
0.0003765464,0,0
0.04724269,1,1
0.099428035,1,1
0.16735265,1,1
0.0002950734,0,0
0.053682096,1,1
0.22587349,1,1
0.00023468673,0,0
0.00040219043,0,0
0.004401607,1,0
0.24732473,1,1
0.0009260087,0,0
0.00028465598,0,0
0.36295366,1,1
0.0020239712,0,0
0.20010711,1,1
0.00026691766,0,0
0.015314839,1,0
0.22231546,1,1
0.0025930898,0,0
0.13408536,1,1
0.0005265313,0,0
0.01651132,0,0
0.006982906,1,0
0.006481728,1,0
0.0006925955,0,0
0.18892989,1,1
0.2824771,1,1
0.00034760832,0,0
0.43003353,1,1
0.00042526584,0,0
0.0020840394,0,0
0.00028016797,0,0
0.13065587,1,1
0.0021223687,0,0
0.00044909932,0,0
0.56310546,1,1
0.24997258,1,1
0.9072992,1,1
0.0011917865,0,0
0.035302382,1,0
0.030958243,1,0
0.29466355,1,1
0.00025089132,0,0
0.09778164,1,1
0.21582621,1,1
0.0017640558,0,0
0.025703572,1,0
0.43295813,1,1
0.013610231,1,0
1.1558667,1,1
0.0011540889,0,0
0.012915329,0,0
0.17106338,1,1
0.0064203762,1,0
0.10028636,1,1
0.19438347,0,1
0.018564964,1,0
0.05795053,1,1
0.00036471937,0,0
0.00056240044,0,0
0.14882183,1,1
0.024691602,1,0
0.0003065581,0,0
0.0061055836,1,0
0.16578479,1,1
0.00088313775,0,0
0.00026741246,0,0
0.009966887,0,0
0.17497176,1,1
0.0002843788,0,0
0.036116477,0,0
0.038063522,1,0
0.0008399107,0,0
0.25646317,1,1
0.00037576957,0,0
0.0003922099,0,0
0.0067698695,1,0
0.24645698,1,1
0.0077340277,1,0
0.0017622751,0,0
0.0064455695,1,0
0.3664131,1,1
0.0015622257,0,0
0.0002460051,0,0
0.00028464085,0,0
0.3429521,1,1
0.003517486,0,0
0.38807988,1,1
0.023443772,1,0
0.000676436,0,0
0.00031636097,0,0
0.19361135,1,1
0.00027982602,0,0
0.68080384,1,1
0.23902503,1,1
0.43062395,1,1
0.00027980047,0,0
0.060451426,0,1
0.38317823,1,1
0.00025549732,0,0
0.0005687285,0,0
0.4290294,1,1
0.005669563,0,0
0.0002631126,0,0
0.16522288,1,1
0.39680603,1,1
0.0022762371,0,0
0.16720794,1,1
0.00037364312,0,0
0.0018083451,0,0
0.16051176,1,1
0.028081153,0,0
0.0003864417,0,0
3.6552188,0,1
0.011041209,1,0
0.21469954,1,1
0.0013844883,1,0
0.053335957,1,1
0.00038160547,0,0
0.03245448,1,0
0.00035259154,0,0
0.00043109796,0,0
0.0064837793,0,0
0.08832533,1,1
0.2634882,1,1
0.25715894,1,1
0.00026876671,0,0
0.009404446,0,0
0.006770221,0,0
0.00050432683,0,0
0.00028447987,0,0
0.19197986,1,1
0.13496882,1,1
0.20415828,1,1
0.1449399,1,1
0.13990916,1,1
0.08831818,1,1
0.16108908,1,1
0.31459135,1,1
0.14961314,1,1
0.0002678021,0,0
0.21183333,1,1
0.24485044,1,1
0.0032937836,0,0
0.0064447457,1,0
0.27534947,1,1
0.00127166,0,0
0.10270055,1,1
0.0004161036,0,0
0.27885658,1,1
0.28205547,1,1
0.66164315,1,1
0.022270722,0,0
0.09823973,1,1
0.024385648,1,0
0.21427026,1,1
0.26444688,1,1
0.0016345214,0,0
0.24887405,1,1
0.0066267876,1,0
0.0005358651,0,0
0.2275924,1,1
0.0012741298,1,0
0.2146492,1,1
0.032322332,1,0
0.35402155,1,1
0.007095731,0,0
0.00060512836,0,0
0.0003891924,0,0
0.2210193,1,1
0.0033089758,0,0
0.1392012,1,1
0.69400597,1,1
0.00042053638,0,0
0.107866354,1,1
0.21551344,1,1
0.15389489,1,1
0.023497663,1,0
0.0011200146,1,0
0.27266338,1,1
0.014725099,1,0
0.10758523,1,1
0.12300402,1,1
0.0003586552,0,0
0.22598357,1,1
0.0007095416,0,0
0.5099408,1,1
0.14919725,1,1
0.086779855,1,1
0.00033163087,0,0
0.36875087,1,1
0.42578986,1,1
0.22034298,1,1
0.0018001028,0,0
0.00031830868,0,0
0.006573864,1,0
0.36330658,1,1
0.21051314,1,1
0.0003758857,0,0
0.00028220683,0,0
0.0003157154,0,0
1.7083455,1,1
0.0005068428,0,0
0.0019755368,0,0
0.001139299,1,0
0.00056342833,0,0
0.0014795432,1,0
0.24290773,1,1
0.09443979,1,1
0.027484473,0,0
0.24149069,1,1
0.00033238303,0,0
0.29958585,1,1
0.36887166,1,1
0.00030630606,0,0
0.023496162,0,0
0.00028095578,0,0
0.022626618,1,0
0.17974454,1,1
0.44419464,1,1
0.041786008,1,1
0.06576748,1,1
0.0022675956,0,0
0.00060998613,0,0
0.40682378,1,1
0.27775845,1,1
0.0484105,1,1
0.00027190952,0,0
0.016049748,0,0
0.00033644887,0,0
0.0014923653,0,0
0.27291563,1,1
0.0066971444,1,0
0.8995836,1,1
0.0002449126,0,0
0.0022435242,1,0
0.047150202,1,1
0.39525333,1,1
0.0002437838,0,0
0.17747793,1,1
0.024463871,1,0
0.00025987715,0,0
0.00028962895,0,0
0.08011067,1,1
0.0023009274,0,0
0.00029485888,0,0
0.003161146,0,0
0.16802382,1,1
0.00026687168,0,0
0.17374063,1,1
0.00060671195,0,0
0.005053218,0,0
0.3661568,1,1
0.16128683,1,1
0.23444612,1,1
0.00036389095,0,0
0.00055393047,0,0
0.0010308576,0,0
0.0017948085,0,0
0.16427982,1,1
0.15194348,1,1
0.003706803,1,0
0.2812715,1,1
0.00096291484,0,0
0.000505402,0,0
0.002765644,0,0
0.00032740444,0,0
0.00042536514,0,0
0.0045818016,1,0
0.00023223423,0,0
0.00075555575,0,0
0.2261142,1,1
0.0065783327,1,0
0.054760806,0,1
0.0032874462,0,0
0.37494,1,1
0.19891195,1,1
0.7238728,1,1
0.11152829,1,1
0.00025787318,0,0
0.001943977,0,0
0.00034739292,0,0
0.000285262,0,0
0.15476215,1,1
0.0018164186,0,0
0.27579775,1,1
0.003935477,0,0
0.0003398696,0,0
0.00055447797,0,0
0.27933776,1,1
0.0013545755,0,0
0.0017796482,0,0
0.00022766298,0,0
0.00025003217,0,0
0.0035089382,0,0
0.00073157286,0,0
0.0004323766,0,0
0.0013437478,0,0
0.00026739886,0,0
0.041618563,1,1
0.22010443,1,1
0.0003952543,0,0
0.0006591454,0,0
0.006483783,1,0
0.3744088,1,1
0.22245008,1,1
0.0003973049,0,0
0.0014737474,1,0
0.00035603126,0,0
0.014535104,0,0
0.0013953279,0,0
0.16263816,1,1
0.2192293,1,1
0.2412529,1,1
0.11164259,0,1
0.24280155,1,1
0.00024862867,0,0
0.17241555,1,1
0.27783382,1,1
0.0018482538,0,0
0.0013213772,0,0
0.1664149,1,1
0.024553543,1,0
0.24270898,1,1
0.00029758297,0,0
0.35561186,1,1
0.22698252,1,1
0.05834573,1,1
0.00083637337,0,0
0.0003272223,0,0
0.0066862376,1,0
0.044676524,1,1
0.040614147,0,0
0.00033675577,0,0
0.23202473,1,1
0.07801531,1,1
0.00024931005,0,0
0.00093077315,0,0
0.2723042,1,1
0.0030922955,0,0
0.006220321,0,0
0.003202832,0,0
0.82492775,1,1
0.00023708047,0,0
0.23494376,1,1
0.037696145,0,0
0.0004470614,0,0
0.00026350742,0,0
0.0019104524,0,0
0.35788903,1,1
0.057479527,1,1
0.007937153,1,0
0.16019756,1,1
0.00046216443,0,0
0.06903159,1,1
0.033571504,1,0
0.0008409896,0,0
0.47261876,1,1
0.00033848188,0,0
0.0066699605,1,0
0.05388086,1,1
0.008473362,0,0
0.41395777,1,1
0.44017768,1,1
0.0022644124,0,0
0.017023329,0,0
0.13501292,1,1
0.21602744,1,1
0.01800644,0,0
0.0010101161,0,0
0.15822929,1,1
0.00024117863,0,0
0.00048234264,0,0
0.0065268734,1,0
0.000690365,0,0
0.00028932618,0,0
0.0019551702,0,0
0.9080903,1,1
0.0012259156,0,0
0.014565191,1,0
0.0023131727,0,0
0.8152701,1,1
0.0003621815,0,0
0.39133626,1,1
0.34756634,1,1
0.038679563,0,0
0.12280356,1,1
0.0025654777,0,0
0.0028507777,0,0
0.22436407,1,1
0.3908242,1,1
0.26095957,1,1
0.00050994183,0,0
0.25133264,1,1
0.037479777,1,0
0.18310341,1,1
0.00046759757,0,0
0.0013628897,0,0
0.00048576685,0,0
0.00028179228,0,0
0.38998085,1,1
0.014230725,0,0
0.14201026,1,1
0.3744732,1,1
0.00022055124,0,0
0.0013377796,0,0
0.3465368,1,1
0.0036242248,0,0
0.91507834,1,1
0.38399848,1,1
0.0004703814,0,0
0.1582237,1,1
0.13744898,1,1
0.0020301256,0,0
0.00069543923,0,0
0.0013394161,0,0
0.8003893,1,1
0.0013492788,0,0
0.14052731,1,1
0.0014044695,1,0
0.00042201052,0,0
0.057048436,1,1
0.0006621361,0,0
0.2239743,1,1
0.0010215736,0,0
0.0066472664,1,0
0.76284134,1,1
0.18659481,1,1
0.9303957,1,1
0.0005960415,0,0
0.0014622952,0,0
0.23641852,1,1
0.00030009873,0,0
0.066951364,1,1
0.00025678956,0,0
0.24853155,1,1
0.38370594,1,1
0.0005351763,0,0
0.00044395003,0,0
0.19484104,1,1
0.00026976303,0,0
0.16667253,1,1
0.03929235,1,0
0.17394842,1,1
0.035455063,1,0
0.53357625,1,1
0.0002846117,0,0
0.3666978,1,1
0.012334946,1,0
0.006697131,1,0
0.00030730828,0,0
0.21627954,1,1
0.2577038,1,1
0.0003066285,0,0
0.0013186069,0,0
0.28215325,1,1
0.00024562902,0,0
0.00026050012,0,0
0.027387522,1,0
0.0057790694,0,0
0.00029499514,0,0
0.30855215,1,1
0.049932446,0,1
0.073540464,1,1
0.17323686,1,1
0.0013059056,0,0
0.17810862,1,1
0.00028465633,0,0
0.033399206,0,0
0.00028154132,0,0
0.0018012362,1,0
0.00023767923,0,0
0.014116945,1,0
0.00023407994,0,0
0.25277874,1,1
0.15187152,1,1
0.00034633878,0,0
0.005768304,1,0
0.00033390278,0,0
0.050192513,1,1
0.008233849,0,0
0.006637079,1,0
0.13651554,1,1
0.00034344548,0,0
0.24839194,1,1
0.0016068991,0,0
0.42701647,1,1
0.9433116,1,1
0.00037554774,0,0
0.3225728,1,1
0.9392417,1,1
0.0065070814,1,0
0.00027450314,0,0
0.25091994,1,1
0.087928236,1,1
0.1341554,1,1
0.027962534,1,0
0.06882313,1,1
0.0066472576,0,0
0.043586187,1,1
0.0003681231,0,0
0.00020801989,0,0
0.16493219,1,1
0.016939282,1,0
0.21093145,1,1
0.3143275,1,1
0.09915831,0,1
0.035394903,0,0
0.22065435,1,1
0.00027262463,0,0
0.00031788994,0,0
0.14647047,1,1
0.0069139744,1,0
0.5975807,1,1
0.0057792277,1,0
0.0011833705,0,0
0.33300096,1,1
0.23984767,1,1
0.00031555846,0,0
0.00951065,1,0
0.006612302,1,0
0.037380673,0,0
0.0003121747,0,0
0.2733482,1,1
0.00029537783,0,0
0.0012342046,0,0
0.0004462348,0,0
0.037267286,0,0
0.9145178,1,1
0.0016952937,0,0
0.038380608,0,0
0.0004414707,0,0
0.42054623,1,1
0.009092981,0,0
0.00026333565,0,0
0.0012139957,0,0
0.2610838,1,1
0.0018574748,0,0
0.0033997966,0,0
0.4462986,1,1
0.011939511,1,0
0.15136705,1,1
0.0013217618,1,0
0.03176714,1,0
0.47017568,1,1
0.21421796,1,1
0.0011846694,0,0
0.58947307,1,1
0.0025121805,1,0
0.24571705,1,1
0.08592483,1,1
0.39756048,1,1
0.006746317,0,0
0.033571463,1,0
0.1492632,1,1
0.0002523805,0,0
0.3984088,1,1
0.00022772895,0,0
0.00039785402,0,0
0.0062600845,1,0
0.015204777,1,0
0.22469541,1,1
0.24499886,1,1
0.0017862421,0,0
0.1764406,1,1
0.24061836,1,1
0.00024387694,0,0
0.04409767,0,1
0.00031762896,0,0
0.16227843,1,1
0.00025131062,0,0
0.010624033,0,0
0.02349769,1,0
0.37057176,1,1
0.118072905,1,1
0.0010107252,0,0
0.18081997,1,1
0.2467857,1,1
0.029914644,1,0
0.0067841304,1,0
0.16766784,1,1
0.31606403,1,1
0.18208672,1,1
0.00025976638,0,0
0.72655094,1,1
0.0003628576,0,0
0.26921535,1,1
0.50846934,1,1
0.14460467,1,1
0.0016394368,0,0
0.00065659685,0,0
0.0065268576,1,0
0.013872443,1,0
0.08797777,1,1
0.25966156,1,1
0.1331946,1,1
0.00027590085,0,0
0.10075915,1,1
0.021509593,1,0
0.37552226,1,1
0.00024396772,0,0
0.001111078,1,0
0.0006781456,0,0
0.0004923064,0,0
0.1555942,1,1
0.00807642,0,0
0.000376172,0,0
0.026306795,1,0
0.0004298074,0,0
0.0010943417,0,0
0.005724054,1,0
0.043605253,1,1
0.0070425216,1,0
0.2109984,1,1
0.0002920205,0,0
0.0014788738,0,0
0.00034716877,0,0
0.0013707103,0,0
0.33104646,1,1
0.004702092,1,0
0.00028407358,0,0
0.20054322,1,1
0.3545535,1,1
0.41186956,1,1
0.21837778,1,1
0.67826474,1,1
0.054313492,1,1
0.09518866,1,1
0.0035512997,0,0
0.031675804,0,0
0.003093672,0,0
0.0067841304,1,0
0.00025374102,0,0
0.019163324,1,0
0.23181918,1,1
11.523031,1,1
0.00022419266,0,0
0.2638277,1,1
0.032115184,0,0
0.017980102,1,0
0.02529144,1,0
0.017524585,1,0
0.27143016,1,1
0.23558173,1,1
0.19667539,1,1
0.00031838394,0,0
0.00089711807,0,0
0.4068069,1,1
0.00022263346,0,0
0.24957438,1,1
0.0002511073,0,0
0.18314217,1,1
0.0018382944,0,0
0.00021404854,0,0
0.003627343,0,0
0.00032084648,0,0
0.22923727,1,1
0.007213788,0,0
0.00028800865,0,0
0.0019228237,0,0
0.24987751,1,1
0.00043217788,0,0
0.0003293663,0,0
0.00041621577,0,0
0.09870436,1,1
0.20686385,1,1
0.16507538,1,1
0.123912126,1,1
0.0020076917,0,0
0.0004181325,0,0
0.00023155587,0,0
0.001866562,0,0
0.035300773,1,0
0.0066155847,0,0
0.22486207,1,1
0.00034305803,0,0
0.014399319,1,0
0.2197682,1,1
0.19614843,1,1
0.0007931475,0,0
0.23628041,1,1
0.26427874,1,1
0.025062174,1,0
0.035208292,1,0
0.0025401143,0,0
0.00034151078,0,0
0.027245559,1,0
0.043720674,1,1
0.018571045,1,0
0.0033200942,0,0
0.5759742,1,1
0.2624986,1,1
0.15753166,1,1
0.007859523,0,0
0.0009541805,0,0
0.2278655,1,1
0.0053522866,1,0
0.0002491136,0,0
0.0005711569,0,0
0.022935899,1,0
0.024541995,1,0
0.0010598227,0,0
0.00048209768,0,0
0.0002568744,0,0
0.0019975374,1,0
0.0020406847,0,0
0.001198297,1,0
0.65714794,1,1
0.4684677,1,1
0.37666506,1,1
0.001174433,0,0
0.00051512645,0,0
0.0078490805,1,0
0.46530375,1,1
0.00024300924,0,0
0.2107774,1,1
0.010936574,0,0
0.17498332,1,1
0.00030452712,0,0
0.0009788485,0,0
0.0037668801,0,0
0.39162004,1,1
0.16213006,1,1
0.1658059,1,1
0.0034854913,1,0
0.15058132,1,1
0.22039755,1,1
0.23378158,1,1
0.8517818,1,1
0.01777165,1,0
0.0065318216,1,0
0.0003741231,0,0
0.016888743,1,0
0.00039888013,0,0
0.0046431394,0,0
0.001011472,0,0
0.00037466394,0,0
0.00024271659,0,0
0.21573979,1,1
0.03702804,0,0
0.37498003,1,1
0.01626875,0,0
0.20637982,1,1
0.23734938,1,1
0.060310096,1,1
0.21791425,1,1
0.0008215305,0,0
0.04557545,0,1
0.2137979,1,1
0.20696059,1,1
0.027776033,0,0
0.00064797024,0,0
0.0020138233,0,0
0.43248692,1,1
0.02255315,1,0
0.048410468,1,1
0.0004222124,0,0
0.323721,1,1
0.0020011158,1,0
0.001798185,0,0
0.000303786,0,0
0.16185917,1,1
0.14312312,1,1
0.0014143635,1,0
0.18167832,1,1
0.0016292245,0,0
0.036496785,1,0
0.008420853,1,0
0.36027128,1,1
0.00048307303,0,0
0.0004920305,0,0
0.1284522,1,1
0.067354284,1,1
0.0012335829,1,0
0.026342895,1,0
0.08319028,0,1
0.04221675,1,1
0.23443076,1,1
0.0002860471,0,0
0.9596874,1,1
0.067870826,1,1
0.0005035823,0,0
0.20409502,1,1
0.036135133,0,0
0.1612868,1,1
0.22648953,1,1
0.1549987,1,1
0.36784467,1,1
0.00935556,0,0
0.45444837,1,1
0.0004428448,0,0
0.17116113,1,1
0.37970495,1,1
0.00036456183,0,0
0.69920146,1,1
0.23067267,1,1
0.00025176452,0,0
0.0016778235,0,0
0.037414942,0,0
0.0029120515,1,0
0.0007904758,0,0
0.002151892,1,0
0.7057897,1,1
0.09805968,0,1
0.0005707076,0,0
0.23410603,1,1
0.18509905,1,1
0.22637503,1,1
0.0065263067,1,0
0.0073702177,1,0
0.24359047,1,1
0.16127814,1,1
0.00029523883,0,0
0.007102588,0,0
32.065334,1,1
0.20296587,1,1
0.37323427,1,1
0.00024974835,0,0
0.00024611002,0,0
0.26680246,1,1
0.0055743847,0,0
0.23240864,1,1
0.32362795,1,1
0.0032915946,0,0
0.000500313,0,0
0.25511166,1,1
0.22667295,1,1
0.00023133325,0,0
0.25935602,1,1
0.16098043,1,1
0.8344276,1,1
0.3721649,1,1
0.018389514,1,0
0.008751179,0,0
0.1674257,1,1
0.1541032,1,1
0.00073243276,0,0
0.22895236,1,1
0.00036456186,0,0
0.009008731,0,0
0.00042300162,0,0
0.11452358,1,1
0.96610653,1,1
0.17550685,1,1
0.10479885,1,1
0.16196914,1,1
0.16968042,1,1
0.00026402928,0,0
0.19716732,1,1
0.26027012,1,1
0.17480461,1,1
0.13248263,1,1
0.00029447864,0,0
0.0010534746,0,0
0.14841305,1,1
0.19491139,0,1
0.22689703,1,1
0.03592986,0,0
0.17471817,1,1
0.2556588,1,1
3.7480636,0,1
0.2344719,1,1
0.0003031169,0,0
0.2711799,1,1
0.0005396616,0,0
0.019037625,1,0
0.025253577,1,0
0.000295391,0,0
0.0002776192,0,0
0.9049156,1,1
0.0027679848,0,0
0.0066260323,1,0
0.21694037,1,1
0.097746685,1,1
0.00024490914,0,0
0.034494866,0,0
3.6792417,1,1
0.0021300975,0,0
0.015870769,1,0
0.0020868566,0,0
0.03898625,0,0
0.0019650063,0,0
0.16625752,1,1
0.0004703779,0,0
0.011570875,0,0
0.02600646,0,0
0.00027526674,0,0
0.29970902,1,1
0.03300434,0,0
0.024018047,1,0
0.19936164,1,1
0.0004782408,0,0
0.0005959135,0,0
0.0003769176,0,0
0.009513612,0,0
0.0013382272,1,0
0.0018737633,0,0
0.017629342,1,0
0.008551618,0,0
0.00030193655,0,0
0.0005694778,0,0
0.36950493,1,1
0.0005416716,0,0
0.00025356837,0,0
0.0011831337,0,0
0.19247718,1,1
0.00024324692,0,0
0.0006954167,0,0
0.43758133,1,1
0.19209567,1,1
0.27366263,1,1
0.4486624,1,1
0.0014229324,1,0
0.04605562,1,1
0.05122397,1,1
0.039385945,1,0
0.16198352,1,1
0.00028797015,0,0
0.14197187,1,1
0.00021604658,0,0
0.00023789016,0,0
0.11127934,1,1
0.39170507,1,1
0.0096684545,0,0
0.33998197,1,1
0.0003906822,0,0
0.0002475381,0,0
0.0033372103,1,0
0.0073342,1,0
0.009833844,1,0
0.00031187336,0,0
0.00051146984,0,0
0.00033132636,0,0
0.00036845298,0,0
0.0066624936,1,0
0.17822555,1,1
0.37098405,1,1
0.027765326,1,0
0.00042770372,0,0
0.00046378365,0,0
0.21597742,1,1
0.10396108,1,1
0.006686204,1,0
0.0015027744,0,0
0.00027516563,0,0
0.3979338,1,1
0.0014806922,0,0
0.00044590762,0,0
0.00030116428,0,0
0.00034705078,0,0
0.0003140546,0,0
0.16599351,1,1
0.24237593,1,1
0.0014150335,0,0
0.06711826,0,1
0.011363618,1,0
0.0015477908,1,0
0.0013855402,1,0
0.21134421,1,1
0.00023808339,0,0
0.16038741,1,1
0.025489897,1,0
0.00032888833,0,0
0.17101046,1,1
0.0016235529,0,0
0.19349076,1,1
0.04064178,1,0
0.33967236,1,1
0.15046446,1,1
0.061282467,1,1
0.00028840525,0,0
0.16630551,1,1
0.9396878,1,1
0.23136322,1,1
86.48724,1,1
0.11600783,1,1
0.30832332,1,1
0.00021846207,0,0
0.00053704774,0,0
0.0052921744,1,0
0.012497524,0,0
0.062630154,1,1
0.30733427,1,1
0.27264455,1,1
0.1833669,1,1
0.00034796595,0,0
0.016514622,0,0
0.229962,1,1
0.0019158144,0,0
0.00025156102,0,0
0.053001653,1,1
0.23465784,1,1
3.7423923,0,1
0.03742293,1,0
0.27048588,1,1
0.21279952,1,1
0.19136709,1,1
0.08273018,1,1
0.0862195,1,1
0.0012450885,0,0
0.17685685,1,1
0.012027621,1,0
0.40635127,1,1
0.17451358,1,1
0.48558486,1,1
0.0016215113,0,0
0.0008615174,0,0
0.15837125,1,1
0.7332946,1,1
0.0064838124,1,0
0.6860785,1,1
0.00044129783,0,0
0.005654523,1,0
0.013801385,0,0
0.0036459318,1,0
0.23475444,1,1
0.304529,1,1
0.36541125,1,1
0.018713646,0,0
0.00025333895,0,0
0.2504151,1,1
0.2705678,1,1
0.13979433,1,1
0.00037293215,0,0
0.2824572,1,1
0.095421426,1,1
0.012701794,1,0
0.00047668724,0,0
0.00040081533,0,0
0.04065413,1,0
0.0018664021,0,0
0.00036395114,0,0
0.00031661696,0,0
0.4612805,1,1
0.19975488,1,1
0.14659488,1,1
0.43674824,1,1
0.0004828672,0,0
0.043156248,1,1
0.0013303031,1,0
0.27913257,1,1
0.037696227,0,0
0.00021171397,0,0
0.20546073,1,1
0.11302477,1,1
0.0053154132,1,0
0.0025730073,0,0
0.0002439227,0,0
0.0012587018,0,0
0.0011574081,0,0
0.13372436,1,1
0.00025906644,0,0
0.39483768,1,1
0.0002538414,0,0
0.00087640155,0,0
0.3154901,1,1
0.0002489906,0,0
0.31474426,1,1
0.00659474,1,0
0.2873742,1,1
0.0003217774,0,0
0.16039191,1,1
0.3924801,1,1
0.8914248,1,1
0.005129546,1,0
0.0006781455,0,0
0.43506798,1,1
0.15131481,1,1
0.19938557,1,1
0.01333782,1,0
0.00047223215,0,0
0.0016600688,0,0
0.00026332962,0,0
0.2240599,1,1
0.48226172,1,1
0.013172075,1,0
0.00029491002,0,0
0.3013279,1,1
0.001863351,0,0
0.0069807237,1,0
0.21631692,1,1
0.00047815582,0,0
0.00024174503,0,0
0.21836065,1,1
0.12408145,1,1
0.0039032276,0,0
0.36309245,1,1
0.28114906,1,1
0.00027517052,0,0
0.0013085383,1,0
0.00027910157,0,0
0.0061685494,1,0
0.23846613,1,1
0.0017918659,0,0
0.7179038,1,1
0.025571471,1,0
0.22747077,1,1
0.3886819,1,1
0.033914823,0,0
0.2581308,1,1
0.0014152981,1,0
0.025497306,1,0
0.17247534,1,1
0.28101084,1,1
0.006283112,0,0
0.08196563,1,1
0.00031302843,0,0
0.27296254,1,1
0.00035785552,0,0
0.14487326,1,1
0.15937766,1,1
0.16127226,1,1
0.0071903723,0,0
0.015812185,0,0
0.00021031433,0,0
0.0004348559,0,0
0.00029461863,0,0
0.68140626,1,1
0.35094187,1,1
0.00024322947,0,0
0.0008665978,0,0
0.24823426,1,1
0.19837122,1,1
0.001000018,0,0
0.16340667,1,1
0.48230717,1,1
0.03994899,0,0
0.00023790024,0,0
0.0005005715,0,0
0.17344297,1,1
0.35136312,1,1
0.00043152898,0,0
0.2763947,1,1
0.005771742,1,0
0.004554124,1,0
0.0002432752,0,0
0.01875726,0,0
0.099128954,1,1
0.0009114108,0,0
0.19322422,1,1
0.0015698493,0,0
0.00034519506,0,0
0.20481187,1,1
0.14801538,1,1
0.17145266,1,1
0.11281266,0,1
0.0003397209,0,0
0.012381671,1,0
0.10327438,0,1
0.0017762849,0,0
0.0003309873,0,0
0.006453475,1,0
0.07775271,1,1
0.03970665,1,0
0.34470263,1,1
0.08683365,1,1
0.04270816,1,1
0.0004285291,0,0
0.00042681184,0,0
0.021058198,1,0
0.0016690209,1,0
0.30712146,1,1
0.15355162,1,1
0.001524868,0,0
0.03600072,0,0
0.16874462,1,1
0.0013303127,1,0
0.00025186248,0,0
0.8202789,1,1
0.112015605,1,1
0.07141223,1,1
0.0012227452,0,0
0.0002549627,0,0
0.37528726,1,1
0.00045277982,0,0
0.28891027,1,1
0.0055593913,1,0
0.28419834,1,1
0.0004891007,0,0
0.17779872,1,1
0.00039764593,0,0
0.1174628,1,1
0.058761008,1,1
0.00089393486,0,0
0.13767771,1,1
0.036523994,1,0
0.038793158,1,0
0.030146053,1,0
0.0003778881,0,0
0.048116785,1,1
0.308647,1,1
0.032411475,1,0
0.31380764,1,1
0.00035280036,0,0
0.0017012286,0,0
0.00072183716,0,0
0.38721764,1,1
0.38604367,1,1
0.5828679,1,1
0.0064041275,1,0
0.03542838,0,0
0.00028240783,0,0
0.21033145,1,1
0.121568166,1,1
0.006491026,1,0
0.008627994,0,0
0.07673489,1,1
0.002817248,1,0
0.0002516678,0,0
0.045551505,1,1
0.0058372454,0,0
0.0008422605,0,0
0.21160914,1,1
0.2512626,1,1
0.46979424,1,1
0.00023005911,0,0
0.16919793,1,1
0.18150073,1,1
0.3795124,1,1
0.0012737693,1,0
0.16420741,1,1
0.0053628255,0,0
0.066457905,1,1
0.37637946,1,1
0.009223212,0,0
0.0065717422,0,0
0.0015319802,1,0
0.0002750319,0,0
0.001758721,0,0
0.0066861873,0,0
0.2621749,1,1
0.031884514,1,0
0.37105048,1,1
0.3055593,1,1
0.28123808,1,1
0.000468491,0,0
0.2267905,1,1
0.30549756,1,1
0.013871568,1,0
0.17620641,1,1
0.024809957,0,0
0.0004963942,0,0
0.16261527,1,1
0.1191207,1,1
0.15147616,1,1
0.0009331125,0,0
0.0014406238,0,0
0.0031695478,0,0
0.0024436866,0,0
0.11169253,1,1
0.00041890267,0,0
0.18595058,1,1
0.00028211257,0,0
0.10195903,1,1
0.00040202306,0,0
0.03895523,1,0
0.029708551,1,0
0.22689562,1,1
0.0005585553,0,0
0.00029879453,0,0
0.00030049295,0,0
0.00060933386,0,0
0.39017084,1,1
0.0002777289,0,0
0.00024947093,0,0
0.00030270917,0,0
0.4451347,1,1
0.1205843,1,1
0.25981405,1,1
0.1383689,1,1
0.07267779,1,1
0.00040110227,0,0
0.84345645,1,1
0.78205657,1,1
0.00022068122,0,0
0.00042915758,0,0
0.06057903,0,1
0.00055472343,0,0
0.068341315,0,1
0.00043023104,0,0
0.31039202,1,1
0.37452298,1,1
0.003948158,0,0
0.041378837,1,1
0.00048022709,0,0
0.2716864,1,1
0.00037170647,0,0
0.24038577,1,1
0.005773246,1,0
0.2210445,0,1
0.0002667161,0,0
0.00032794542,0,0
0.23681138,1,1
0.9659545,1,1
0.0018984459,0,0
0.17914167,1,1
0.0016473401,0,0
0.0008925969,0,0
0.044883233,1,1
0.1715967,1,1
0.0003071837,0,0
0.80613875,1,1
0.005368303,0,0
0.44082186,1,1
0.01188129,1,0
0.013115279,1,0
0.0002878731,0,0
0.00027096452,0,0
0.006059066,1,0
0.0015397897,0,0
0.00025665504,0,0
0.0056380397,0,0
0.00027749533,0,0
0.37485987,1,1
0.031150853,1,0
0.0005029838,0,0
0.0009967494,0,0
0.16455863,1,1
0.051341202,1,1
0.17558248,1,1
0.0004985572,0,0
0.4596965,1,1
0.0065634823,0,0
0.00033103867,0,0
0.00043603525,0,0
0.00027516045,0,0
0.03037647,1,0
0.0003604332,0,0
0.00033646464,0,0
0.00023193665,0,0
0.000251456,0,0
0.25520855,1,1
0.0024304467,0,0
0.0341904,1,0
0.005545067,1,0
0.00030272367,0,0
0.24728128,1,1
0.00029744732,0,0
0.0005375693,0,0
0.0012710519,1,0
0.26933545,1,1
0.0046805716,0,0
0.00025184272,0,0
0.00071984745,0,0
0.39760324,1,1
0.10366935,0,1
0.00031805097,0,0
0.15325779,1,1
0.00064130453,0,0
0.28165537,1,1
0.2868146,1,1
0.0066530546,1,0
0.15127212,1,1
0.26423112,1,1
0.28297552,1,1
0.20625217,1,1
0.00038931472,0,0
0.8397905,1,1
0.022601686,1,0
0.00022234258,0,0
0.0064838,1,0
0.11053399,1,1
0.17473166,1,1
0.00024431403,0,0
0.0006168132,0,0
0.032858457,0,0
0.22789888,1,1
0.0011480731,0,0
0.019372188,0,0
0.37438256,1,1
0.36573112,1,1
0.16269773,1,1
0.0023001095,1,0
0.00024478577,0,0
0.20213023,1,1
0.0019833283,0,0
0.00039023225,0,0
0.2311772,1,1
0.27884346,1,1
0.915493,1,1
0.011975416,0,0
0.12355267,1,1
0.006865753,0,0
0.00026082742,0,0
0.10414306,1,1
0.058044177,1,1
0.00045066795,0,0
0.17662615,1,1
0.4773748,1,1
0.00077663164,0,0
0.13844287,1,1
0.0002576203,0,0
0.038986225,0,0
0.3624176,1,1
0.00025169965,0,0
0.024462929,1,0
0.025390795,1,0
0.0055751214,1,0
0.001821305,0,0
0.02633201,1,0
0.00025404416,0,0
0.14429352,1,1
0.0015031194,0,0
0.0013909666,0,0
0.00044446907,0,0
0.3960129,1,1
0.006386262,1,0
0.0002992086,0,0
0.00061775016,0,0
0.06877352,1,1
0.2936331,1,1
0.085792474,1,1
0.08827584,0,1
0.00027990076,0,0
0.0017972147,0,0
0.00026691894,0,0
0.033914827,0,0
0.02574066,1,0
0.000405044,0,0
0.28440395,1,1
0.0005984629,0,0
0.16234809,1,1
0.2001009,1,1
0.14522631,1,1
0.8618471,1,1
0.0014992023,0,0
0.38089186,1,1
0.00024860527,0,0
0.15725274,1,1
0.23072591,1,1
0.00061301695,0,0
0.005764063,1,0
0.265764,1,1
0.00034302674,0,0
0.00024486543,0,0
0.001055647,0,0
0.035010755,0,0
0.15552613,1,1
0.006129428,1,0
0.00027476667,0,0
0.00028972278,0,0
0.028832762,1,0
0.0005202211,0,0
0.0014338954,1,0
0.00034568118,0,0
0.0084085325,0,0
0.95061225,1,1
0.22707064,1,1
0.00064187305,0,0
0.0004740576,0,0
0.4388908,1,1
0.0034649717,0,0
0.52130187,1,1
0.37153518,1,1
0.44246897,0,1
0.0013319219,1,0
0.00030096615,0,0
0.0012673832,1,0
0.4710359,1,1
0.3293205,1,1
0.0005005322,0,0
0.00027504808,0,0
0.17055187,1,1
0.2309572,1,1
0.00075768586,0,0
0.16075948,1,1
0.026359947,1,0
0.0029726962,0,0
0.18596418,1,1
0.0031319123,1,0
0.001784082,0,0
0.22941622,1,1
0.0004552061,0,0
0.0014946363,0,0
0.22319235,1,1
0.0067841304,0,0
0.0004010211,0,0
0.31815165,1,1
0.204641,1,1
0.027591031,0,0
0.93937373,1,1
0.005662344,1,0
0.0057644723,1,0
0.0007144425,0,0
0.11697124,1,1
0.0031502098,0,0
0.010845728,1,0
0.010450555,0,0
0.09454618,1,1
0.12757242,1,1
0.31099516,1,1
0.005534151,0,0
0.27509466,1,1
0.028690262,0,0
0.00982682,0,0
0.013526015,1,0
0.00056920626,0,0
0.35461053,1,1
0.00025528134,0,0
0.00027165722,0,0
0.1626861,1,1
0.0016624713,0,0
0.1496609,1,1
0.0075780503,1,0
0.14232183,1,1
0.00093187374,0,0
0.36346123,1,1
0.0002708197,0,0
0.1628886,1,1
0.07036573,0,1
0.00050823466,0,0
0.35990974,0,1
0.0065399567,1,0
0.25887978,1,1
0.09637741,1,1
0.0027126542,0,0
0.063437,1,1
0.0002431667,0,0
0.00024019182,0,0
0.009396185,1,0
0.003537484,0,0
0.00038263167,0,0
0.0026238987,0,0
0.2036202,1,1
0.2571815,0,1
0.2212788,1,1
0.00030724058,0,0
0.440175,1,1
0.0002430701,0,0
0.024731223,1,0
0.14192225,1,1
0.0038209197,0,0
0.006519665,1,0
0.003193806,0,0
0.026531646,1,0
0.27308887,1,1
0.17807995,1,1
0.0013027771,1,0
0.17757969,1,1
0.00037586445,0,0
0.25486544,1,1
0.38382122,1,1
0.051853336,1,1
0.39816087,1,1
0.0005521891,0,0
0.00035119508,0,0
0.4281481,1,1
0.0011645085,0,0
0.39901784,1,1
0.0012626408,1,0
0.0005933072,0,0
0.0003755923,0,0
0.35760388,1,1
0.006729054,1,0
0.11040478,1,1
0.0006360466,0,0
0.15410835,1,1
0.0115454905,0,0
0.27209657,1,1
0.9231722,1,1
0.06771929,0,1
0.02634247,0,0
0.0011499805,0,0
0.034980737,0,0
0.087402225,1,1
0.0002475779,0,0
0.0002864684,0,0
0.001755468,0,0
0.0064800177,0,0
0.00025183303,0,0
0.0002623771,0,0
0.38805372,1,1
0.014727009,1,0
0.0030904813,1,0
0.0007532679,0,0
0.006810168,1,0
0.0005185097,0,0
0.0033464483,1,0
0.20858064,1,1
0.22982499,1,1
0.002054849,0,0
0.00052525965,0,0
0.0015831203,0,0
0.00054583745,0,0
0.0065318253,1,0
0.0002461121,0,0
0.036803797,1,0
0.30332592,1,1
0.014481026,0,0
0.22688049,1,1
0.00025419306,0,0
0.14596066,1,1
0.92424744,1,1
0.00046792,0,0
0.00024944817,0,0
0.0003029032,0,0
0.0064095985,0,0
0.025741205,1,0
0.40916997,1,1
0.0009733433,0,0
0.0036993984,0,0
0.00028963957,0,0
0.03501078,0,0
0.0007048898,0,0
0.025129545,1,0
0.30657777,0,1
0.28984106,1,1
0.21903577,1,1
0.00024397208,0,0
0.0002475046,0,0
0.9694552,1,1
0.041197095,1,1
0.0031577817,1,0
0.012145905,0,0
0.0019668664,0,0
0.03201892,1,0
0.015442476,0,0
0.34771925,1,1
0.16429523,0,1
0.00642036,1,0
0.00057697884,0,0
0.0009080413,0,0
0.00086325844,0,0
0.23321334,1,1
0.28365818,1,1
0.11530041,1,1
0.10150196,1,1
0.097183935,1,1
0.0004460072,0,0
0.38860294,1,1
0.007878893,0,0
0.14881437,1,1
0.0029135756,0,0
0.99300665,1,1
0.115792714,1,1
0.41238928,1,1
0.15458247,1,1
0.21594532,1,1
0.12305198,1,1
0.22774912,1,1
0.13055602,1,1
0.0005841957,0,0
0.011324752,1,0
0.00025392664,0,0
0.00030424527,0,0
0.0432104,1,1
0.00029552483,0,0
0.00049807987,0,0
0.15374586,1,1
0.0006331606,0,0
0.2191209,1,1
0.9122678,1,1
0.00027516796,0,0
0.3208491,1,1
0.26874053,1,1
0.3075198,1,1
0.001978905,0,0
0.00030238126,0,0
0.5430244,1,1
0.36643925,1,1
0.00036395047,0,0
0.14176156,1,1
0.1664987,0,1
0.2471994,1,1
0.15144452,1,1
0.16345693,1,1
0.1572152,1,1
0.0006548022,0,0
0.0003472528,0,0
0.0745477,1,1
0.0022734872,0,0
0.17263903,1,1
0.0018656905,0,0
0.36159125,1,1
0.06730086,1,1
0.25661105,1,1
1.057161,1,1
0.1997677,1,1
0.045660354,0,1
0.0010869601,0,0
0.0004823019,0,0
0.00034154532,0,0
0.46179217,1,1
0.43882635,1,1
0.00040519948,0,0
0.30665076,0,1
0.0017728298,1,0
0.15123346,0,1
0.21691634,1,1
0.21764001,1,1
50.117653,1,1
0.00036383574,0,0
0.008193272,0,0
0.11111506,0,1
0.15946878,1,1
0.02538598,1,0
0.00056071836,0,0
0.19563475,0,1
0.24160087,1,1
0.0067759375,1,0
0.0056881206,0,0
0.19567527,1,1
0.00085502333,0,0
0.03780608,0,0
0.15928128,1,1
0.53354526,1,1
0.906734,1,1
0.00023052523,0,0
0.05836655,1,1
0.20437938,1,1
0.005115089,0,0
0.01047118,1,0
3.7797627,0,1
0.25191414,1,1
0.013550644,1,0
0.0008698917,0,0
0.00025322696,0,0
0.24353404,0,1
0.0037172495,0,0
0.00026611533,0,0
0.23296593,1,1
0.042633723,1,1
0.00039657528,0,0
0.0010084376,0,0
0.00038624168,0,0
0.00028946198,0,0
0.0015054563,0,0
0.003726623,0,0
0.00832983,1,0
0.00027509066,0,0
0.008632901,0,0
0.0051822504,0,0
0.37370497,1,1
0.016508676,1,0
0.0005394832,0,0
0.00024248834,0,0
0.0037264773,0,0
0.396546,1,1
0.0009878802,0,0
0.92751825,1,1
0.34770486,1,1
0.73604614,1,1
0.19819877,1,1
0.22975373,1,1
0.23941854,1,1
0.22503467,1,1
0.24234827,1,1
0.00022476082,0,0
0.13105357,0,1
0.025514798,0,0
0.34847817,1,1
0.24363953,1,1
0.00025955602,0,0
0.017460946,0,0
0.09715368,1,1
0.0008681839,0,0
0.001124319,0,0
0.48632264,1,1
0.00024292315,0,0
0.40096796,1,1
0.036116477,0,0
0.0015249518,1,0
0.21737319,1,1
0.2336881,1,1
0.1464721,1,1
0.44613326,1,1
0.006612314,1,0
0.0005641278,0,0
0.21919218,1,1
0.20157875,1,1
0.0003289906,0,0
0.10038398,1,1
0.015339183,1,0
0.28016263,1,1
0.35416093,1,1
0.0005742328,0,0
0.03730703,0,0
0.20061012,1,1
0.005030386,1,0
0.0018719113,0,0
0.078786604,1,1
0.18964958,1,1
0.928529,1,1
0.00088169356,0,0
0.00025931917,0,0
0.00033649974,0,0
0.034275718,0,0
0.1466951,1,1
0.15490061,1,1
0.13148324,1,1
0.037267264,0,0
0.15356196,1,1
0.10089963,1,1
0.0003093066,0,0
0.0046538585,0,0
0.00024913918,0,0
0.02604456,1,0
0.00038457284,0,0
0.43177068,1,1
0.00022349706,0,0
0.02537741,1,0
0.010503247,1,0
0.22440547,1,1
0.00026393644,0,0
0.00024452788,0,0
0.1992258,1,1
0.2253607,1,1
0.15449275,1,1
0.09790453,1,1
0.28165615,1,1
0.00025686226,0,0
0.22498536,1,1
0.03782888,1,0
0.025539078,1,0
0.17929445,1,1
0.0002243843,0,0
0.08035795,1,1
0.00031498924,0,0
0.0014887103,1,0
0.15409274,1,1
0.21319668,1,1
0.37506318,1,1
0.96401215,1,1
0.38615316,1,1
0.07930229,1,1
0.07448893,1,1
0.00035041038,0,0
0.001231063,1,0
0.087215595,1,1
0.18760887,1,1
0.0013583791,0,0
0.24248216,1,1
0.013043598,1,0
0.00026520144,0,0
0.4366965,1,1
0.27996242,1,1
0.15458554,1,1
0.001221356,0,0
0.0005085565,0,0
0.13502412,1,1
0.24708702,1,1
0.23271781,1,1
0.00051462,0,0
0.3475229,1,1
0.10841691,1,1
0.17378263,1,1
0.00036213273,0,0
0.011675579,1,0
0.0055764276,1,0
0.20748056,1,1
0.05140205,1,1
0.0012686201,1,0
0.013242455,1,0
0.15896307,1,1
0.00052888255,0,0
0.2370096,1,1
0.0019931183,0,0
0.15833245,1,1
0.13195473,1,1
0.001231233,1,0
0.00023360287,0,0
0.0014941988,0,0
0.2734327,1,1
0.005122964,0,0
0.054972794,1,1
0.072717145,0,1
0.013793455,0,0
0.00023794264,0,0
0.1622785,1,1
0.15493308,1,1
0.35352835,1,1
0.041771673,1,1
0.0013656603,1,0
0.0040903157,0,0
0.006488204,1,0
0.10925332,1,1
0.00034064933,0,0
0.0057327333,1,0
0.00035677105,0,0
0.0014503922,1,0
0.023534548,1,0
0.00023654921,0,0
0.00037893586,0,0
0.21882732,1,1
0.001772323,1,0
0.15825838,1,1
0.19625528,1,1
0.00030862182,0,0
0.00088618934,0,0
0.007155245,0,0
0.031752706,0,0
0.92206293,1,1
0.00032694705,0,0
1.0822157,1,1
0.2757225,1,1
0.35348406,1,1
0.0004139454,0,0
0.18341358,1,1
0.0012482038,0,0
0.24971148,1,1
0.0004808195,0,0
0.2553083,1,1
0.00029001685,0,0
0.2812538,1,1
0.4583023,1,1
0.00031845307,0,0
0.00029467093,0,0
0.15480313,1,1
0.024421794,1,0
0.14835574,1,1
0.00024370919,0,0
0.16205697,1,1
0.00029457913,0,0
0.00031056968,0,0
0.00021057426,0,0
0.00025985902,0,0
0.0015831195,0,0
0.91031367,1,1
0.00026682173,0,0
0.025450379,1,0
0.000230099,0,0
0.21239239,1,1
0.36200854,1,1
0.0056626396,1,0
0.017409362,0,0
0.003538648,0,0
0.00024293433,0,0
0.09831358,1,1
0.0004769115,0,0
0.10811704,1,1
0.20398498,1,1
0.0003584456,0,0
0.0005920021,0,0
0.38501468,1,1
0.16130869,1,1
0.0066530667,1,0
0.16269675,1,1
0.018949466,0,0
0.07435691,1,1
0.00072266645,0,0
0.3898023,1,1
1.1118946,1,1
0.0002526333,0,0
0.35385776,1,1
0.023606893,1,0
0.000307317,0,0
0.024648266,1,0
0.0013055108,1,0
0.15118234,1,1
0.00022888265,0,0
0.013655632,1,0
0.024537543,1,0
0.00037423504,0,0
0.0055692783,1,0
0.00024722295,0,0
0.00033104734,0,0
0.0017317951,0,0
0.91394585,1,1
0.09692532,1,1
0.0014979265,0,0
0.0003447195,0,0
0.15639558,1,1
0.0003545095,0,0
0.0013966914,0,0
0.09601071,1,1
0.14946894,1,1
0.39929804,1,1
0.04331995,1,1
0.00034097445,0,0
0.0016770496,0,0
0.95546436,1,1
0.20034923,1,1
0.029585464,1,0
0.24613939,1,1
0.009801924,1,0
0.00032129438,0,0
0.25236797,1,1
0.0003463446,0,0
0.0026261243,0,0
0.037400845,0,0
0.46208307,1,1
0.0037554838,0,0
0.8613479,1,1
0.00665954,1,0
0.19189243,1,1
0.07977303,1,1
0.00027351268,0,0
0.00072010246,0,0
0.00026669246,0,0
0.002563761,0,0
0.22569486,1,1
0.021988388,1,0
0.00043231467,0,0
0.40830877,1,1
0.0002694388,0,0
0.0016458414,1,0
0.10665529,0,1
0.12513438,1,1
0.097425565,1,1
0.3632921,1,1
0.018759293,1,0
0.00023387393,0,0
0.007805519,1,0
0.36244467,1,1
0.0002630275,0,0
0.004945623,1,0
0.034562096,1,0
0.0043060947,1,0
0.00034259947,0,0
0.00027504194,0,0
0.006060902,1,0
0.006638322,1,0
0.00036242386,0,0
0.00027587757,0,0
0.23707859,1,1
0.06417934,1,1
0.0073896195,1,0
0.2275988,1,1
0.81903875,1,1
0.042283323,1,1
0.00027066647,0,0
0.012766162,1,0
0.5465513,1,1
0.2081607,1,1
0.0003720987,0,0
0.0028175868,0,0
0.45326144,1,1
0.00031583037,0,0
0.0002568349,0,0
0.12096846,1,1
0.0074099447,1,0
0.3936265,1,1
0.03948371,1,0
0.22912574,1,1
0.0012693515,0,0
0.1635574,1,1
0.93041813,1,1
0.26230076,1,1
0.04502734,1,1
0.90149456,1,1
0.038380668,0,0
0.001721966,0,0
0.004747487,0,0
0.00091143086,0,0
0.00072414614,0,0
0.22013927,1,1
0.00717355,1,0
0.42060977,1,1
0.33623436,1,1
0.23425873,1,1
0.0006226711,0,0
0.0005335872,0,0
0.0017571559,0,0
0.00031740073,0,0
0.00046915625,0,0
0.1785068,1,1
0.19431181,1,1
0.00429653,1,0
0.9492002,1,1
0.00055243657,0,0
0.032898974,1,0
0.37314665,1,1
0.0041509443,0,0
0.0031615878,0,0
0.0004088516,0,0
0.1486386,0,1
0.3662795,1,1
0.0006667596,0,0
0.033914845,0,0
0.9512239,1,1
0.22020257,1,1
0.00044029398,0,0
0.21906322,1,1
0.0018045851,1,0
0.2895576,1,1
0.0066155586,1,0
0.39956972,1,1
0.072006404,1,1
0.076606035,1,1
0.20508566,1,1
0.18247183,1,1
0.32518196,1,1
0.00062791543,0,0
0.3592902,1,1
0.47803172,1,1
0.24045151,1,1
0.00029346082,0,0
0.16558978,1,1
0.0010808804,0,0
0.003573667,0,0
0.28207043,1,1
0.04702726,0,1
0.0018797688,0,0
0.025082247,1,0
0.0018395457,0,0
0.20904337,1,1
0.00025352644,0,0
0.04727509,0,1
0.0038690728,0,0
0.0064203762,1,0
0.17872699,1,1
0.9669307,1,1
0.0003752111,0,0
0.18021522,1,1
0.25146377,1,1
0.16270249,1,1
0.00027096918,0,0
0.17904508,1,1
0.0007692255,0,0
0.0006670958,0,0
0.27473566,1,1
0.2328571,1,1
0.15398818,1,1
0.11065921,1,1
0.017684476,1,0
0.00058943644,0,0
0.49020883,1,1
0.024328927,1,0
0.00032582023,0,0
0.15467171,1,1
0.03689808,0,0
0.45476624,1,1
0.00021951586,0,0
0.0002465319,0,0
0.1621366,1,1
0.13595526,1,1
0.40429977,1,1
0.18816024,1,1
0.35123685,1,1
0.0002444825,0,0
0.0003468543,0,0
0.07660624,1,1
0.006526883,1,0
0.006716787,1,0
0.21699324,1,1
0.0027759087,0,0
0.0031463446,0,0
0.0004238698,0,0
0.010327365,0,0
0.15663849,1,1
0.0061820885,0,0
0.96561897,1,1
0.00042193563,0,0
0.15119824,1,1
0.025388211,1,0
0.036422852,0,0
0.0017805909,0,0
0.012865005,0,0
0.00038072618,0,0
0.19841062,1,1
0.2011744,1,1
0.009429732,0,0
0.37968066,1,1
0.03898623,0,0
0.032502696,1,0
0.4043,1,1
0.0003073145,0,0
0.2920086,1,1
0.139921,1,1
0.01812481,1,0
0.0005165002,0,0
0.001367229,1,0
0.042605937,1,1
0.013771402,1,0
0.008262002,1,0
10.824388,1,1
0.0011972464,0,0
0.00027731073,1,0
0.09871341,1,1
0.11118389,1,1
0.0008925091,0,0
0.00033157622,0,0
0.0007820005,0,0
0.023484722,1,0
0.0003773971,0,0
0.20383047,1,1
0.1432977,1,1
0.0004280102,0,0
0.0066530495,0,0
0.00030940195,0,0
0.007149295,1,0
0.0003528215,0,0
0.17601204,1,1
1.1230406,1,1
0.12735271,1,1
0.00031069948,0,0
0.18247712,1,1
0.0013540417,0,0
0.007703132,1,0
0.35206228,1,1
0.11885092,1,1
0.0033433896,0,0
0.18090256,1,1
0.0044635655,0,0
0.00024306004,0,0
0.00029121427,0,0
0.42847842,1,1
0.005017159,0,0
0.37059367,1,1
0.22508211,1,1
0.00035105515,0,0
0.00059588416,0,0
0.14718746,1,1
0.0010290954,0,0
0.014697093,1,0
0.002210498,0,0
0.000516591,0,0
0.00080749876,0,0
0.354876,1,1
0.0010482405,0,0
0.0014397337,1,0
0.00032846298,0,0
0.2534229,1,1
0.005697217,0,0
0.0006001174,0,0
0.13650839,1,1
0.0005303289,0,0
0.23944159,1,1
0.18318143,1,1
0.0675143,1,1
0.0002745338,0,0
0.12444301,1,1
0.15421696,1,1
0.20577654,1,1
0.0017324241,1,0
0.0034667365,0,0
0.16920584,1,1
0.000983983,0,0
0.0005802649,0,0
0.012393355,1,0
0.000288025,0,0
0.0062198485,0,0
0.008748562,1,0
0.00042019776,0,0
0.00022204443,0,0
0.26899564,0,1
0.0004410829,0,0
0.0063693444,0,0
0.5837394,1,1
0.01485368,1,0
0.17642012,1,1
0.00040844214,0,0
0.16239323,1,1
0.015071145,0,0
0.25123847,1,1
0.3773499,1,1
0.0002663404,0,0
0.00025233623,0,0
0.2462487,1,1
0.123510055,0,1
0.0014154266,0,0
0.25962266,1,1
0.27399972,1,1
0.0032794792,0,0
0.15863045,1,1
0.9349737,1,1
0.20304933,1,1
0.00036810487,0,0
0.26869896,1,1
0.0016415081,1,0
0.0018665843,0,0
0.16130896,1,1
0.110161535,1,1
0.18719923,1,1
0.43572018,1,1
0.3461521,1,1
0.0005664319,0,0
0.236481,1,1
0.23028481,1,1
0.00029105425,0,0
0.02826561,1,0
0.14399797,1,1
0.037400898,0,0
0.08281608,1,1
0.0016704319,0,0
0.14369093,1,1
0.014853661,1,0
0.0009967616,0,0
0.12973434,1,1
0.0067173187,1,0
0.0002844674,0,0
0.00022823986,0,0
0.1083498,1,1
0.0018245792,0,0
0.0024844115,1,0
0.24280046,1,1
0.572746,1,1
0.0996492,1,1
0.25025463,1,1
0.04209901,1,1
0.014569329,1,0
0.006526893,1,0
0.00024961654,0,0
0.0011001674,0,0
0.00055789464,0,0
0.29500017,1,1
0.45251107,1,1
0.12613235,1,1
0.00026558994,0,0
0.0016699047,0,0
0.0056546773,1,0
0.25973016,1,1
0.037832998,1,0
0.028777072,1,0
0.012642246,1,0
0.28792435,1,1
0.18890977,1,1
0.00046749276,0,0
0.00027244812,0,0
0.28405523,1,1
0.44688994,1,1
0.03559308,1,0
0.17242922,1,1
0.00085897325,0,0
0.6704312,1,1
0.0002783655,0,0
0.3642394,1,1
0.0010154734,0,0
0.22862495,1,1
0.5818897,1,1
0.024510264,1,0
0.43804666,1,1
0.14107813,1,1
0.36842573,1,1
0.0066862446,1,0
0.17325501,1,1
0.0003187416,0,0
0.0005019003,0,0
0.00029855222,0,0
0.006396164,1,0
0.0020393608,0,0
0.035479665,1,0
0.0064958823,1,0
0.0018922427,0,0
0.00025346823,0,0
0.0003757378,0,0
0.01278049,1,0
0.006578334,1,0
0.022743328,1,0
0.12733674,1,1
0.006686223,1,0
0.00042590348,0,0
83.18624,1,1
0.2403375,1,1
0.00030668892,0,0
0.15002142,1,1
0.37045607,1,1
0.039311897,0,0
0.00024872963,0,0
0.0064767823,0,0
0.00028945386,0,0
1.6145016,1,1
0.005021361,1,0
0.0014532666,1,0
0.22883403,1,1
0.11679475,1,1
0.00026453848,0,0
0.3694277,1,1
0.00024234428,0,0
0.0033020994,0,0
0.036135085,0,0
0.024022378,0,0
0.31421626,1,1
0.00036169015,0,0
0.0059433957,1,0
0.0017336581,1,0
0.20708998,1,1
0.22207761,1,1
0.112387225,1,1
0.00057497335,0,0
0.00029153266,0,0
0.00060466665,0,0
0.02584529,1,0
0.2191128,1,1
0.19554237,1,1
0.0006305386,0,0
0.11908106,1,1
0.00026674056,0,0
3.7412035,0,1
0.041536734,1,1
0.024468457,1,0
0.00080624694,0,0
0.3687103,1,1
0.0020908755,0,0
0.00025042787,0,0
0.24410173,1,1
0.03730703,0,0
0.00034688623,0,0
0.025862465,0,0
0.006531806,0,0
0.0020177949,0,0
0.0022358361,0,0
0.00267575,0,0
0.00022448001,0,0
0.15569735,1,1
0.1700095,1,1
0.8790504,1,1
0.38804308,1,1
0.024700778,1,0
0.18497486,1,1
0.0059876624,0,0
0.006175802,1,0
0.49770275,1,1
0.0062818904,1,0
0.19281548,1,1
0.46877,1,1
0.21003158,1,1
0.8720975,1,1
0.00032490952,0,0
0.15751602,1,1
0.00025396465,0,0
0.16790456,1,1
0.010789789,1,0
0.00024302001,0,0
0.8488084,1,1
0.16776091,1,1
0.038380615,0,0
0.00079062884,0,0
0.00044614935,0,0
0.21456872,1,1
0.0017447472,0,0
0.0036423705,0,0
0.2218855,0,1
0.0002895732,0,0
0.00029515952,0,0
0.19563773,1,1
0.017517418,1,0
0.0122123575,1,0
0.0138724465,1,0
0.1567968,1,1
0.025040708,1,0
0.1604552,0,1
0.0053707818,1,0
0.05793143,1,1
0.0008179431,0,0
0.09934436,1,1
0.061001517,1,1
0.00022763811,0,0
0.057602696,1,1
0.00031395603,0,0
0.0003072205,0,0
0.0003255215,0,0
0.07577994,1,1
0.14852653,1,1
0.00027501464,0,0
0.00026685192,0,0
0.39269042,1,1
0.13983151,1,1
0.36419675,1,1
0.00030701916,0,0
0.1625123,1,1
0.39758325,1,1
0.0003203643,0,0
0.922562,1,1
0.024977995,1,0
0.00043068422,0,0
3.723623,0,1
0.00031716825,0,0
0.19555718,0,1
0.0006732387,0,0
0.14210896,1,1
0.00035626892,0,0
0.2275896,1,1
0.26828524,1,1
0.0002578394,0,0
0.00047428752,0,0
0.14728306,1,1
0.23456088,1,1
0.15907978,1,1
0.17808397,1,1
0.8203455,1,1
0.046889696,1,1
0.0004080892,0,0
0.6747262,1,1
0.0013663104,1,0
0.23806092,1,1
0.0064979647,1,0
0.006702651,0,0
0.38114458,1,1
0.0075686816,0,0
0.03780611,0,0
0.3804412,1,1
0.00021796128,0,0
0.00025024795,0,0
0.38083243,1,1
0.00044073927,0,0
0.00024547102,0,0
0.22263904,1,1
0.2174924,1,1
0.24376325,0,1
0.15221003,1,1
0.29922682,1,1
0.24196781,1,1
0.23850334,1,1
0.00033577907,0,0
0.0011366395,0,0
0.17474829,1,1
0.00024611238,0,0
0.00025748395,0,0
0.58149976,1,1
0.0033320433,0,0
0.00050882495,0,0
0.040278774,1,0
0.4775762,1,1
0.079011,0,1
0.003499051,1,0
0.0004881536,0,0
0.00025401046,0,0
0.0005637677,0,0
0.00093682174,0,0
0.00053111627,0,0
0.00030125247,0,0
0.05170962,1,1
0.2059157,1,1
0.015915155,1,0
0.49048504,1,1
0.00035842936,0,0
0.00033016145,0,0
0.0013217647,1,0
0.16673112,1,1
0.060131412,0,1
0.0012476845,0,0
0.03838064,0,0
0.0010728036,0,0
0.008035774,1,0
0.0011255995,0,0
0.016390385,1,0
0.0018568978,0,0
0.2510296,1,1
0.22069003,1,1
0.0009333634,0,0
0.17886974,1,1
0.06607129,1,1
0.1637964,1,1
0.0051200544,0,0
0.00076426973,0,0
0.0007921498,0,0
0.0031440763,0,0
0.1184767,1,1
3.7222328,1,1
0.2976077,1,1
0.29927534,1,1
0.0006550562,0,0
0.2849329,1,1
0.00022716922,0,0
0.00024508062,0,0
0.214442,1,1
0.37804425,1,1
0.00030009428,0,0
0.24668176,1,1
0.39028051,1,1
0.00042836549,0,0
0.30557358,1,1
0.414454,1,1
0.00030200442,0,0
0.0015505374,0,0
0.00029943886,0,0
0.44561264,1,1
0.0002525486,0,0
0.00030708886,0,0
0.000343467,0,0
0.000325283,0,0
0.7894042,1,1
0.42116025,1,1
0.00022273483,0,0
0.045027368,1,1
0.16075943,1,1
0.013480378,1,0
0.121644564,1,1
0.0014342493,0,0
0.00827109,1,0
0.010559544,0,0
0.00028593492,0,0
0.01124001,1,0
0.18053374,1,1
0.0003568593,0,0
0.35365894,1,1
0.2269193,1,1
0.16218781,1,1
0.00041331173,0,0
0.20969388,1,1
0.0029292335,1,0
0.22664124,1,1
0.798746,1,1
0.79543614,1,1
0.26308018,1,1
0.0093782125,0,0
0.00136233,0,0
0.0035693606,0,0
0.15299606,1,1
0.0262109,1,0
0.0003201419,0,0
0.51899564,1,1
0.13568915,1,1
0.019825527,0,0
0.18700771,1,1
0.0006858224,0,0
0.054120563,1,1
0.0005304131,0,0
0.16505651,1,1
0.15015325,1,1
0.010105005,1,0
0.025247373,1,0
0.00080199423,0,0
0.004117571,1,0
0.20255765,1,1
0.00044129562,0,0
0.00054669246,0,0
0.007849233,1,0
0.0019011229,0,0
0.32671836,1,1
0.50711054,1,1
0.0003066442,0,0
0.00060439046,0,0
0.23089401,1,1
0.00043369108,0,0
0.11093525,1,1
0.012744507,1,0
0.00852935,1,0
0.000863019,0,0
0.00029658724,0,0
0.025701404,1,0
0.0009196624,0,0
0.14994396,1,1
