Model,ROC_AUC,PR_AUC,Precision@10%,Accuracy,F1_Score,Threshold
Autoencoder,0.9597024787014075,0.9509382454667858,0.9627329192546584,0.8402235628105039,0.8421006487813432,0.041670218
