ROC_AUC,PR_AUC,Precision@10%,Accuracy,F1_Score
0.9554650428829092,0.9450135970947737,0.9639762881896945,0.8534694994073129,0.8550162396246842
