Model,ROC_AUC,PR_AUC,Precision@10%,Accuracy,F1_Score,Threshold
LSTM_Autoencoder,0.9448239353034152,0.9297495781875347,0.9648722627737226,0.8719726339794754,0.8811952427307741,0.10311979
