ROC_AUC,PR_AUC,Precision@10%,Accuracy,F1_Score
0.9492343764387647,0.9371679539927263,0.9625912408759124,0.8392246294184721,0.845645224854403
