Model,ROC_AUC,PR_AUC,Precision@10%,Accuracy,F1_Score,Threshold
LSTM_Autoencoder,0.9400625576025505,0.9220099330610078,0.9644917887261429,0.8674950077656978,0.8780826392291361,0.10013105
