Model,ROC_AUC,PR_AUC,Precision@10%,Accuracy,F1_Score,Threshold
VAE,0.9291731281395752,0.931329071209514,0.9621523027815777,0.8160846174888301,0.8110538641686182,0.19007285
